amostra,plantula_id,pos_x,pos_y,status,comp_mat_poda_px,comp_zhang_suen_px,comp_lee_px,comp_mat_puro_px,ramif_mat_poda,ramif_zhang_suen,ramif_lee,ramif_mat_puro
C10-R10_jpg.rf.2b60af9ef91cf8b6498373f3b6e37f9b.png,1,416.1,85.8,Sem Raiz,38.35,36.0,34.0,39.0,0,0,0,3
C10-R10_jpg.rf.2b60af9ef91cf8b6498373f3b6e37f9b.png,2,75.6,128.7,Normal,121.75,114.0,110.0,125.0,0,0,0,5
C10-R10_jpg.rf.2b60af9ef91cf8b6498373f3b6e37f9b.png,3,129.8,158.9,Normal,166.32,161.0,150.0,163.0,0,0,0,0
C10-R10_jpg.rf.2b60af9ef91cf8b6498373f3b6e37f9b.png,4,180.6,145.8,Normal,137.75,131.0,127.0,136.0,0,0,0,6
C10-R10_jpg.rf.2b60af9ef91cf8b6498373f3b6e37f9b.png,5,242.0,136.7,Normal,153.65,139.0,134.0,146.0,0,0,0,1
C10-R10_jpg.rf.2b60af9ef91cf8b6498373f3b6e37f9b.png,6,311.2,162.8,Normal,100.22,99.0,91.0,106.0,1,5,0,5
C10-R10_jpg.rf.2b60af9ef91cf8b6498373f3b6e37f9b.png,7,381.8,141.4,Normal,118.88,118.0,114.0,123.0,0,3,0,2
C10-R10_jpg.rf.2b60af9ef91cf8b6498373f3b6e37f9b.png,8,418.5,144.9,Sem Hipocótilo,79.24,77.0,75.0,77.0,0,0,0,0
C10-R10_jpg.rf.2b60af9ef91cf8b6498373f3b6e37f9b.png,9,463.8,123.5,Normal,136.71,124.0,120.0,130.0,0,0,0,0
C10-R10_jpg.rf.2b60af9ef91cf8b6498373f3b6e37f9b.png,10,522.8,130.4,Normal,128.2,121.0,112.0,128.0,0,4,0,5
C10-R10_jpg.rf.2b60af9ef91cf8b6498373f3b6e37f9b.png,11,98.1,218.1,Normal,103.8,123.0,120.0,131.0,0,7,4,8
C10-R10_jpg.rf.2b60af9ef91cf8b6498373f3b6e37f9b.png,12,164.3,219.3,Normal,125.42,120.0,115.0,126.0,0,0,0,2
C10-R10_jpg.rf.2b60af9ef91cf8b6498373f3b6e37f9b.png,13,205.5,219.2,Normal,148.18,141.0,136.0,146.0,0,0,0,5
C10-R10_jpg.rf.2b60af9ef91cf8b6498373f3b6e37f9b.png,14,235.9,275.6,Normal,135.37,124.0,118.0,125.0,0,0,0,0
C10-R10_jpg.rf.2b60af9ef91cf8b6498373f3b6e37f9b.png,15,276.6,214.8,Normal,115.29,111.0,105.0,118.0,0,0,0,4
C10-R10_jpg.rf.2b60af9ef91cf8b6498373f3b6e37f9b.png,16,302.4,271.5,Normal,54.63,51.0,48.0,61.0,0,0,0,2
C10-R10_jpg.rf.2b60af9ef91cf8b6498373f3b6e37f9b.png,17,333.5,210.6,Sem Raiz,30.41,29.0,26.0,30.0,0,0,0,0
C10-R10_jpg.rf.2b60af9ef91cf8b6498373f3b6e37f9b.png,18,373.5,267.9,Normal,88.91,95.0,88.0,103.0,0,3,0,7
C10-R10_jpg.rf.2b60af9ef91cf8b6498373f3b6e37f9b.png,19,398.8,275.1,Normal,133.13,126.0,124.0,131.0,0,0,0,1
C10-R10_jpg.rf.2b60af9ef91cf8b6498373f3b6e37f9b.png,20,445.2,251.4,Normal,89.3,91.0,85.0,97.0,1,1,1,4
C10-R10_jpg.rf.2b60af9ef91cf8b6498373f3b6e37f9b.png,21,510.6,206.0,Normal,103.31,95.0,89.0,102.0,0,0,0,5
C10-R10_jpg.rf.2b60af9ef91cf8b6498373f3b6e37f9b.png,22,554.2,277.5,Normal,161.74,160.0,155.0,167.0,0,3,0,6
C10-R10_jpg.rf.2b60af9ef91cf8b6498373f3b6e37f9b.png,23,84.2,305.7,Sem Raiz,31.51,27.0,24.0,32.0,0,0,0,4
C10-R10_jpg.rf.2b60af9ef91cf8b6498373f3b6e37f9b.png,24,138.8,356.3,Normal,133.17,125.0,120.0,129.0,0,0,0,3
C10-R10_jpg.rf.2b60af9ef91cf8b6498373f3b6e37f9b.png,25,184.0,338.7,Normal,105.98,100.0,99.0,108.0,0,0,0,6
C10-R10_jpg.rf.2b60af9ef91cf8b6498373f3b6e37f9b.png,26,328.9,309.9,Normal,117.54,109.0,111.0,116.0,0,0,0,1
C10-R10_jpg.rf.2b60af9ef91cf8b6498373f3b6e37f9b.png,27,425.4,331.2,Normal,64.24,57.0,55.0,62.0,0,0,0,2
C10-R10_jpg.rf.2b60af9ef91cf8b6498373f3b6e37f9b.png,28,469.4,323.8,Normal,113.52,106.0,103.0,114.0,0,0,0,7
C10-R10_jpg.rf.2b60af9ef91cf8b6498373f3b6e37f9b.png,29,513.9,286.2,Sem Raiz,25.81,28.0,19.0,29.0,1,1,0,3
C10-R10_jpg.rf.2b60af9ef91cf8b6498373f3b6e37f9b.png,30,523.5,357.6,Sem Hipocótilo,84.74,80.0,78.0,81.0,0,0,0,0
C10-R10_jpg.rf.2b60af9ef91cf8b6498373f3b6e37f9b.png,31,84.1,382.3,Sem Hipocótilo,100.24,94.0,94.0,94.0,0,0,0,0
C10-R10_jpg.rf.2b60af9ef91cf8b6498373f3b6e37f9b.png,32,122.8,419.0,Normal,184.73,167.0,163.0,168.0,0,0,0,1
C10-R10_jpg.rf.2b60af9ef91cf8b6498373f3b6e37f9b.png,33,222.9,381.8,Normal,161.22,150.0,146.0,153.0,0,0,0,1
C10-R10_jpg.rf.2b60af9ef91cf8b6498373f3b6e37f9b.png,34,269.4,413.3,Normal,141.81,133.0,129.0,140.0,0,0,0,7
C10-R10_jpg.rf.2b60af9ef91cf8b6498373f3b6e37f9b.png,35,337.4,409.8,Normal,68.66,62.0,58.0,69.0,0,0,0,6
C10-R10_jpg.rf.2b60af9ef91cf8b6498373f3b6e37f9b.png,36,368.3,419.3,Normal,116.02,111.0,106.0,117.0,0,0,0,2
C10-R10_jpg.rf.2b60af9ef91cf8b6498373f3b6e37f9b.png,37,494.4,439.4,Normal,111.18,98.0,93.0,104.0,0,0,0,2
C10-R10_jpg.rf.2b60af9ef91cf8b6498373f3b6e37f9b.png,38,564.6,434.2,Normal,42.89,40.0,38.0,47.0,0,7,3,2
C10-R10_jpg.rf.2b60af9ef91cf8b6498373f3b6e37f9b.png,39,61.4,482.8,Normal,196.71,187.0,185.0,195.0,0,0,0,4
C10-R10_jpg.rf.2b60af9ef91cf8b6498373f3b6e37f9b.png,40,170.5,471.0,Normal,174.45,165.0,154.0,165.0,0,0,0,0
C10-R10_jpg.rf.2b60af9ef91cf8b6498373f3b6e37f9b.png,41,199.7,506.9,Normal,114.88,127.0,121.0,133.0,0,13,5,16
C10-R10_jpg.rf.2b60af9ef91cf8b6498373f3b6e37f9b.png,42,262.6,517.6,Normal,53.62,53.0,44.0,67.0,4,7,0,11
C10-R10_jpg.rf.2b60af9ef91cf8b6498373f3b6e37f9b.png,43,298.7,448.6,Normal,187.75,176.0,172.0,182.0,0,0,0,4
C10-R10_jpg.rf.2b60af9ef91cf8b6498373f3b6e37f9b.png,44,409.6,464.5,Normal,169.63,157.0,155.0,165.0,0,0,0,4
C10-R10_jpg.rf.2b60af9ef91cf8b6498373f3b6e37f9b.png,45,456.5,482.9,Normal,167.32,166.0,152.0,175.0,1,5,0,6
C10-R10_jpg.rf.2b60af9ef91cf8b6498373f3b6e37f9b.png,46,544.3,509.2,Normal,112.41,126.0,116.0,129.0,4,15,3,7
C10-R10_jpg.rf.2b60af9ef91cf8b6498373f3b6e37f9b.png,47,103.8,525.9,Normal,120.44,111.0,105.0,118.0,0,1,0,5
C10-R10_jpg.rf.2b60af9ef91cf8b6498373f3b6e37f9b.png,48,143.8,526.5,Normal,91.99,82.0,77.0,93.0,0,0,0,4
C10-R10_jpg.rf.2b60af9ef91cf8b6498373f3b6e37f9b.png,49,242.7,535.6,Normal,133.99,121.0,116.0,124.0,0,0,0,2
C10-R10_jpg.rf.2b60af9ef91cf8b6498373f3b6e37f9b.png,50,339.9,531.4,Normal,166.94,158.0,154.0,163.0,0,1,0,4
C10-R10_jpg.rf.2b60af9ef91cf8b6498373f3b6e37f9b.png,51,376.0,538.9,Normal,132.79,136.0,138.0,145.0,0,5,3,5
C10-R10_jpg.rf.2b60af9ef91cf8b6498373f3b6e37f9b.png,52,506.9,544.6,Normal,84.33,79.0,74.0,81.0,0,0,0,1
C10-R1_jpg.rf.af80aabb40f12f0cf4bdbea27dc18f1e.png,1,132.7,120.4,Normal,80.64,75.0,68.0,85.0,0,3,0,2
C10-R1_jpg.rf.af80aabb40f12f0cf4bdbea27dc18f1e.png,2,168.3,134.1,Normal,101.7,125.0,120.0,130.0,0,11,6,11
C10-R1_jpg.rf.af80aabb40f12f0cf4bdbea27dc18f1e.png,3,191.3,134.2,Normal,132.82,126.0,121.0,130.0,0,0,0,2
C10-R1_jpg.rf.af80aabb40f12f0cf4bdbea27dc18f1e.png,4,239.4,137.4,Normal,97.36,93.0,88.0,100.0,0,0,0,4
C10-R1_jpg.rf.af80aabb40f12f0cf4bdbea27dc18f1e.png,5,291.3,156.4,Normal,110.88,111.0,107.0,119.0,0,5,3,10
C10-R1_jpg.rf.af80aabb40f12f0cf4bdbea27dc18f1e.png,6,316.4,127.1,Normal,74.66,66.0,61.0,74.0,0,0,0,1
C10-R1_jpg.rf.af80aabb40f12f0cf4bdbea27dc18f1e.png,7,362.6,159.7,Normal,86.71,84.0,79.0,87.0,0,0,0,1
C10-R1_jpg.rf.af80aabb40f12f0cf4bdbea27dc18f1e.png,8,402.2,165.6,Normal,132.51,129.0,121.0,135.0,0,0,0,6
C10-R1_jpg.rf.af80aabb40f12f0cf4bdbea27dc18f1e.png,9,447.0,148.4,Normal,109.06,106.0,101.0,114.0,0,0,0,6
C10-R1_jpg.rf.af80aabb40f12f0cf4bdbea27dc18f1e.png,10,492.3,144.0,Normal,102.41,107.0,97.0,112.0,4,8,1,3
C10-R1_jpg.rf.af80aabb40f12f0cf4bdbea27dc18f1e.png,11,528.6,133.4,Normal,68.9,65.0,61.0,66.0,0,0,0,0
C10-R1_jpg.rf.af80aabb40f12f0cf4bdbea27dc18f1e.png,12,104.5,260.0,Normal,164.51,154.0,149.0,158.0,0,0,0,3
C10-R1_jpg.rf.af80aabb40f12f0cf4bdbea27dc18f1e.png,13,144.7,256.2,Sem Hipocótilo,37.72,34.0,33.0,36.0,0,0,0,1
C10-R1_jpg.rf.af80aabb40f12f0cf4bdbea27dc18f1e.png,14,160.5,219.6,Sem Raiz,36.08,33.0,30.0,33.0,0,0,0,0
C10-R1_jpg.rf.af80aabb40f12f0cf4bdbea27dc18f1e.png,15,191.3,255.1,Normal,115.91,106.0,100.0,111.0,0,0,0,2
C10-R1_jpg.rf.af80aabb40f12f0cf4bdbea27dc18f1e.png,16,238.8,260.0,Normal,117.02,124.0,115.0,128.0,1,1,1,1
C10-R1_jpg.rf.af80aabb40f12f0cf4bdbea27dc18f1e.png,17,272.6,258.3,Normal,132.88,123.0,114.0,128.0,0,0,0,4
C10-R1_jpg.rf.af80aabb40f12f0cf4bdbea27dc18f1e.png,18,322.4,258.3,Normal,99.22,97.0,94.0,106.0,0,0,0,7
C10-R1_jpg.rf.af80aabb40f12f0cf4bdbea27dc18f1e.png,19,364.1,235.4,Normal,53.46,46.0,41.0,52.0,0,0,0,1
C10-R1_jpg.rf.af80aabb40f12f0cf4bdbea27dc18f1e.png,20,428.5,261.5,Normal,111.77,106.0,100.0,111.0,0,0,0,4
C10-R1_jpg.rf.af80aabb40f12f0cf4bdbea27dc18f1e.png,21,472.5,261.5,Normal,62.41,82.0,78.0,92.0,4,10,8,18
C10-R1_jpg.rf.af80aabb40f12f0cf4bdbea27dc18f1e.png,22,542.1,262.8,Normal,128.5,124.0,119.0,128.0,0,0,0,4
C10-R1_jpg.rf.af80aabb40f12f0cf4bdbea27dc18f1e.png,23,579.6,230.0,Normal,94.16,92.0,89.0,100.0,3,3,0,7
C10-R1_jpg.rf.af80aabb40f12f0cf4bdbea27dc18f1e.png,24,303.7,331.5,Normal,121.33,116.0,109.0,122.0,0,0,0,6
C10-R1_jpg.rf.af80aabb40f12f0cf4bdbea27dc18f1e.png,25,347.7,334.3,Normal,110.15,103.0,100.0,108.0,0,0,0,2
C10-R1_jpg.rf.af80aabb40f12f0cf4bdbea27dc18f1e.png,26,405.9,317.1,Normal,127.61,124.0,120.0,135.0,0,0,0,10
C10-R1_jpg.rf.af80aabb40f12f0cf4bdbea27dc18f1e.png,27,515.5,311.3,Normal,124.55,119.0,113.0,123.0,0,3,0,4
C10-R1_jpg.rf.af80aabb40f12f0cf4bdbea27dc18f1e.png,28,133.6,364.4,Normal,132.97,124.0,118.0,133.0,0,0,0,4
C10-R1_jpg.rf.af80aabb40f12f0cf4bdbea27dc18f1e.png,29,164.7,361.6,Normal,139.3,128.0,121.0,130.0,0,0,0,2
C10-R1_jpg.rf.af80aabb40f12f0cf4bdbea27dc18f1e.png,30,201.2,367.8,Normal,97.06,96.0,90.0,101.0,0,1,0,2
C10-R1_jpg.rf.af80aabb40f12f0cf4bdbea27dc18f1e.png,31,241.6,402.1,Normal,117.03,112.0,107.0,118.0,0,0,0,0
C10-R1_jpg.rf.af80aabb40f12f0cf4bdbea27dc18f1e.png,32,319.0,417.0,Normal,149.08,134.0,130.0,140.0,0,0,0,4
C10-R1_jpg.rf.af80aabb40f12f0cf4bdbea27dc18f1e.png,33,377.8,361.4,Normal,76.76,73.0,64.0,77.0,0,0,0,2
C10-R1_jpg.rf.af80aabb40f12f0cf4bdbea27dc18f1e.png,34,448.8,373.6,Normal,144.86,135.0,134.0,142.0,0,0,0,2
C10-R1_jpg.rf.af80aabb40f12f0cf4bdbea27dc18f1e.png,35,479.1,382.8,Normal,155.41,145.0,136.0,151.0,0,0,0,2
C10-R1_jpg.rf.af80aabb40f12f0cf4bdbea27dc18f1e.png,36,565.0,401.7,Normal,127.32,121.0,118.0,129.0,0,0,0,7
C10-R1_jpg.rf.af80aabb40f12f0cf4bdbea27dc18f1e.png,37,110.3,465.4,Normal,130.89,118.0,114.0,131.0,0,3,0,13
C10-R1_jpg.rf.af80aabb40f12f0cf4bdbea27dc18f1e.png,38,184.6,495.1,Normal,125.72,119.0,113.0,123.0,0,0,0,3
C10-R1_jpg.rf.af80aabb40f12f0cf4bdbea27dc18f1e.png,39,222.4,492.0,Normal,133.12,132.0,125.0,135.0,0,5,3,4
C10-R1_jpg.rf.af80aabb40f12f0cf4bdbea27dc18f1e.png,40,262.4,485.0,Sem Hipocótilo,44.89,51.0,47.0,56.0,0,0,0,4
C10-R1_jpg.rf.af80aabb40f12f0cf4bdbea27dc18f1e.png,41,287.9,440.3,Normal,144.34,139.0,137.0,145.0,0,0,0,4
C10-R1_jpg.rf.af80aabb40f12f0cf4bdbea27dc18f1e.png,42,350.6,453.1,Sem Raiz,10.44,18.0,14.0,21.0,2,4,1,3
C10-R1_jpg.rf.af80aabb40f12f0cf4bdbea27dc18f1e.png,43,389.3,504.2,Normal,142.67,125.0,116.0,132.0,0,0,0,3
C10-R1_jpg.rf.af80aabb40f12f0cf4bdbea27dc18f1e.png,44,420.6,453.0,Normal,118.37,109.0,103.0,117.0,0,0,0,5
C10-R1_jpg.rf.af80aabb40f12f0cf4bdbea27dc18f1e.png,45,504.2,513.8,Normal,143.15,136.0,125.0,137.0,0,4,0,2
C10-R1_jpg.rf.af80aabb40f12f0cf4bdbea27dc18f1e.png,46,537.5,451.2,Normal,132.52,123.0,118.0,133.0,0,0,0,7
C10-R1_jpg.rf.af80aabb40f12f0cf4bdbea27dc18f1e.png,47,142.2,528.6,Normal,96.26,95.0,88.0,103.0,0,0,0,9
C10-R1_jpg.rf.af80aabb40f12f0cf4bdbea27dc18f1e.png,48,309.2,556.6,Normal,70.31,74.0,69.0,79.0,0,1,0,3
C10-R1_jpg.rf.af80aabb40f12f0cf4bdbea27dc18f1e.png,49,351.9,525.1,Sem Hipocótilo,89.81,86.0,83.0,87.0,0,0,0,0
C10-R1_jpg.rf.af80aabb40f12f0cf4bdbea27dc18f1e.png,50,435.4,535.2,Normal,119.45,114.0,108.0,118.0,0,0,0,3
C10-R1_jpg.rf.af80aabb40f12f0cf4bdbea27dc18f1e.png,51,468.3,525.7,Normal,141.44,131.0,125.0,137.0,0,0,0,6
C10-R1_jpg.rf.af80aabb40f12f0cf4bdbea27dc18f1e.png,52,564.4,540.6,Normal,138.48,124.0,120.0,129.0,0,0,0,2
C10-R2_jpg.rf.d0d8d58a5a0f1276f9792694c4ca3db7.png,1,266.0,99.5,Sem Raiz,15.92,19.0,16.0,20.0,1,1,0,0
C10-R2_jpg.rf.d0d8d58a5a0f1276f9792694c4ca3db7.png,2,114.2,140.6,Normal,91.9,87.0,76.0,94.0,3,3,0,6
C10-R2_jpg.rf.d0d8d58a5a0f1276f9792694c4ca3db7.png,3,177.1,121.9,Normal,108.01,102.0,97.0,105.0,0,0,0,2
C10-R2_jpg.rf.d0d8d58a5a0f1276f9792694c4ca3db7.png,4,200.0,180.0,Sem Raiz,13.32,12.0,9.0,15.0,0,0,0,1
C10-R2_jpg.rf.d0d8d58a5a0f1276f9792694c4ca3db7.png,5,234.4,140.9,Normal,117.64,111.0,109.0,113.0,0,0,0,1
C10-R2_jpg.rf.d0d8d58a5a0f1276f9792694c4ca3db7.png,6,272.4,152.4,Sem Hipocótilo,68.39,68.0,65.0,71.0,0,0,0,3
C10-R2_jpg.rf.d0d8d58a5a0f1276f9792694c4ca3db7.png,7,314.2,173.5,Normal,156.23,150.0,146.0,157.0,0,0,0,3
C10-R2_jpg.rf.d0d8d58a5a0f1276f9792694c4ca3db7.png,8,359.2,164.5,Normal,114.57,104.0,98.0,109.0,0,0,0,2
C10-R2_jpg.rf.d0d8d58a5a0f1276f9792694c4ca3db7.png,9,382.1,175.9,Sem Hipocótilo,71.6,68.0,66.0,71.0,0,0,0,3
C10-R2_jpg.rf.d0d8d58a5a0f1276f9792694c4ca3db7.png,10,394.9,126.4,Sem Raiz,33.6,30.0,26.0,34.0,0,0,0,1
C10-R2_jpg.rf.d0d8d58a5a0f1276f9792694c4ca3db7.png,11,431.0,126.3,Normal,84.79,83.0,76.0,88.0,0,0,0,2
C10-R2_jpg.rf.d0d8d58a5a0f1276f9792694c4ca3db7.png,12,476.3,126.8,Normal,149.73,139.0,133.0,146.0,0,0,0,9
C10-R2_jpg.rf.d0d8d58a5a0f1276f9792694c4ca3db7.png,13,537.6,125.4,Normal,98.12,94.0,91.0,96.0,0,0,0,3
C10-R2_jpg.rf.d0d8d58a5a0f1276f9792694c4ca3db7.png,14,84.2,268.8,Normal,112.23,106.0,106.0,111.0,0,0,0,0
C10-R2_jpg.rf.d0d8d58a5a0f1276f9792694c4ca3db7.png,15,146.9,232.0,Normal,94.36,79.0,76.0,85.0,0,0,0,2
C10-R2_jpg.rf.d0d8d58a5a0f1276f9792694c4ca3db7.png,16,202.5,223.8,Sem Hipocótilo,67.34,66.0,62.0,66.0,0,0,0,0
C10-R2_jpg.rf.d0d8d58a5a0f1276f9792694c4ca3db7.png,17,242.3,219.4,Normal,126.41,117.0,116.0,122.0,0,0,0,3
C10-R2_jpg.rf.d0d8d58a5a0f1276f9792694c4ca3db7.png,18,288.0,235.6,Normal,86.88,105.0,96.0,107.0,4,23,6,8
C10-R2_jpg.rf.d0d8d58a5a0f1276f9792694c4ca3db7.png,19,334.3,260.6,Normal,140.89,136.0,133.0,139.0,0,0,0,1
C10-R2_jpg.rf.d0d8d58a5a0f1276f9792694c4ca3db7.png,20,405.0,239.4,Normal,135.0,128.0,116.0,131.0,4,6,0,4
C10-R2_jpg.rf.d0d8d58a5a0f1276f9792694c4ca3db7.png,21,444.4,230.9,Normal,127.41,112.0,112.0,119.0,0,0,0,4
C10-R2_jpg.rf.d0d8d58a5a0f1276f9792694c4ca3db7.png,22,515.7,235.3,Normal,109.98,103.0,102.0,106.0,0,0,0,0
C10-R2_jpg.rf.d0d8d58a5a0f1276f9792694c4ca3db7.png,23,553.3,238.4,Normal,131.62,125.0,119.0,131.0,0,0,0,6
C10-R2_jpg.rf.d0d8d58a5a0f1276f9792694c4ca3db7.png,24,113.0,360.0,Normal,143.93,141.0,128.0,142.0,4,9,0,3
C10-R2_jpg.rf.d0d8d58a5a0f1276f9792694c4ca3db7.png,25,147.3,337.4,Normal,98.45,96.0,88.0,105.0,0,3,0,5
C10-R2_jpg.rf.d0d8d58a5a0f1276f9792694c4ca3db7.png,26,179.3,326.3,Normal,113.87,109.0,100.0,114.0,0,4,0,6
C10-R2_jpg.rf.d0d8d58a5a0f1276f9792694c4ca3db7.png,27,233.6,356.7,Sem Hipocótilo,87.62,84.0,84.0,85.0,0,0,0,0
C10-R2_jpg.rf.d0d8d58a5a0f1276f9792694c4ca3db7.png,28,265.3,348.9,Normal,136.26,125.0,123.0,127.0,0,0,0,0
C10-R2_jpg.rf.d0d8d58a5a0f1276f9792694c4ca3db7.png,29,306.9,359.1,Normal,76.58,74.0,70.0,82.0,0,0,0,4
C10-R2_jpg.rf.d0d8d58a5a0f1276f9792694c4ca3db7.png,30,382.3,294.9,Normal,79.21,86.0,86.0,95.0,0,7,7,10
C10-R2_jpg.rf.d0d8d58a5a0f1276f9792694c4ca3db7.png,31,416.5,347.6,Normal,93.56,90.0,82.0,96.0,0,0,0,6
C10-R2_jpg.rf.d0d8d58a5a0f1276f9792694c4ca3db7.png,32,470.3,327.3,Normal,138.66,131.0,125.0,133.0,0,1,0,1
C10-R2_jpg.rf.d0d8d58a5a0f1276f9792694c4ca3db7.png,33,532.1,317.1,Normal,78.33,72.0,64.0,75.0,0,0,0,0
C10-R2_jpg.rf.d0d8d58a5a0f1276f9792694c4ca3db7.png,34,200.2,425.1,Normal,142.51,138.0,131.0,139.0,0,3,0,1
C10-R2_jpg.rf.d0d8d58a5a0f1276f9792694c4ca3db7.png,35,361.7,366.3,Normal,142.96,134.0,132.0,140.0,0,0,0,6
C10-R2_jpg.rf.d0d8d58a5a0f1276f9792694c4ca3db7.png,36,501.1,401.8,Normal,167.45,157.0,153.0,164.0,0,0,0,9
C10-R2_jpg.rf.d0d8d58a5a0f1276f9792694c4ca3db7.png,37,548.3,379.8,Normal,75.19,68.0,67.0,75.0,0,0,0,1
C10-R2_jpg.rf.d0d8d58a5a0f1276f9792694c4ca3db7.png,38,86.4,456.1,Normal,154.05,153.0,151.0,158.0,0,1,0,4
C10-R2_jpg.rf.d0d8d58a5a0f1276f9792694c4ca3db7.png,39,129.8,493.5,Normal,117.48,113.0,108.0,117.0,0,3,0,3
C10-R2_jpg.rf.d0d8d58a5a0f1276f9792694c4ca3db7.png,40,162.5,458.4,Normal,132.83,124.0,120.0,128.0,0,0,0,3
C10-R2_jpg.rf.d0d8d58a5a0f1276f9792694c4ca3db7.png,41,209.2,511.6,Sem Raiz,0.0,2.0,3.0,11.0,0,0,0,2
C10-R2_jpg.rf.d0d8d58a5a0f1276f9792694c4ca3db7.png,42,232.9,492.6,Normal,139.82,133.0,127.0,136.0,0,0,0,3
C10-R2_jpg.rf.d0d8d58a5a0f1276f9792694c4ca3db7.png,43,263.8,514.5,Normal,173.4,165.0,158.0,171.0,0,0,0,2
C10-R2_jpg.rf.d0d8d58a5a0f1276f9792694c4ca3db7.png,44,297.2,496.0,Normal,224.26,218.0,213.0,231.0,0,0,0,9
C10-R2_jpg.rf.d0d8d58a5a0f1276f9792694c4ca3db7.png,45,336.5,442.5,Normal,168.71,159.0,151.0,162.0,0,0,0,1
C10-R2_jpg.rf.d0d8d58a5a0f1276f9792694c4ca3db7.png,46,389.2,459.0,Normal,128.32,122.0,118.0,130.0,0,0,0,6
C10-R2_jpg.rf.d0d8d58a5a0f1276f9792694c4ca3db7.png,47,419.1,514.9,Sem Raiz,24.7,33.0,30.0,37.0,4,4,0,3
C10-R2_jpg.rf.d0d8d58a5a0f1276f9792694c4ca3db7.png,48,426.6,454.5,Normal,89.98,81.0,75.0,81.0,0,0,0,0
C10-R2_jpg.rf.d0d8d58a5a0f1276f9792694c4ca3db7.png,49,479.3,454.5,Normal,87.85,82.0,74.0,88.0,0,0,0,3
C10-R2_jpg.rf.d0d8d58a5a0f1276f9792694c4ca3db7.png,50,533.2,479.9,Normal,152.14,146.0,140.0,149.0,0,0,0,1
C10-R2_jpg.rf.d0d8d58a5a0f1276f9792694c4ca3db7.png,51,201.4,562.3,Sem Hipocótilo,68.69,64.0,61.0,66.0,0,0,0,1
C10-R2_jpg.rf.d0d8d58a5a0f1276f9792694c4ca3db7.png,52,370.6,520.2,Sem Hipocótilo,39.31,38.0,33.0,39.0,0,0,0,0
C10-R2_jpg.rf.d0d8d58a5a0f1276f9792694c4ca3db7.png,53,410.4,566.4,Sem Hipocótilo,67.34,66.0,64.0,68.0,0,0,0,1
C10-R2_jpg.rf.d0d8d58a5a0f1276f9792694c4ca3db7.png,54,446.9,533.2,Normal,97.09,111.0,104.0,119.0,1,1,0,5
C10-R3_jpg.rf.56b1d62530f65b2b366138024a309974.png,1,525.7,117.6,Sem Raiz,19.87,18.0,17.0,22.0,0,0,0,1
C10-R3_jpg.rf.56b1d62530f65b2b366138024a309974.png,2,106.6,185.7,Normal,134.39,143.0,137.0,150.0,1,10,4,13
C10-R3_jpg.rf.56b1d62530f65b2b366138024a309974.png,3,187.8,144.9,Normal,125.58,123.0,117.0,129.0,1,1,0,4
C10-R3_jpg.rf.56b1d62530f65b2b366138024a309974.png,4,230.4,141.3,Normal,96.27,93.0,87.0,97.0,0,0,0,2
C10-R3_jpg.rf.56b1d62530f65b2b366138024a309974.png,5,255.4,161.5,Sem Hipocótilo,23.45,23.0,18.0,24.0,0,0,0,0
C10-R3_jpg.rf.56b1d62530f65b2b366138024a309974.png,6,306.8,170.7,Normal,130.13,127.0,124.0,134.0,0,1,0,2
C10-R3_jpg.rf.56b1d62530f65b2b366138024a309974.png,7,355.2,193.7,Normal,119.13,122.0,114.0,129.0,2,4,1,8
C10-R3_jpg.rf.56b1d62530f65b2b366138024a309974.png,8,383.9,168.1,Normal,75.16,72.0,69.0,76.0,0,0,0,4
C10-R3_jpg.rf.56b1d62530f65b2b366138024a309974.png,9,429.9,168.3,Normal,116.61,109.0,105.0,113.0,0,0,0,1
C10-R3_jpg.rf.56b1d62530f65b2b366138024a309974.png,10,471.6,150.0,Normal,107.7,106.0,98.0,111.0,0,0,0,5
C10-R3_jpg.rf.56b1d62530f65b2b366138024a309974.png,11,517.9,166.6,Sem Hipocótilo,57.51,53.0,52.0,55.0,0,0,0,3
C10-R3_jpg.rf.56b1d62530f65b2b366138024a309974.png,12,129.3,239.4,Normal,100.97,105.0,97.0,109.0,4,5,1,5
C10-R3_jpg.rf.56b1d62530f65b2b366138024a309974.png,13,177.3,238.3,Normal,116.94,111.0,105.0,119.0,0,0,0,4
C10-R3_jpg.rf.56b1d62530f65b2b366138024a309974.png,14,223.7,260.4,Normal,131.11,121.0,118.0,125.0,0,0,0,1
C10-R3_jpg.rf.56b1d62530f65b2b366138024a309974.png,15,255.2,265.9,Normal,102.86,97.0,91.0,104.0,0,3,0,4
C10-R3_jpg.rf.56b1d62530f65b2b366138024a309974.png,16,329.3,268.1,Normal,143.96,161.0,151.0,166.0,5,24,12,11
C10-R3_jpg.rf.56b1d62530f65b2b366138024a309974.png,17,368.7,257.1,Normal,86.08,94.0,86.0,103.0,0,4,1,11
C10-R3_jpg.rf.56b1d62530f65b2b366138024a309974.png,18,452.2,240.4,Normal,69.05,64.0,60.0,74.0,0,0,0,9
C10-R3_jpg.rf.56b1d62530f65b2b366138024a309974.png,19,480.3,252.4,Normal,115.98,107.0,103.0,111.0,0,0,0,0
C10-R3_jpg.rf.56b1d62530f65b2b366138024a309974.png,20,545.7,246.9,Normal,81.22,77.0,75.0,83.0,0,1,0,4
C10-R3_jpg.rf.56b1d62530f65b2b366138024a309974.png,21,95.9,349.0,Normal,87.91,81.0,76.0,86.0,0,0,0,1
C10-R3_jpg.rf.56b1d62530f65b2b366138024a309974.png,22,198.8,349.2,Normal,115.61,121.0,113.0,131.0,0,7,1,9
C10-R3_jpg.rf.56b1d62530f65b2b366138024a309974.png,23,280.3,281.8,Normal,131.88,123.0,116.0,126.0,0,0,0,1
C10-R3_jpg.rf.56b1d62530f65b2b366138024a309974.png,24,309.6,340.1,Normal,108.35,104.0,101.0,109.0,0,0,0,1
C10-R3_jpg.rf.56b1d62530f65b2b366138024a309974.png,25,395.1,359.1,Normal,97.02,91.0,87.0,96.0,0,0,0,1
C10-R3_jpg.rf.56b1d62530f65b2b366138024a309974.png,26,445.5,344.0,Normal,90.73,87.0,85.0,94.0,0,0,0,6
C10-R3_jpg.rf.56b1d62530f65b2b366138024a309974.png,27,524.9,343.4,Normal,44.28,43.0,34.0,47.0,0,0,0,3
C10-R3_jpg.rf.56b1d62530f65b2b366138024a309974.png,28,573.6,346.6,Normal,58.49,52.0,44.0,57.0,3,3,0,2
C10-R3_jpg.rf.56b1d62530f65b2b366138024a309974.png,29,124.6,425.3,Normal,113.9,102.0,95.0,109.0,0,0,0,2
C10-R3_jpg.rf.56b1d62530f65b2b366138024a309974.png,30,157.9,363.8,Normal,100.65,107.0,99.0,113.0,3,3,0,5
C10-R3_jpg.rf.56b1d62530f65b2b366138024a309974.png,31,184.4,425.0,Normal,126.68,119.0,113.0,123.0,0,0,0,2
C10-R3_jpg.rf.56b1d62530f65b2b366138024a309974.png,32,246.3,394.1,Normal,90.74,83.0,76.0,87.0,0,0,0,1
C10-R3_jpg.rf.56b1d62530f65b2b366138024a309974.png,33,270.6,421.4,Normal,64.89,73.0,65.0,80.0,0,4,0,8
C10-R3_jpg.rf.56b1d62530f65b2b366138024a309974.png,34,350.8,376.1,Normal,106.81,104.0,95.0,109.0,0,4,0,7
C10-R3_jpg.rf.56b1d62530f65b2b366138024a309974.png,35,419.4,405.2,Normal,75.09,72.0,68.0,74.0,0,0,0,1
C10-R3_jpg.rf.56b1d62530f65b2b366138024a309974.png,36,218.2,466.1,Normal,147.93,131.0,127.0,140.0,2,2,0,4
C10-R3_jpg.rf.56b1d62530f65b2b366138024a309974.png,37,266.7,498.1,Sem Raiz,26.85,26.0,26.0,27.0,0,0,0,0
C10-R3_jpg.rf.56b1d62530f65b2b366138024a309974.png,38,308.7,459.0,Normal,103.77,111.0,104.0,113.0,1,11,2,5
C10-R3_jpg.rf.56b1d62530f65b2b366138024a309974.png,39,347.4,499.4,Sem Raiz,28.61,28.0,22.0,32.0,0,3,0,1
C10-R3_jpg.rf.56b1d62530f65b2b366138024a309974.png,40,377.3,472.2,Normal,114.43,115.0,109.0,117.0,0,1,0,1
C10-R3_jpg.rf.56b1d62530f65b2b366138024a309974.png,41,402.2,510.5,Normal,138.46,137.0,133.0,143.0,0,1,0,6
C10-R3_jpg.rf.56b1d62530f65b2b366138024a309974.png,42,461.6,442.2,Normal,64.2,59.0,55.0,65.0,0,0,0,1
C10-R3_jpg.rf.56b1d62530f65b2b366138024a309974.png,43,485.6,475.3,Normal,161.63,154.0,146.0,159.0,0,0,0,2
C10-R3_jpg.rf.56b1d62530f65b2b366138024a309974.png,44,556.4,485.7,Normal,170.26,155.0,151.0,160.0,0,0,0,4
C10-R3_jpg.rf.56b1d62530f65b2b366138024a309974.png,45,138.4,542.3,Normal,136.79,133.0,124.0,139.0,0,0,0,6
C10-R3_jpg.rf.56b1d62530f65b2b366138024a309974.png,46,171.1,561.6,Normal,79.88,74.0,72.0,84.0,0,0,0,4
C10-R3_jpg.rf.56b1d62530f65b2b366138024a309974.png,47,236.9,543.0,Normal,131.58,133.0,124.0,139.0,0,4,0,3
C10-R3_jpg.rf.56b1d62530f65b2b366138024a309974.png,48,262.8,543.5,Sem Hipocótilo,50.0,47.0,47.0,48.0,0,0,0,0
C10-R3_jpg.rf.56b1d62530f65b2b366138024a309974.png,49,282.1,544.8,Normal,115.83,111.0,107.0,116.0,0,3,0,3
C10-R3_jpg.rf.56b1d62530f65b2b366138024a309974.png,50,334.0,546.9,Sem Hipocótilo,64.34,63.0,61.0,63.0,0,0,0,0
C10-R3_jpg.rf.56b1d62530f65b2b366138024a309974.png,51,432.7,520.3,Normal,157.77,149.0,141.0,154.0,0,0,0,3
C10-R3_jpg.rf.56b1d62530f65b2b366138024a309974.png,52,463.0,540.0,Normal,71.36,64.0,59.0,69.0,0,0,0,3
C10-R3_jpg.rf.56b1d62530f65b2b366138024a309974.png,53,516.3,541.5,Normal,100.15,93.0,92.0,95.0,0,0,0,0
C10-R4_jpg.rf.3abf846833a7f1c07fabead4e990ae36.png,1,485.6,67.7,Sem Raiz,7.28,7.0,6.0,12.0,0,0,0,0
C10-R4_jpg.rf.3abf846833a7f1c07fabead4e990ae36.png,2,119.7,122.1,Normal,143.1,162.0,159.0,166.0,1,7,3,5
C10-R4_jpg.rf.3abf846833a7f1c07fabead4e990ae36.png,3,154.4,129.3,Normal,131.72,127.0,120.0,137.0,0,0,0,3
C10-R4_jpg.rf.3abf846833a7f1c07fabead4e990ae36.png,4,214.0,128.8,Normal,111.39,106.0,99.0,108.0,2,4,0,3
C10-R4_jpg.rf.3abf846833a7f1c07fabead4e990ae36.png,5,272.2,151.2,Normal,125.88,133.0,125.0,138.0,0,9,5,9
C10-R4_jpg.rf.3abf846833a7f1c07fabead4e990ae36.png,6,296.2,164.7,Normal,105.98,105.0,100.0,112.0,0,1,0,4
C10-R4_jpg.rf.3abf846833a7f1c07fabead4e990ae36.png,7,317.3,164.7,Normal,161.74,150.0,143.0,157.0,0,0,0,4
C10-R4_jpg.rf.3abf846833a7f1c07fabead4e990ae36.png,8,368.9,176.6,Normal,138.21,133.0,126.0,137.0,0,4,0,5
C10-R4_jpg.rf.3abf846833a7f1c07fabead4e990ae36.png,9,435.9,138.8,Normal,127.14,120.0,118.0,125.0,0,0,0,2
C10-R4_jpg.rf.3abf846833a7f1c07fabead4e990ae36.png,10,483.5,123.4,Sem Hipocótilo,80.81,76.0,75.0,79.0,0,0,0,3
C10-R4_jpg.rf.3abf846833a7f1c07fabead4e990ae36.png,11,525.4,141.1,Normal,139.15,132.0,127.0,135.0,0,0,0,1
C10-R4_jpg.rf.3abf846833a7f1c07fabead4e990ae36.png,12,568.5,140.3,Normal,137.63,131.0,131.0,140.0,0,0,0,7
C10-R4_jpg.rf.3abf846833a7f1c07fabead4e990ae36.png,13,80.3,265.8,Normal,187.11,177.0,174.0,184.0,0,0,0,5
C10-R4_jpg.rf.3abf846833a7f1c07fabead4e990ae36.png,14,182.9,238.0,Normal,130.2,115.0,107.0,116.0,0,0,0,0
C10-R4_jpg.rf.3abf846833a7f1c07fabead4e990ae36.png,15,216.9,242.1,Normal,93.54,89.0,86.0,93.0,0,0,0,4
C10-R4_jpg.rf.3abf846833a7f1c07fabead4e990ae36.png,16,250.9,223.4,Normal,76.85,73.0,69.0,80.0,0,0,0,4
C10-R4_jpg.rf.3abf846833a7f1c07fabead4e990ae36.png,17,333.3,209.7,Normal,125.3,113.0,109.0,120.0,0,0,0,4
C10-R4_jpg.rf.3abf846833a7f1c07fabead4e990ae36.png,18,384.1,237.6,Normal,117.66,105.0,102.0,111.0,0,0,0,6
C10-R4_jpg.rf.3abf846833a7f1c07fabead4e990ae36.png,19,435.0,268.8,Normal,82.72,78.0,76.0,82.0,0,0,0,2
C10-R4_jpg.rf.3abf846833a7f1c07fabead4e990ae36.png,20,463.1,254.7,Sem Hipocótilo,72.11,73.0,70.0,76.0,0,1,0,1
C10-R4_jpg.rf.3abf846833a7f1c07fabead4e990ae36.png,21,490.7,236.5,Normal,150.91,141.0,134.0,144.0,0,0,0,1
C10-R4_jpg.rf.3abf846833a7f1c07fabead4e990ae36.png,22,117.2,291.0,Normal,143.39,164.0,156.0,166.0,3,15,4,9
C10-R4_jpg.rf.3abf846833a7f1c07fabead4e990ae36.png,23,146.1,290.6,Normal,133.13,130.0,127.0,138.0,0,1,0,7
C10-R4_jpg.rf.3abf846833a7f1c07fabead4e990ae36.png,24,219.6,340.3,Normal,71.21,63.0,61.0,74.0,0,0,0,4
C10-R4_jpg.rf.3abf846833a7f1c07fabead4e990ae36.png,25,257.9,347.4,Sem Hipocótilo,63.03,57.0,56.0,58.0,0,0,0,0
C10-R4_jpg.rf.3abf846833a7f1c07fabead4e990ae36.png,26,267.2,296.1,Sem Raiz,37.09,34.0,34.0,35.0,0,0,0,0
C10-R4_jpg.rf.3abf846833a7f1c07fabead4e990ae36.png,27,285.5,334.8,Normal,143.78,135.0,135.0,137.0,0,0,0,1
C10-R4_jpg.rf.3abf846833a7f1c07fabead4e990ae36.png,28,320.1,304.7,Normal,78.89,69.0,65.0,81.0,0,0,0,3
C10-R4_jpg.rf.3abf846833a7f1c07fabead4e990ae36.png,29,352.7,346.9,Sem Hipocótilo,93.98,88.0,87.0,90.0,0,0,0,1
C10-R4_jpg.rf.3abf846833a7f1c07fabead4e990ae36.png,30,394.3,280.2,Sem Raiz,38.71,35.0,29.0,38.0,0,0,0,2
C10-R4_jpg.rf.3abf846833a7f1c07fabead4e990ae36.png,31,397.4,323.1,Sem Hipocótilo,34.83,34.0,33.0,34.0,0,0,0,0
C10-R4_jpg.rf.3abf846833a7f1c07fabead4e990ae36.png,32,536.5,314.5,Normal,107.56,100.0,93.0,104.0,0,0,0,3
C10-R4_jpg.rf.3abf846833a7f1c07fabead4e990ae36.png,33,575.1,282.7,Normal,155.96,151.0,143.0,158.0,0,0,0,4
C10-R4_jpg.rf.3abf846833a7f1c07fabead4e990ae36.png,34,125.5,410.7,Normal,89.0,79.0,76.0,91.0,4,4,0,5
C10-R4_jpg.rf.3abf846833a7f1c07fabead4e990ae36.png,35,167.8,394.2,Normal,141.79,138.0,131.0,145.0,0,5,3,7
C10-R4_jpg.rf.3abf846833a7f1c07fabead4e990ae36.png,36,206.0,435.4,Normal,118.6,113.0,108.0,117.0,0,0,0,1
C10-R4_jpg.rf.3abf846833a7f1c07fabead4e990ae36.png,37,256.6,427.9,Normal,68.19,62.0,59.0,74.0,3,3,3,6
C10-R4_jpg.rf.3abf846833a7f1c07fabead4e990ae36.png,38,390.0,389.4,Normal,31.08,29.0,28.0,43.0,0,0,0,4
C10-R4_jpg.rf.3abf846833a7f1c07fabead4e990ae36.png,39,421.5,406.3,Sem Hipocótilo,58.94,55.0,51.0,58.0,0,0,0,3
C10-R4_jpg.rf.3abf846833a7f1c07fabead4e990ae36.png,40,457.9,380.6,Normal,121.56,142.0,139.0,145.0,0,4,1,2
C10-R4_jpg.rf.3abf846833a7f1c07fabead4e990ae36.png,41,515.0,379.0,Normal,118.7,109.0,104.0,114.0,0,0,0,3
C10-R4_jpg.rf.3abf846833a7f1c07fabead4e990ae36.png,42,576.1,406.1,Sem Raiz,11.17,10.0,6.0,12.0,0,0,0,0
C10-R4_jpg.rf.3abf846833a7f1c07fabead4e990ae36.png,43,79.5,492.5,Normal,97.96,94.0,89.0,104.0,0,0,0,4
C10-R4_jpg.rf.3abf846833a7f1c07fabead4e990ae36.png,44,284.5,494.8,Normal,82.95,106.0,97.0,111.0,2,8,1,10
C10-R4_jpg.rf.3abf846833a7f1c07fabead4e990ae36.png,45,319.2,447.6,Normal,122.9,110.0,104.0,113.0,0,0,0,2
C10-R4_jpg.rf.3abf846833a7f1c07fabead4e990ae36.png,46,341.0,486.9,Normal,108.32,97.0,95.0,108.0,0,0,0,4
C10-R4_jpg.rf.3abf846833a7f1c07fabead4e990ae36.png,47,379.5,481.4,Normal,95.19,85.0,76.0,91.0,0,0,0,6
C10-R4_jpg.rf.3abf846833a7f1c07fabead4e990ae36.png,48,411.2,491.8,Normal,44.26,43.0,33.0,46.0,0,0,0,3
C10-R4_jpg.rf.3abf846833a7f1c07fabead4e990ae36.png,49,472.4,489.3,Normal,162.62,154.0,147.0,157.0,0,0,0,1
C10-R4_jpg.rf.3abf846833a7f1c07fabead4e990ae36.png,50,511.2,491.2,Normal,132.65,122.0,120.0,127.0,0,0,0,6
C10-R4_jpg.rf.3abf846833a7f1c07fabead4e990ae36.png,51,563.2,465.7,Sem Hipocótilo,91.69,90.0,86.0,94.0,0,0,0,0
C10-R4_jpg.rf.3abf846833a7f1c07fabead4e990ae36.png,52,139.7,525.4,Normal,135.98,130.0,125.0,132.0,0,0,0,0
C10-R4_jpg.rf.3abf846833a7f1c07fabead4e990ae36.png,53,170.3,534.1,Normal,145.33,135.0,129.0,141.0,0,0,0,4
C10-R4_jpg.rf.3abf846833a7f1c07fabead4e990ae36.png,54,242.5,528.2,Normal,128.51,117.0,114.0,122.0,0,0,0,1
C10-R5_jpg.rf.0aa88f6bb93449a98937eacb6507e202.png,1,78.2,160.9,Normal,98.01,87.0,82.0,96.0,0,0,0,1
C10-R5_jpg.rf.0aa88f6bb93449a98937eacb6507e202.png,2,141.2,149.4,Normal,139.0,130.0,119.0,133.0,0,0,0,2
C10-R5_jpg.rf.0aa88f6bb93449a98937eacb6507e202.png,3,172.7,172.7,Sem Hipocótilo,74.35,76.0,73.0,77.0,4,4,0,3
C10-R5_jpg.rf.0aa88f6bb93449a98937eacb6507e202.png,4,222.6,151.9,Normal,149.64,141.0,139.0,149.0,0,0,0,4
C10-R5_jpg.rf.0aa88f6bb93449a98937eacb6507e202.png,5,245.1,184.5,Normal,119.55,126.0,116.0,130.0,0,4,0,3
C10-R5_jpg.rf.0aa88f6bb93449a98937eacb6507e202.png,6,314.6,172.2,Normal,137.81,127.0,124.0,135.0,0,0,0,2
C10-R5_jpg.rf.0aa88f6bb93449a98937eacb6507e202.png,7,352.6,161.6,Normal,156.04,147.0,140.0,152.0,0,0,0,4
C10-R5_jpg.rf.0aa88f6bb93449a98937eacb6507e202.png,8,383.8,139.3,Normal,93.35,84.0,78.0,87.0,0,0,0,1
C10-R5_jpg.rf.0aa88f6bb93449a98937eacb6507e202.png,9,412.4,181.9,Normal,175.31,160.0,155.0,163.0,0,0,0,1
C10-R5_jpg.rf.0aa88f6bb93449a98937eacb6507e202.png,10,496.7,138.8,Normal,118.2,114.0,108.0,118.0,0,0,0,2
C10-R5_jpg.rf.0aa88f6bb93449a98937eacb6507e202.png,11,542.0,169.1,Normal,141.4,136.0,133.0,146.0,0,0,0,5
C10-R5_jpg.rf.0aa88f6bb93449a98937eacb6507e202.png,12,108.6,242.1,Normal,136.62,126.0,119.0,131.0,0,3,0,4
C10-R5_jpg.rf.0aa88f6bb93449a98937eacb6507e202.png,13,190.5,273.4,Normal,147.21,135.0,132.0,142.0,0,0,0,6
C10-R5_jpg.rf.0aa88f6bb93449a98937eacb6507e202.png,14,285.9,230.6,Normal,104.64,102.0,92.0,108.0,0,1,0,2
C10-R5_jpg.rf.0aa88f6bb93449a98937eacb6507e202.png,15,333.0,260.5,Normal,152.74,142.0,135.0,145.0,0,4,0,2
C10-R5_jpg.rf.0aa88f6bb93449a98937eacb6507e202.png,16,377.0,264.1,Normal,70.51,63.0,59.0,70.0,0,0,0,2
C10-R5_jpg.rf.0aa88f6bb93449a98937eacb6507e202.png,17,429.7,253.9,Normal,121.81,118.0,120.0,134.0,0,8,1,5
C10-R5_jpg.rf.0aa88f6bb93449a98937eacb6507e202.png,18,462.5,245.0,Normal,138.11,126.0,121.0,133.0,0,0,0,1
C10-R5_jpg.rf.0aa88f6bb93449a98937eacb6507e202.png,19,503.6,269.5,Normal,149.02,139.0,134.0,144.0,0,0,0,2
C10-R5_jpg.rf.0aa88f6bb93449a98937eacb6507e202.png,20,56.0,341.0,Normal,140.02,133.0,124.0,137.0,0,3,0,1
C10-R5_jpg.rf.0aa88f6bb93449a98937eacb6507e202.png,21,138.0,355.2,Normal,137.07,133.0,123.0,137.0,0,0,0,2
C10-R5_jpg.rf.0aa88f6bb93449a98937eacb6507e202.png,22,222.0,352.8,Normal,137.24,126.0,124.0,135.0,0,0,0,3
C10-R5_jpg.rf.0aa88f6bb93449a98937eacb6507e202.png,23,250.9,293.6,Normal,70.4,70.0,66.0,74.0,0,0,0,2
C10-R5_jpg.rf.0aa88f6bb93449a98937eacb6507e202.png,24,369.8,357.0,Normal,98.78,108.0,99.0,114.0,6,8,0,8
C10-R5_jpg.rf.0aa88f6bb93449a98937eacb6507e202.png,25,532.7,325.2,Normal,55.94,52.0,49.0,59.0,0,0,0,2
C10-R5_jpg.rf.0aa88f6bb93449a98937eacb6507e202.png,26,562.7,291.5,Normal,105.25,118.0,117.0,129.0,0,15,7,12
C10-R5_jpg.rf.0aa88f6bb93449a98937eacb6507e202.png,27,299.1,369.1,Normal,130.04,122.0,116.0,129.0,0,0,0,4
C10-R5_jpg.rf.0aa88f6bb93449a98937eacb6507e202.png,28,340.0,361.0,Normal,116.92,106.0,103.0,114.0,0,0,0,2
C10-R5_jpg.rf.0aa88f6bb93449a98937eacb6507e202.png,29,422.0,370.0,Normal,126.79,120.0,116.0,125.0,0,0,0,4
C10-R5_jpg.rf.0aa88f6bb93449a98937eacb6507e202.png,30,476.2,360.7,Sem Hipocótilo,56.96,52.0,46.0,52.0,0,0,0,0
C10-R5_jpg.rf.0aa88f6bb93449a98937eacb6507e202.png,31,525.7,413.8,Sem Raiz,22.31,21.0,17.0,22.0,0,0,0,0
C10-R5_jpg.rf.0aa88f6bb93449a98937eacb6507e202.png,32,570.3,420.2,Normal,78.74,75.0,71.0,82.0,0,0,0,4
C10-R5_jpg.rf.0aa88f6bb93449a98937eacb6507e202.png,33,76.3,511.5,Normal,131.21,121.0,116.0,130.0,0,0,0,4
C10-R5_jpg.rf.0aa88f6bb93449a98937eacb6507e202.png,34,119.8,450.0,Normal,126.7,121.0,117.0,125.0,0,0,0,1
C10-R5_jpg.rf.0aa88f6bb93449a98937eacb6507e202.png,35,171.9,441.0,Normal,165.16,154.0,151.0,161.0,0,0,0,2
C10-R5_jpg.rf.0aa88f6bb93449a98937eacb6507e202.png,36,189.8,487.8,Normal,113.83,121.0,117.0,122.0,0,3,3,3
C10-R5_jpg.rf.0aa88f6bb93449a98937eacb6507e202.png,37,239.4,477.1,Normal,196.12,187.0,183.0,192.0,0,0,0,4
C10-R5_jpg.rf.0aa88f6bb93449a98937eacb6507e202.png,38,271.7,456.9,Normal,105.85,111.0,109.0,119.0,3,3,3,2
C10-R5_jpg.rf.0aa88f6bb93449a98937eacb6507e202.png,39,324.8,501.1,Normal,140.8,138.0,134.0,141.0,0,1,0,4
C10-R5_jpg.rf.0aa88f6bb93449a98937eacb6507e202.png,40,405.3,455.6,Normal,139.77,129.0,123.0,135.0,0,0,0,4
C10-R5_jpg.rf.0aa88f6bb93449a98937eacb6507e202.png,41,457.2,457.1,Normal,89.13,87.0,83.0,92.0,0,0,0,0
C10-R5_jpg.rf.0aa88f6bb93449a98937eacb6507e202.png,42,516.3,481.4,Sem Hipocótilo,107.16,101.0,99.0,102.0,0,0,0,1
C10-R5_jpg.rf.0aa88f6bb93449a98937eacb6507e202.png,43,133.7,526.6,Normal,99.51,100.0,94.0,109.0,0,1,0,6
C10-R5_jpg.rf.0aa88f6bb93449a98937eacb6507e202.png,44,167.8,561.7,Normal,65.06,61.0,55.0,66.0,1,3,0,7
C10-R5_jpg.rf.0aa88f6bb93449a98937eacb6507e202.png,45,212.8,539.9,Normal,183.7,168.0,162.0,172.0,0,0,0,4
C10-R5_jpg.rf.0aa88f6bb93449a98937eacb6507e202.png,46,288.7,550.6,Normal,138.29,133.0,129.0,140.0,0,0,0,4
C10-R5_jpg.rf.0aa88f6bb93449a98937eacb6507e202.png,47,346.8,529.3,Normal,146.36,141.0,136.0,146.0,0,3,0,6
C10-R5_jpg.rf.0aa88f6bb93449a98937eacb6507e202.png,48,391.6,545.7,Normal,147.67,135.0,135.0,147.0,0,0,0,8
C10-R5_jpg.rf.0aa88f6bb93449a98937eacb6507e202.png,49,449.2,546.5,Normal,144.76,132.0,128.0,141.0,0,0,0,7
C10-R5_jpg.rf.0aa88f6bb93449a98937eacb6507e202.png,50,485.1,538.4,Normal,168.09,157.0,151.0,163.0,0,0,0,2
C10-R5_jpg.rf.0aa88f6bb93449a98937eacb6507e202.png,51,547.5,541.5,Sem Hipocótilo,119.82,122.0,118.0,125.0,4,4,0,4
C10-R6_jpg.rf.9d2070edded29d7b407f706efd821443.png,1,119.1,150.3,Normal,119.63,112.0,103.0,118.0,0,0,0,4
C10-R6_jpg.rf.9d2070edded29d7b407f706efd821443.png,2,183.4,138.8,Normal,83.18,76.0,73.0,78.0,0,0,0,0
C10-R6_jpg.rf.9d2070edded29d7b407f706efd821443.png,3,216.8,138.3,Normal,127.51,131.0,119.0,135.0,5,5,0,4
C10-R6_jpg.rf.9d2070edded29d7b407f706efd821443.png,4,246.5,138.3,Normal,95.63,88.0,83.0,95.0,0,0,0,6
C10-R6_jpg.rf.9d2070edded29d7b407f706efd821443.png,5,300.0,177.1,Normal,117.02,110.0,105.0,117.0,2,4,0,5
C10-R6_jpg.rf.9d2070edded29d7b407f706efd821443.png,6,339.2,135.5,Sem Hipocótilo,29.17,27.0,26.0,29.0,0,0,0,1
C10-R6_jpg.rf.9d2070edded29d7b407f706efd821443.png,7,374.4,160.8,Normal,130.96,128.0,121.0,135.0,0,0,0,4
C10-R6_jpg.rf.9d2070edded29d7b407f706efd821443.png,8,429.3,167.5,Normal,136.6,133.0,128.0,138.0,0,0,0,6
C10-R6_jpg.rf.9d2070edded29d7b407f706efd821443.png,9,475.5,128.6,Normal,135.39,126.0,122.0,129.0,0,0,0,2
C10-R6_jpg.rf.9d2070edded29d7b407f706efd821443.png,10,517.9,126.9,Normal,110.85,103.0,99.0,109.0,0,0,0,4
C10-R6_jpg.rf.9d2070edded29d7b407f706efd821443.png,11,80.0,255.5,Normal,125.45,119.0,115.0,128.0,0,3,0,7
C10-R6_jpg.rf.9d2070edded29d7b407f706efd821443.png,12,155.7,247.0,Normal,80.71,78.0,73.0,86.0,0,0,0,5
C10-R6_jpg.rf.9d2070edded29d7b407f706efd821443.png,13,214.4,255.4,Normal,145.15,144.0,140.0,163.0,3,3,0,8
C10-R6_jpg.rf.9d2070edded29d7b407f706efd821443.png,14,247.2,234.1,Normal,88.97,84.0,76.0,86.0,0,0,0,1
C10-R6_jpg.rf.9d2070edded29d7b407f706efd821443.png,15,277.0,242.6,Normal,164.45,153.0,146.0,162.0,0,0,0,5
C10-R6_jpg.rf.9d2070edded29d7b407f706efd821443.png,16,340.5,210.3,Normal,69.43,62.0,54.0,68.0,0,0,0,2
C10-R6_jpg.rf.9d2070edded29d7b407f706efd821443.png,17,390.4,201.6,Normal,74.07,67.0,62.0,73.0,0,0,0,3
C10-R6_jpg.rf.9d2070edded29d7b407f706efd821443.png,18,450.8,224.4,Normal,124.89,119.0,116.0,126.0,0,0,0,4
C10-R6_jpg.rf.9d2070edded29d7b407f706efd821443.png,19,501.4,226.2,Normal,157.78,148.0,141.0,152.0,0,0,0,0
C10-R6_jpg.rf.9d2070edded29d7b407f706efd821443.png,20,565.4,271.8,Normal,133.88,130.0,125.0,139.0,0,0,0,2
C10-R6_jpg.rf.9d2070edded29d7b407f706efd821443.png,21,121.4,302.6,Normal,110.33,108.0,103.0,111.0,0,1,0,1
C10-R6_jpg.rf.9d2070edded29d7b407f706efd821443.png,22,189.3,291.9,Normal,131.56,125.0,124.0,135.0,0,0,0,5
C10-R6_jpg.rf.9d2070edded29d7b407f706efd821443.png,23,245.6,314.2,Sem Raiz,39.36,35.0,30.0,36.0,0,0,0,0
C10-R6_jpg.rf.9d2070edded29d7b407f706efd821443.png,24,296.8,345.2,Normal,124.24,118.0,114.0,120.0,0,0,0,0
C10-R6_jpg.rf.9d2070edded29d7b407f706efd821443.png,25,358.5,355.7,Normal,124.86,119.0,115.0,124.0,0,0,0,6
C10-R6_jpg.rf.9d2070edded29d7b407f706efd821443.png,26,414.6,330.9,Normal,128.53,122.0,114.0,125.0,0,0,0,3
C10-R6_jpg.rf.9d2070edded29d7b407f706efd821443.png,27,524.8,347.0,Normal,114.34,108.0,105.0,115.0,0,0,0,4
C10-R6_jpg.rf.9d2070edded29d7b407f706efd821443.png,28,74.0,406.2,Normal,118.52,107.0,103.0,117.0,0,0,0,7
C10-R6_jpg.rf.9d2070edded29d7b407f706efd821443.png,29,155.5,435.0,Normal,124.1,116.0,113.0,122.0,0,0,0,4
C10-R6_jpg.rf.9d2070edded29d7b407f706efd821443.png,30,235.4,432.7,Normal,140.44,131.0,124.0,141.0,0,0,0,6
C10-R6_jpg.rf.9d2070edded29d7b407f706efd821443.png,31,254.2,380.4,Sem Hipocótilo,89.41,84.0,80.0,84.0,0,0,0,0
C10-R6_jpg.rf.9d2070edded29d7b407f706efd821443.png,32,328.3,369.3,Normal,133.94,123.0,116.0,124.0,0,0,0,0
C10-R6_jpg.rf.9d2070edded29d7b407f706efd821443.png,33,445.1,372.7,Normal,185.82,172.0,163.0,178.0,0,0,0,4
C10-R6_jpg.rf.9d2070edded29d7b407f706efd821443.png,34,490.4,423.6,Normal,125.04,113.0,110.0,119.0,0,0,0,4
C10-R6_jpg.rf.9d2070edded29d7b407f706efd821443.png,35,587.5,389.9,Normal,75.54,71.0,66.0,82.0,0,0,0,7
C10-R6_jpg.rf.9d2070edded29d7b407f706efd821443.png,36,84.4,508.4,Normal,70.99,90.0,77.0,99.0,4,4,0,10
C10-R6_jpg.rf.9d2070edded29d7b407f706efd821443.png,37,119.4,445.8,Normal,163.23,152.0,149.0,161.0,0,0,0,1
C10-R6_jpg.rf.9d2070edded29d7b407f706efd821443.png,38,191.5,449.4,Normal,118.19,116.0,108.0,122.0,0,3,0,7
C10-R6_jpg.rf.9d2070edded29d7b407f706efd821443.png,39,208.5,510.1,Normal,146.63,137.0,132.0,142.0,0,0,0,3
C10-R6_jpg.rf.9d2070edded29d7b407f706efd821443.png,40,266.8,517.8,Normal,120.4,121.0,120.0,130.0,0,0,0,7
C10-R6_jpg.rf.9d2070edded29d7b407f706efd821443.png,41,285.8,490.1,Normal,145.56,141.0,138.0,150.0,0,0,0,3
C10-R6_jpg.rf.9d2070edded29d7b407f706efd821443.png,42,351.7,490.2,Normal,88.0,108.0,100.0,114.0,0,8,2,10
C10-R6_jpg.rf.9d2070edded29d7b407f706efd821443.png,43,374.2,481.2,Normal,170.12,160.0,156.0,164.0,0,0,0,2
C10-R6_jpg.rf.9d2070edded29d7b407f706efd821443.png,44,420.4,454.8,Normal,83.79,81.0,72.0,86.0,3,3,0,4
C10-R6_jpg.rf.9d2070edded29d7b407f706efd821443.png,45,556.4,447.4,Sem Hipocótilo,49.85,47.0,44.0,49.0,0,0,0,1
C10-R6_jpg.rf.9d2070edded29d7b407f706efd821443.png,46,158.8,565.0,Normal,103.89,109.0,107.0,117.0,2,12,6,12
C10-R6_jpg.rf.9d2070edded29d7b407f706efd821443.png,47,321.0,543.1,Normal,166.9,157.0,156.0,164.0,0,0,0,4
C10-R6_jpg.rf.9d2070edded29d7b407f706efd821443.png,48,401.6,560.6,Normal,113.91,104.0,95.0,109.0,0,0,0,1
C10-R6_jpg.rf.9d2070edded29d7b407f706efd821443.png,49,466.9,532.5,Normal,148.92,139.0,133.0,149.0,0,0,0,1
C10-R6_jpg.rf.9d2070edded29d7b407f706efd821443.png,50,559.4,522.8,Normal,106.4,94.0,84.0,110.0,0,1,0,7
C10-R7_jpg.rf.336d676ef9177b8a9d4345ad58c37074.png,1,182.9,100.5,Normal,59.74,52.0,45.0,57.0,0,0,0,1
C10-R7_jpg.rf.336d676ef9177b8a9d4345ad58c37074.png,2,513.0,104.7,Sem Raiz,14.15,13.0,14.0,14.0,0,0,0,0
C10-R7_jpg.rf.336d676ef9177b8a9d4345ad58c37074.png,3,126.9,146.9,Normal,111.73,108.0,97.0,111.0,3,8,1,3
C10-R7_jpg.rf.336d676ef9177b8a9d4345ad58c37074.png,4,186.7,157.3,Sem Hipocótilo,51.25,49.0,49.0,50.0,0,0,0,0
C10-R7_jpg.rf.336d676ef9177b8a9d4345ad58c37074.png,5,211.2,155.1,Normal,137.07,129.0,123.0,139.0,0,0,0,10
C10-R7_jpg.rf.336d676ef9177b8a9d4345ad58c37074.png,6,258.5,170.3,Normal,148.86,139.0,134.0,144.0,0,0,0,4
C10-R7_jpg.rf.336d676ef9177b8a9d4345ad58c37074.png,7,282.2,172.4,Sem Raiz,25.14,23.0,20.0,24.0,0,0,0,0
C10-R7_jpg.rf.336d676ef9177b8a9d4345ad58c37074.png,8,316.1,132.4,Sem Hipocótilo,69.4,68.0,64.0,70.0,0,0,0,1
C10-R7_jpg.rf.336d676ef9177b8a9d4345ad58c37074.png,9,319.2,196.3,Sem Raiz,15.97,15.0,12.0,15.0,0,0,0,0
C10-R7_jpg.rf.336d676ef9177b8a9d4345ad58c37074.png,10,353.1,156.3,Normal,137.56,133.0,125.0,139.0,0,1,0,4
C10-R7_jpg.rf.336d676ef9177b8a9d4345ad58c37074.png,11,416.6,151.6,Normal,142.2,143.0,132.0,146.0,0,4,0,4
C10-R7_jpg.rf.336d676ef9177b8a9d4345ad58c37074.png,12,459.3,158.7,Normal,161.36,152.0,146.0,157.0,0,0,0,2
C10-R7_jpg.rf.336d676ef9177b8a9d4345ad58c37074.png,13,515.1,159.2,Sem Hipocótilo,65.19,63.0,62.0,64.0,0,0,0,1
C10-R7_jpg.rf.336d676ef9177b8a9d4345ad58c37074.png,14,561.2,149.4,Normal,157.54,147.0,142.0,153.0,0,0,0,2
C10-R7_jpg.rf.336d676ef9177b8a9d4345ad58c37074.png,15,79.9,237.4,Normal,138.21,122.0,114.0,125.0,0,0,0,4
C10-R7_jpg.rf.336d676ef9177b8a9d4345ad58c37074.png,16,144.1,246.0,Normal,105.68,96.0,93.0,108.0,0,0,0,9
C10-R7_jpg.rf.336d676ef9177b8a9d4345ad58c37074.png,17,232.0,231.0,Normal,137.22,127.0,125.0,136.0,0,0,0,7
C10-R7_jpg.rf.336d676ef9177b8a9d4345ad58c37074.png,18,270.5,236.3,Sem Hipocótilo,97.59,87.0,87.0,88.0,0,0,0,0
C10-R7_jpg.rf.336d676ef9177b8a9d4345ad58c37074.png,19,303.9,245.4,Sem Hipocótilo,86.15,77.0,76.0,77.0,0,0,0,0
C10-R7_jpg.rf.336d676ef9177b8a9d4345ad58c37074.png,20,367.6,274.0,Normal,183.42,169.0,163.0,173.0,0,0,0,6
C10-R7_jpg.rf.336d676ef9177b8a9d4345ad58c37074.png,21,407.0,233.0,Normal,101.92,93.0,87.0,101.0,0,0,0,4
C10-R7_jpg.rf.336d676ef9177b8a9d4345ad58c37074.png,22,441.3,219.9,Normal,158.1,145.0,140.0,156.0,0,0,0,7
C10-R7_jpg.rf.336d676ef9177b8a9d4345ad58c37074.png,23,480.6,226.1,Sem Hipocótilo,99.87,94.0,92.0,95.0,0,0,0,1
C10-R7_jpg.rf.336d676ef9177b8a9d4345ad58c37074.png,24,539.5,214.0,Normal,96.81,94.0,86.0,96.0,0,1,0,4
C10-R7_jpg.rf.336d676ef9177b8a9d4345ad58c37074.png,25,180.8,315.2,Normal,150.68,139.0,138.0,149.0,0,0,0,6
C10-R7_jpg.rf.336d676ef9177b8a9d4345ad58c37074.png,26,325.2,352.2,Normal,131.15,125.0,116.0,132.0,0,4,0,5
C10-R7_jpg.rf.336d676ef9177b8a9d4345ad58c37074.png,27,348.3,312.8,Normal,177.52,164.0,157.0,170.0,0,0,0,6
C10-R7_jpg.rf.336d676ef9177b8a9d4345ad58c37074.png,28,501.8,348.9,Normal,148.23,137.0,135.0,146.0,0,0,0,3
C10-R7_jpg.rf.336d676ef9177b8a9d4345ad58c37074.png,29,591.6,286.0,Normal,179.34,170.0,165.0,179.0,0,0,0,3
C10-R7_jpg.rf.336d676ef9177b8a9d4345ad58c37074.png,30,60.5,399.7,Normal,114.21,105.0,99.0,114.0,0,0,0,4
C10-R7_jpg.rf.336d676ef9177b8a9d4345ad58c37074.png,31,105.6,369.1,Normal,172.6,164.0,153.0,168.0,1,6,0,2
C10-R7_jpg.rf.336d676ef9177b8a9d4345ad58c37074.png,32,148.5,394.8,Normal,126.0,115.0,110.0,120.0,0,0,0,1
C10-R7_jpg.rf.336d676ef9177b8a9d4345ad58c37074.png,33,228.2,388.0,Normal,197.35,190.0,183.0,193.0,0,4,0,1
C10-R7_jpg.rf.336d676ef9177b8a9d4345ad58c37074.png,34,261.3,429.8,Normal,131.29,125.0,119.0,131.0,0,0,0,3
C10-R7_jpg.rf.336d676ef9177b8a9d4345ad58c37074.png,35,286.1,365.8,Normal,108.04,104.0,102.0,118.0,0,0,0,3
C10-R7_jpg.rf.336d676ef9177b8a9d4345ad58c37074.png,36,410.2,362.4,Normal,164.97,157.0,151.0,160.0,0,0,0,3
C10-R7_jpg.rf.336d676ef9177b8a9d4345ad58c37074.png,37,432.5,418.3,Normal,273.55,256.0,251.0,274.0,0,0,0,8
C10-R7_jpg.rf.336d676ef9177b8a9d4345ad58c37074.png,38,464.3,369.5,Normal,43.27,83.0,74.0,89.0,5,10,1,4
C10-R7_jpg.rf.336d676ef9177b8a9d4345ad58c37074.png,39,523.7,386.1,Sem Raiz,6.0,14.0,10.0,12.0,0,3,0,1
C10-R7_jpg.rf.336d676ef9177b8a9d4345ad58c37074.png,40,558.2,367.1,Normal,138.34,132.0,128.0,138.0,0,1,0,1
C10-R7_jpg.rf.336d676ef9177b8a9d4345ad58c37074.png,41,117.7,493.0,Normal,182.22,160.0,155.0,164.0,0,0,0,1
C10-R7_jpg.rf.336d676ef9177b8a9d4345ad58c37074.png,42,178.4,495.3,Sem Raiz,17.86,17.0,16.0,21.0,0,0,0,0
C10-R7_jpg.rf.336d676ef9177b8a9d4345ad58c37074.png,43,202.8,476.0,Normal,104.77,106.0,97.0,112.0,0,4,0,2
C10-R7_jpg.rf.336d676ef9177b8a9d4345ad58c37074.png,44,241.3,514.8,Normal,151.38,147.0,138.0,153.0,0,4,0,7
C10-R7_jpg.rf.336d676ef9177b8a9d4345ad58c37074.png,45,290.7,516.6,Normal,131.89,118.0,114.0,125.0,0,0,0,4
C10-R7_jpg.rf.336d676ef9177b8a9d4345ad58c37074.png,46,322.4,517.8,Normal,174.36,165.0,161.0,170.0,0,0,0,2
C10-R7_jpg.rf.336d676ef9177b8a9d4345ad58c37074.png,47,371.2,491.4,Normal,220.22,207.0,203.0,214.0,0,0,0,6
C10-R7_jpg.rf.336d676ef9177b8a9d4345ad58c37074.png,48,458.0,518.6,Normal,124.0,124.0,117.0,126.0,0,4,0,1
C10-R7_jpg.rf.336d676ef9177b8a9d4345ad58c37074.png,49,503.8,514.6,Normal,157.08,149.0,143.0,154.0,0,0,0,3
C10-R7_jpg.rf.336d676ef9177b8a9d4345ad58c37074.png,50,524.9,452.4,Sem Hipocótilo,96.53,93.0,91.0,93.0,0,0,0,0
C10-R7_jpg.rf.336d676ef9177b8a9d4345ad58c37074.png,51,575.7,516.3,Normal,172.41,163.0,155.0,171.0,0,0,0,6
C10-R7_jpg.rf.336d676ef9177b8a9d4345ad58c37074.png,52,597.7,444.8,Normal,136.88,133.0,124.0,135.0,0,3,0,1
C10-R7_jpg.rf.336d676ef9177b8a9d4345ad58c37074.png,53,143.2,545.8,Normal,125.55,149.0,146.0,154.0,4,22,17,18
C10-R7_jpg.rf.336d676ef9177b8a9d4345ad58c37074.png,54,189.4,566.8,Sem Hipocótilo,104.61,101.0,99.0,102.0,0,0,0,0
C10-R7_jpg.rf.336d676ef9177b8a9d4345ad58c37074.png,55,402.0,547.6,Normal,140.57,135.0,134.0,141.0,0,0,0,0
C10-R8_jpg.rf.973336c7841d80e1652817cb02e9e13f.png,1,183.6,117.4,Normal,95.55,92.0,91.0,98.0,0,0,0,4
C10-R8_jpg.rf.973336c7841d80e1652817cb02e9e13f.png,2,283.6,106.2,Sem Raiz,32.18,29.0,28.0,31.0,0,0,0,0
C10-R8_jpg.rf.973336c7841d80e1652817cb02e9e13f.png,3,454.5,83.0,Sem Raiz,22.42,22.0,20.0,29.0,0,0,0,3
C10-R8_jpg.rf.973336c7841d80e1652817cb02e9e13f.png,4,134.0,129.0,Normal,121.35,114.0,109.0,116.0,0,0,0,0
C10-R8_jpg.rf.973336c7841d80e1652817cb02e9e13f.png,5,238.4,123.0,Normal,127.7,124.0,123.0,127.0,0,0,0,1
C10-R8_jpg.rf.973336c7841d80e1652817cb02e9e13f.png,6,278.5,169.8,Sem Hipocótilo,79.64,77.0,77.0,78.0,0,0,0,1
C10-R8_jpg.rf.973336c7841d80e1652817cb02e9e13f.png,7,309.8,153.4,Normal,79.7,91.0,82.0,93.0,1,14,5,9
C10-R8_jpg.rf.973336c7841d80e1652817cb02e9e13f.png,8,331.5,163.7,Sem Raiz,53.6,49.0,44.0,50.0,0,0,0,0
C10-R8_jpg.rf.973336c7841d80e1652817cb02e9e13f.png,9,362.6,149.6,Normal,143.83,136.0,134.0,142.0,0,0,0,4
C10-R8_jpg.rf.973336c7841d80e1652817cb02e9e13f.png,10,422.1,166.7,Normal,114.73,114.0,109.0,117.0,0,0,0,2
C10-R8_jpg.rf.973336c7841d80e1652817cb02e9e13f.png,11,458.1,152.1,Sem Hipocótilo,92.74,91.0,91.0,91.0,0,0,0,0
C10-R8_jpg.rf.973336c7841d80e1652817cb02e9e13f.png,12,507.5,142.3,Normal,125.81,121.0,114.0,121.0,0,0,0,1
C10-R8_jpg.rf.973336c7841d80e1652817cb02e9e13f.png,13,538.4,155.9,Normal,136.65,128.0,125.0,134.0,0,0,0,4
C10-R8_jpg.rf.973336c7841d80e1652817cb02e9e13f.png,14,117.3,258.8,Sem Hipocótilo,68.64,68.0,66.0,69.0,0,0,0,1
C10-R8_jpg.rf.973336c7841d80e1652817cb02e9e13f.png,15,168.5,245.0,Normal,120.76,115.0,111.0,120.0,0,0,0,2
C10-R8_jpg.rf.973336c7841d80e1652817cb02e9e13f.png,16,212.2,216.8,Normal,144.36,140.0,136.0,144.0,0,3,0,5
C10-R8_jpg.rf.973336c7841d80e1652817cb02e9e13f.png,17,256.5,253.1,Normal,103.78,97.0,94.0,103.0,0,0,0,5
C10-R8_jpg.rf.973336c7841d80e1652817cb02e9e13f.png,18,314.8,229.1,Sem Hipocótilo,62.55,53.0,54.0,55.0,0,0,0,0
C10-R8_jpg.rf.973336c7841d80e1652817cb02e9e13f.png,19,377.2,227.0,Normal,109.75,117.0,117.0,118.0,0,14,7,6
C10-R8_jpg.rf.973336c7841d80e1652817cb02e9e13f.png,20,402.3,267.0,Normal,166.71,151.0,149.0,158.0,0,0,0,3
C10-R8_jpg.rf.973336c7841d80e1652817cb02e9e13f.png,21,446.9,247.8,Normal,70.45,67.0,64.0,72.0,0,0,0,6
C10-R8_jpg.rf.973336c7841d80e1652817cb02e9e13f.png,22,491.8,248.5,Normal,158.8,146.0,143.0,148.0,0,0,0,3
C10-R8_jpg.rf.973336c7841d80e1652817cb02e9e13f.png,23,132.9,332.6,Normal,105.37,103.0,100.0,110.0,0,0,0,5
C10-R8_jpg.rf.973336c7841d80e1652817cb02e9e13f.png,24,191.9,346.4,Normal,149.18,142.0,136.0,146.0,0,0,0,3
C10-R8_jpg.rf.973336c7841d80e1652817cb02e9e13f.png,25,222.7,351.1,Sem Hipocótilo,82.43,78.0,76.0,85.0,0,0,0,3
C10-R8_jpg.rf.973336c7841d80e1652817cb02e9e13f.png,26,299.5,326.6,Sem Hipocótilo,32.91,33.0,33.0,35.0,0,0,0,0
C10-R8_jpg.rf.973336c7841d80e1652817cb02e9e13f.png,27,309.1,286.9,Sem Raiz,25.94,24.0,22.0,25.0,0,0,0,0
C10-R8_jpg.rf.973336c7841d80e1652817cb02e9e13f.png,28,340.5,285.4,Normal,135.54,128.0,126.0,135.0,0,0,0,3
C10-R8_jpg.rf.973336c7841d80e1652817cb02e9e13f.png,29,384.0,357.6,Normal,148.13,131.0,128.0,135.0,0,0,0,3
C10-R8_jpg.rf.973336c7841d80e1652817cb02e9e13f.png,30,432.2,328.4,Normal,98.75,92.0,88.0,99.0,0,0,0,6
C10-R8_jpg.rf.973336c7841d80e1652817cb02e9e13f.png,31,471.6,297.4,Normal,129.98,127.0,115.0,131.0,0,4,0,4
C10-R8_jpg.rf.973336c7841d80e1652817cb02e9e13f.png,32,514.4,286.8,Normal,163.23,154.0,148.0,159.0,0,0,0,2
C10-R8_jpg.rf.973336c7841d80e1652817cb02e9e13f.png,33,543.4,335.1,Normal,105.71,100.0,95.0,106.0,0,0,0,2
C10-R8_jpg.rf.973336c7841d80e1652817cb02e9e13f.png,34,126.3,421.1,Normal,67.66,82.0,79.0,91.0,4,6,4,9
C10-R8_jpg.rf.973336c7841d80e1652817cb02e9e13f.png,35,258.0,366.8,Normal,118.94,115.0,112.0,123.0,0,0,0,9
C10-R8_jpg.rf.973336c7841d80e1652817cb02e9e13f.png,36,295.4,433.4,Normal,150.46,140.0,137.0,144.0,0,0,0,2
C10-R8_jpg.rf.973336c7841d80e1652817cb02e9e13f.png,37,320.5,418.1,Normal,122.05,114.0,104.0,119.0,0,0,0,6
C10-R8_jpg.rf.973336c7841d80e1652817cb02e9e13f.png,38,360.8,413.4,Normal,97.43,93.0,89.0,99.0,0,0,0,6
C10-R8_jpg.rf.973336c7841d80e1652817cb02e9e13f.png,39,461.5,383.7,Sem Raiz,28.03,25.0,24.0,29.0,0,0,0,1
C10-R8_jpg.rf.973336c7841d80e1652817cb02e9e13f.png,40,475.5,429.5,Normal,256.35,240.0,233.0,246.0,0,0,0,5
C10-R8_jpg.rf.973336c7841d80e1652817cb02e9e13f.png,41,185.4,501.9,Normal,104.97,117.0,109.0,120.0,0,7,3,7
C10-R8_jpg.rf.973336c7841d80e1652817cb02e9e13f.png,42,228.7,441.8,Normal,121.13,114.0,110.0,120.0,0,0,0,4
C10-R8_jpg.rf.973336c7841d80e1652817cb02e9e13f.png,43,258.5,507.8,Normal,137.11,124.0,114.0,128.0,0,0,0,1
C10-R8_jpg.rf.973336c7841d80e1652817cb02e9e13f.png,44,345.4,513.1,Normal,158.14,146.0,141.0,153.0,0,0,0,11
C10-R8_jpg.rf.973336c7841d80e1652817cb02e9e13f.png,45,391.6,503.0,Normal,128.79,123.0,118.0,129.0,0,0,0,3
C10-R8_jpg.rf.973336c7841d80e1652817cb02e9e13f.png,46,423.7,463.3,Normal,132.03,124.0,112.0,128.0,0,0,0,3
C10-R8_jpg.rf.973336c7841d80e1652817cb02e9e13f.png,47,441.9,471.6,Sem Raiz,29.29,25.0,20.0,30.0,0,0,0,3
C10-R8_jpg.rf.973336c7841d80e1652817cb02e9e13f.png,48,518.0,461.8,Normal,168.83,162.0,156.0,166.0,0,0,0,3
C10-R8_jpg.rf.973336c7841d80e1652817cb02e9e13f.png,49,118.8,536.3,Normal,105.1,105.0,98.0,110.0,0,1,0,2
C10-R8_jpg.rf.973336c7841d80e1652817cb02e9e13f.png,50,154.3,536.7,Normal,99.71,94.0,86.0,96.0,0,3,0,0
C10-R8_jpg.rf.973336c7841d80e1652817cb02e9e13f.png,51,225.7,546.2,Sem Hipocótilo,22.9,23.0,23.0,23.0,0,0,0,0
C10-R8_jpg.rf.973336c7841d80e1652817cb02e9e13f.png,52,313.8,529.9,Normal,82.79,75.0,74.0,81.0,0,0,0,1
C10-R8_jpg.rf.973336c7841d80e1652817cb02e9e13f.png,53,439.6,549.1,Sem Hipocótilo,94.55,89.0,88.0,93.0,0,0,0,3
C10-R8_jpg.rf.973336c7841d80e1652817cb02e9e13f.png,54,490.5,545.1,Normal,132.54,122.0,116.0,129.0,0,0,0,3
C10-R8_jpg.rf.973336c7841d80e1652817cb02e9e13f.png,55,544.2,520.4,Normal,95.14,93.0,90.0,99.0,2,5,0,7
C10-R9_jpg.rf.6e3b10bbb67ee7a456b99e40622e4722.png,1,90.0,124.9,Normal,86.6,81.0,79.0,89.0,0,0,0,3
C10-R9_jpg.rf.6e3b10bbb67ee7a456b99e40622e4722.png,2,140.9,127.0,Normal,121.42,117.0,113.0,123.0,0,0,0,6
C10-R9_jpg.rf.6e3b10bbb67ee7a456b99e40622e4722.png,3,184.5,155.8,Normal,152.32,141.0,132.0,147.0,4,6,0,8
C10-R9_jpg.rf.6e3b10bbb67ee7a456b99e40622e4722.png,4,251.0,148.0,Normal,109.38,103.0,95.0,107.0,0,0,0,2
C10-R9_jpg.rf.6e3b10bbb67ee7a456b99e40622e4722.png,5,305.9,163.8,Normal,82.21,80.0,71.0,80.0,0,0,0,0
C10-R9_jpg.rf.6e3b10bbb67ee7a456b99e40622e4722.png,6,334.1,173.2,Normal,117.22,114.0,112.0,124.0,0,0,0,7
C10-R9_jpg.rf.6e3b10bbb67ee7a456b99e40622e4722.png,7,380.1,172.3,Normal,165.68,157.0,147.0,160.0,0,0,0,2
C10-R9_jpg.rf.6e3b10bbb67ee7a456b99e40622e4722.png,8,426.5,144.9,Normal,150.0,142.0,135.0,144.0,0,0,0,1
C10-R9_jpg.rf.6e3b10bbb67ee7a456b99e40622e4722.png,9,457.2,151.5,Normal,101.83,97.0,97.0,109.0,0,0,0,7
C10-R9_jpg.rf.6e3b10bbb67ee7a456b99e40622e4722.png,10,516.2,150.3,Normal,137.72,126.0,122.0,132.0,0,0,0,5
C10-R9_jpg.rf.6e3b10bbb67ee7a456b99e40622e4722.png,11,121.7,260.4,Normal,158.6,152.0,147.0,159.0,0,0,0,6
C10-R9_jpg.rf.6e3b10bbb67ee7a456b99e40622e4722.png,12,145.8,270.7,Normal,120.6,113.0,106.0,119.0,0,0,0,2
C10-R9_jpg.rf.6e3b10bbb67ee7a456b99e40622e4722.png,13,199.0,224.1,Normal,137.11,133.0,128.0,140.0,0,1,0,4
C10-R9_jpg.rf.6e3b10bbb67ee7a456b99e40622e4722.png,14,246.9,234.5,Normal,119.08,109.0,102.0,112.0,0,0,0,0
C10-R9_jpg.rf.6e3b10bbb67ee7a456b99e40622e4722.png,15,269.3,220.9,Normal,145.55,137.0,133.0,144.0,0,0,0,7
C10-R9_jpg.rf.6e3b10bbb67ee7a456b99e40622e4722.png,16,367.9,227.8,Normal,140.35,134.0,131.0,138.0,0,0,0,1
C10-R9_jpg.rf.6e3b10bbb67ee7a456b99e40622e4722.png,17,420.9,252.9,Normal,165.42,152.0,149.0,155.0,0,0,0,0
C10-R9_jpg.rf.6e3b10bbb67ee7a456b99e40622e4722.png,18,489.4,278.0,Normal,109.79,103.0,99.0,110.0,0,0,0,7
C10-R9_jpg.rf.6e3b10bbb67ee7a456b99e40622e4722.png,19,65.6,301.8,Normal,154.48,145.0,139.0,148.0,0,0,0,2
C10-R9_jpg.rf.6e3b10bbb67ee7a456b99e40622e4722.png,20,198.9,336.6,Normal,106.48,97.0,89.0,97.0,0,0,0,0
C10-R9_jpg.rf.6e3b10bbb67ee7a456b99e40622e4722.png,21,236.4,315.2,Normal,131.4,120.0,116.0,125.0,0,0,0,2
C10-R9_jpg.rf.6e3b10bbb67ee7a456b99e40622e4722.png,22,284.0,345.4,Normal,110.48,108.0,99.0,112.0,0,0,0,2
C10-R9_jpg.rf.6e3b10bbb67ee7a456b99e40622e4722.png,23,303.2,301.3,Normal,118.76,112.0,110.0,123.0,0,0,0,7
C10-R9_jpg.rf.6e3b10bbb67ee7a456b99e40622e4722.png,24,329.5,303.0,Normal,167.3,161.0,153.0,170.0,0,0,0,7
C10-R9_jpg.rf.6e3b10bbb67ee7a456b99e40622e4722.png,25,398.0,344.2,Normal,109.38,105.0,100.0,109.0,0,0,0,2
C10-R9_jpg.rf.6e3b10bbb67ee7a456b99e40622e4722.png,26,447.8,281.2,Normal,125.61,115.0,112.0,119.0,0,0,0,2
C10-R9_jpg.rf.6e3b10bbb67ee7a456b99e40622e4722.png,27,521.8,334.4,Normal,132.7,122.0,116.0,131.0,0,0,0,7
C10-R9_jpg.rf.6e3b10bbb67ee7a456b99e40622e4722.png,28,570.6,299.3,Sem Hipocótilo,105.3,99.0,99.0,99.0,0,0,0,0
C10-R9_jpg.rf.6e3b10bbb67ee7a456b99e40622e4722.png,29,102.9,378.6,Normal,105.49,101.0,93.0,105.0,2,4,0,4
C10-R9_jpg.rf.6e3b10bbb67ee7a456b99e40622e4722.png,30,144.7,418.9,Normal,140.11,132.0,124.0,136.0,0,0,0,3
C10-R9_jpg.rf.6e3b10bbb67ee7a456b99e40622e4722.png,31,171.2,363.1,Normal,122.51,114.0,109.0,122.0,0,0,0,5
C10-R9_jpg.rf.6e3b10bbb67ee7a456b99e40622e4722.png,32,233.7,399.1,Sem Raiz,32.01,32.0,29.0,36.0,0,0,0,2
C10-R9_jpg.rf.6e3b10bbb67ee7a456b99e40622e4722.png,33,256.3,385.2,Normal,79.62,89.0,83.0,94.0,4,8,1,5
C10-R9_jpg.rf.6e3b10bbb67ee7a456b99e40622e4722.png,34,322.3,439.6,Normal,121.46,115.0,113.0,121.0,0,0,0,2
C10-R9_jpg.rf.6e3b10bbb67ee7a456b99e40622e4722.png,35,358.1,363.9,Normal,114.8,117.0,113.0,122.0,0,1,0,3
C10-R9_jpg.rf.6e3b10bbb67ee7a456b99e40622e4722.png,36,470.6,387.1,Normal,134.51,130.0,127.0,139.0,0,0,0,2
C10-R9_jpg.rf.6e3b10bbb67ee7a456b99e40622e4722.png,37,86.7,496.7,Normal,68.37,102.0,89.0,111.0,5,7,1,9
C10-R9_jpg.rf.6e3b10bbb67ee7a456b99e40622e4722.png,38,128.2,515.7,Normal,101.67,99.0,91.0,101.0,0,3,0,3
C10-R9_jpg.rf.6e3b10bbb67ee7a456b99e40622e4722.png,39,171.2,489.1,Normal,135.38,144.0,143.0,155.0,4,7,9,11
C10-R9_jpg.rf.6e3b10bbb67ee7a456b99e40622e4722.png,40,209.6,489.7,Normal,163.37,159.0,150.0,163.0,3,3,0,2
C10-R9_jpg.rf.6e3b10bbb67ee7a456b99e40622e4722.png,41,230.0,462.7,Sem Hipocótilo,65.73,68.0,64.0,69.0,0,1,0,3
C10-R9_jpg.rf.6e3b10bbb67ee7a456b99e40622e4722.png,42,258.2,509.1,Normal,151.24,154.0,151.0,157.0,0,6,1,5
C10-R9_jpg.rf.6e3b10bbb67ee7a456b99e40622e4722.png,43,283.8,512.6,Normal,125.71,118.0,111.0,121.0,0,0,0,0
C10-R9_jpg.rf.6e3b10bbb67ee7a456b99e40622e4722.png,44,341.1,496.2,Normal,163.15,156.0,151.0,161.0,0,0,0,1
C10-R9_jpg.rf.6e3b10bbb67ee7a456b99e40622e4722.png,45,367.3,503.9,Normal,161.69,149.0,144.0,154.0,0,0,0,4
C10-R9_jpg.rf.6e3b10bbb67ee7a456b99e40622e4722.png,46,396.5,507.1,Normal,79.06,73.0,65.0,78.0,0,3,0,1
C10-R9_jpg.rf.6e3b10bbb67ee7a456b99e40622e4722.png,47,423.3,492.2,Normal,159.94,155.0,148.0,158.0,0,0,0,1
C10-R9_jpg.rf.6e3b10bbb67ee7a456b99e40622e4722.png,48,452.5,494.3,Normal,118.35,113.0,111.0,120.0,0,0,0,4
C10-R9_jpg.rf.6e3b10bbb67ee7a456b99e40622e4722.png,49,495.7,459.6,Normal,124.4,114.0,111.0,121.0,0,0,0,2
C10-R9_jpg.rf.6e3b10bbb67ee7a456b99e40622e4722.png,50,537.2,496.8,Normal,149.92,139.0,134.0,145.0,0,0,0,2
C10-R9_jpg.rf.6e3b10bbb67ee7a456b99e40622e4722.png,51,574.4,444.5,Normal,154.05,141.0,137.0,149.0,0,0,0,7
C11-R10_jpg.rf.f5b6f6edb12dd7dad57608e2342165f4.png,1,261.8,116.7,Sem Raiz,8.03,14.0,14.0,18.0,0,1,0,4
C11-R10_jpg.rf.f5b6f6edb12dd7dad57608e2342165f4.png,2,82.5,147.1,Normal,74.56,68.0,65.0,75.0,0,0,0,4
C11-R10_jpg.rf.f5b6f6edb12dd7dad57608e2342165f4.png,3,133.5,124.3,Sem Raiz,8.89,10.0,11.0,15.0,0,0,0,4
C11-R10_jpg.rf.f5b6f6edb12dd7dad57608e2342165f4.png,4,170.9,164.9,Sem Hipocótilo,53.93,56.0,55.0,63.0,0,0,0,3
C11-R10_jpg.rf.f5b6f6edb12dd7dad57608e2342165f4.png,5,230.9,152.0,Normal,99.52,92.0,87.0,94.0,0,0,0,1
C11-R10_jpg.rf.f5b6f6edb12dd7dad57608e2342165f4.png,6,266.7,165.9,Sem Hipocótilo,67.81,67.0,62.0,67.0,0,0,0,0
C11-R10_jpg.rf.f5b6f6edb12dd7dad57608e2342165f4.png,7,310.8,157.8,Normal,99.88,94.0,87.0,97.0,0,0,0,2
C11-R10_jpg.rf.f5b6f6edb12dd7dad57608e2342165f4.png,8,359.6,172.7,Normal,62.43,57.0,54.0,61.0,0,0,0,1
C11-R10_jpg.rf.f5b6f6edb12dd7dad57608e2342165f4.png,9,396.6,146.9,Normal,71.28,68.0,66.0,75.0,0,0,0,7
C11-R10_jpg.rf.f5b6f6edb12dd7dad57608e2342165f4.png,10,424.2,170.7,Normal,116.36,107.0,101.0,112.0,0,0,0,4
C11-R10_jpg.rf.f5b6f6edb12dd7dad57608e2342165f4.png,11,472.3,176.0,Normal,85.13,83.0,79.0,88.0,0,0,0,4
C11-R10_jpg.rf.f5b6f6edb12dd7dad57608e2342165f4.png,12,500.3,134.7,Normal,88.35,80.0,77.0,82.0,0,0,0,1
C11-R10_jpg.rf.f5b6f6edb12dd7dad57608e2342165f4.png,13,542.5,135.6,Normal,102.16,98.0,90.0,102.0,3,3,0,4
C11-R10_jpg.rf.f5b6f6edb12dd7dad57608e2342165f4.png,14,85.7,277.9,Sem Raiz,90.66,87.0,88.0,90.0,0,0,0,0
C11-R10_jpg.rf.f5b6f6edb12dd7dad57608e2342165f4.png,15,151.2,254.8,Normal,74.01,71.0,67.0,75.0,0,0,0,1
C11-R10_jpg.rf.f5b6f6edb12dd7dad57608e2342165f4.png,16,203.1,260.3,Normal,105.84,97.0,93.0,106.0,0,0,0,3
C11-R10_jpg.rf.f5b6f6edb12dd7dad57608e2342165f4.png,17,260.1,277.5,Sem Hipocótilo,28.69,26.0,24.0,29.0,0,0,0,3
C11-R10_jpg.rf.f5b6f6edb12dd7dad57608e2342165f4.png,18,299.7,270.8,Normal,85.41,85.0,75.0,86.0,0,1,0,1
C11-R10_jpg.rf.f5b6f6edb12dd7dad57608e2342165f4.png,19,352.0,269.9,Normal,83.3,78.0,73.0,80.0,0,0,0,1
C11-R10_jpg.rf.f5b6f6edb12dd7dad57608e2342165f4.png,20,474.2,259.5,Normal,80.92,77.0,72.0,85.0,0,0,0,4
C11-R10_jpg.rf.f5b6f6edb12dd7dad57608e2342165f4.png,21,572.7,270.8,Normal,121.02,112.0,110.0,113.0,0,0,0,0
C11-R10_jpg.rf.f5b6f6edb12dd7dad57608e2342165f4.png,22,115.0,310.7,Sem Raiz,17.51,16.0,15.0,18.0,0,0,0,0
C11-R10_jpg.rf.f5b6f6edb12dd7dad57608e2342165f4.png,23,173.9,347.5,Normal,100.67,94.0,89.0,98.0,0,0,0,1
C11-R10_jpg.rf.f5b6f6edb12dd7dad57608e2342165f4.png,24,231.3,344.7,Normal,93.09,97.0,95.0,102.0,0,1,0,3
C11-R10_jpg.rf.f5b6f6edb12dd7dad57608e2342165f4.png,25,325.8,323.6,Normal,86.42,78.0,76.0,85.0,0,0,0,4
C11-R10_jpg.rf.f5b6f6edb12dd7dad57608e2342165f4.png,26,380.7,352.0,Normal,80.74,80.0,74.0,84.0,0,0,0,4
C11-R10_jpg.rf.f5b6f6edb12dd7dad57608e2342165f4.png,27,416.0,303.2,Normal,112.92,108.0,105.0,114.0,0,0,0,6
C11-R10_jpg.rf.f5b6f6edb12dd7dad57608e2342165f4.png,28,516.5,350.0,Normal,81.38,80.0,74.0,82.0,0,1,0,2
C11-R10_jpg.rf.f5b6f6edb12dd7dad57608e2342165f4.png,29,538.9,285.3,Normal,136.56,128.0,119.0,132.0,0,0,0,2
C11-R10_jpg.rf.f5b6f6edb12dd7dad57608e2342165f4.png,30,89.3,426.7,Normal,88.35,81.0,74.0,87.0,3,3,0,4
C11-R10_jpg.rf.f5b6f6edb12dd7dad57608e2342165f4.png,31,127.3,363.5,Sem Hipocótilo,80.81,71.0,71.0,73.0,0,0,0,1
C11-R10_jpg.rf.f5b6f6edb12dd7dad57608e2342165f4.png,32,145.8,389.7,Sem Raiz,14.46,24.0,21.0,27.0,0,5,0,6
C11-R10_jpg.rf.f5b6f6edb12dd7dad57608e2342165f4.png,33,161.4,422.4,Sem Hipocótilo,53.64,46.0,45.0,49.0,0,0,0,3
C11-R10_jpg.rf.f5b6f6edb12dd7dad57608e2342165f4.png,34,269.9,374.1,Normal,57.19,62.0,56.0,65.0,0,1,0,2
C11-R10_jpg.rf.f5b6f6edb12dd7dad57608e2342165f4.png,35,454.6,368.9,Sem Hipocótilo,46.7,44.0,44.0,45.0,0,0,0,0
C11-R10_jpg.rf.f5b6f6edb12dd7dad57608e2342165f4.png,36,485.9,425.8,Normal,110.57,105.0,103.0,114.0,0,0,0,7
C11-R10_jpg.rf.f5b6f6edb12dd7dad57608e2342165f4.png,37,571.8,410.9,Normal,115.38,101.0,97.0,106.0,0,0,0,3
C11-R10_jpg.rf.f5b6f6edb12dd7dad57608e2342165f4.png,38,139.2,509.5,Normal,103.32,102.0,93.0,112.0,0,1,0,5
C11-R10_jpg.rf.f5b6f6edb12dd7dad57608e2342165f4.png,39,190.4,513.4,Normal,116.24,109.0,101.0,115.0,0,0,0,6
C11-R10_jpg.rf.f5b6f6edb12dd7dad57608e2342165f4.png,40,226.3,457.5,Normal,81.45,77.0,75.0,83.0,0,0,0,6
C11-R10_jpg.rf.f5b6f6edb12dd7dad57608e2342165f4.png,41,277.9,477.3,Normal,43.79,42.0,39.0,46.0,0,0,0,2
C11-R10_jpg.rf.f5b6f6edb12dd7dad57608e2342165f4.png,42,313.9,449.6,Normal,118.58,110.0,110.0,115.0,0,0,0,2
C11-R10_jpg.rf.f5b6f6edb12dd7dad57608e2342165f4.png,43,352.0,440.9,Sem Hipocótilo,63.35,62.0,60.0,62.0,0,0,0,0
C11-R10_jpg.rf.f5b6f6edb12dd7dad57608e2342165f4.png,44,432.6,458.4,Normal,90.81,85.0,79.0,90.0,0,0,0,4
C11-R10_jpg.rf.f5b6f6edb12dd7dad57608e2342165f4.png,45,92.3,542.0,Normal,122.23,126.0,117.0,131.0,0,7,1,4
C11-R10_jpg.rf.f5b6f6edb12dd7dad57608e2342165f4.png,46,248.3,525.3,Normal,110.78,108.0,103.0,111.0,0,0,0,4
C11-R10_jpg.rf.f5b6f6edb12dd7dad57608e2342165f4.png,47,311.7,549.5,Normal,77.64,86.0,80.0,90.0,5,5,3,4
C11-R10_jpg.rf.f5b6f6edb12dd7dad57608e2342165f4.png,48,348.1,544.3,Normal,118.5,120.0,114.0,127.0,1,1,0,3
C11-R10_jpg.rf.f5b6f6edb12dd7dad57608e2342165f4.png,49,402.4,539.6,Normal,92.39,85.0,82.0,89.0,0,0,0,4
C11-R10_jpg.rf.f5b6f6edb12dd7dad57608e2342165f4.png,50,452.5,531.5,Normal,116.33,109.0,102.0,114.0,0,0,0,4
C11-R10_jpg.rf.f5b6f6edb12dd7dad57608e2342165f4.png,51,490.2,543.1,Normal,95.33,95.0,91.0,100.0,0,1,0,2
C11-R10_jpg.rf.f5b6f6edb12dd7dad57608e2342165f4.png,52,557.3,539.2,Normal,63.0,62.0,56.0,68.0,0,1,0,5
C11-R1_jpg.rf.ca97f76d6a02d6041d406d5e40a08105.png,1,120.2,134.2,Normal,124.69,116.0,110.0,119.0,0,0,0,3
C11-R1_jpg.rf.ca97f76d6a02d6041d406d5e40a08105.png,2,162.7,124.9,Normal,129.9,118.0,111.0,126.0,0,0,0,4
C11-R1_jpg.rf.ca97f76d6a02d6041d406d5e40a08105.png,3,217.8,137.8,Normal,91.51,94.0,87.0,102.0,0,1,0,7
C11-R1_jpg.rf.ca97f76d6a02d6041d406d5e40a08105.png,4,246.4,120.4,Normal,44.85,62.0,59.0,69.0,3,17,10,12
C11-R1_jpg.rf.ca97f76d6a02d6041d406d5e40a08105.png,5,287.5,147.6,Normal,110.18,102.0,100.0,106.0,0,0,0,0
C11-R1_jpg.rf.ca97f76d6a02d6041d406d5e40a08105.png,6,328.2,148.6,Normal,97.89,95.0,91.0,100.0,0,0,0,2
C11-R1_jpg.rf.ca97f76d6a02d6041d406d5e40a08105.png,7,368.1,144.1,Normal,116.56,110.0,104.0,117.0,0,0,0,7
C11-R1_jpg.rf.ca97f76d6a02d6041d406d5e40a08105.png,8,407.0,152.9,Normal,110.79,104.0,101.0,109.0,0,0,0,4
C11-R1_jpg.rf.ca97f76d6a02d6041d406d5e40a08105.png,9,463.1,120.3,Normal,46.88,43.0,41.0,49.0,0,0,0,2
C11-R1_jpg.rf.ca97f76d6a02d6041d406d5e40a08105.png,10,491.7,147.2,Normal,109.06,101.0,98.0,112.0,0,0,0,2
C11-R1_jpg.rf.ca97f76d6a02d6041d406d5e40a08105.png,11,113.5,213.8,Normal,32.59,35.0,23.0,38.0,0,4,0,3
C11-R1_jpg.rf.ca97f76d6a02d6041d406d5e40a08105.png,12,171.4,263.5,Sem Hipocótilo,96.39,93.0,87.0,95.0,3,3,0,4
C11-R1_jpg.rf.ca97f76d6a02d6041d406d5e40a08105.png,13,226.3,261.1,Normal,87.63,80.0,77.0,84.0,0,0,0,1
C11-R1_jpg.rf.ca97f76d6a02d6041d406d5e40a08105.png,14,269.9,261.4,Normal,106.71,103.0,95.0,107.0,0,0,0,2
C11-R1_jpg.rf.ca97f76d6a02d6041d406d5e40a08105.png,15,306.0,278.9,Normal,119.26,115.0,107.0,121.0,0,0,0,3
C11-R1_jpg.rf.ca97f76d6a02d6041d406d5e40a08105.png,16,341.4,244.9,Sem Raiz,28.11,28.0,26.0,30.0,0,0,0,0
C11-R1_jpg.rf.ca97f76d6a02d6041d406d5e40a08105.png,17,389.8,219.8,Normal,20.82,20.0,13.0,27.0,0,0,0,1
C11-R1_jpg.rf.ca97f76d6a02d6041d406d5e40a08105.png,18,424.7,261.4,Normal,75.6,77.0,69.0,82.0,0,4,0,2
C11-R1_jpg.rf.ca97f76d6a02d6041d406d5e40a08105.png,19,464.4,261.9,Normal,90.3,84.0,78.0,88.0,0,0,0,6
C11-R1_jpg.rf.ca97f76d6a02d6041d406d5e40a08105.png,20,516.5,235.1,Normal,79.02,80.0,72.0,90.0,3,3,0,6
C11-R1_jpg.rf.ca97f76d6a02d6041d406d5e40a08105.png,21,130.3,318.3,Normal,126.8,116.0,113.0,119.0,0,0,0,1
C11-R1_jpg.rf.ca97f76d6a02d6041d406d5e40a08105.png,22,201.5,294.2,Normal,43.99,39.0,36.0,43.0,0,0,0,0
C11-R1_jpg.rf.ca97f76d6a02d6041d406d5e40a08105.png,23,260.8,329.9,Normal,45.73,42.0,34.0,52.0,0,0,0,12
C11-R1_jpg.rf.ca97f76d6a02d6041d406d5e40a08105.png,24,323.8,297.2,Sem Hipocótilo,72.07,66.0,65.0,67.0,0,0,0,0
C11-R1_jpg.rf.ca97f76d6a02d6041d406d5e40a08105.png,25,341.8,344.2,Normal,128.68,121.0,119.0,128.0,0,0,0,6
C11-R1_jpg.rf.ca97f76d6a02d6041d406d5e40a08105.png,26,380.3,296.4,Normal,44.16,39.0,32.0,49.0,0,0,0,7
C11-R1_jpg.rf.ca97f76d6a02d6041d406d5e40a08105.png,27,430.7,348.6,Normal,102.0,97.0,89.0,102.0,0,0,0,2
C11-R1_jpg.rf.ca97f76d6a02d6041d406d5e40a08105.png,28,455.5,344.7,Sem Raiz,15.83,15.0,17.0,20.0,0,0,0,1
C11-R1_jpg.rf.ca97f76d6a02d6041d406d5e40a08105.png,29,506.5,326.8,Normal,61.8,57.0,54.0,63.0,0,0,0,6
C11-R1_jpg.rf.ca97f76d6a02d6041d406d5e40a08105.png,30,103.0,393.8,Normal,110.56,112.0,107.0,116.0,0,4,0,4
C11-R1_jpg.rf.ca97f76d6a02d6041d406d5e40a08105.png,31,129.6,402.4,Normal,50.08,59.0,49.0,65.0,3,5,0,1
C11-R1_jpg.rf.ca97f76d6a02d6041d406d5e40a08105.png,32,199.8,377.1,Normal,110.68,99.0,95.0,98.0,0,0,0,0
C11-R1_jpg.rf.ca97f76d6a02d6041d406d5e40a08105.png,33,230.8,416.3,Normal,101.27,95.0,92.0,104.0,0,0,0,4
C11-R1_jpg.rf.ca97f76d6a02d6041d406d5e40a08105.png,34,266.9,413.0,Normal,79.82,85.0,77.0,90.0,0,3,0,7
C11-R1_jpg.rf.ca97f76d6a02d6041d406d5e40a08105.png,35,304.8,387.2,Normal,108.62,105.0,101.0,110.0,0,0,0,2
C11-R1_jpg.rf.ca97f76d6a02d6041d406d5e40a08105.png,36,365.1,411.3,Normal,114.13,108.0,100.0,113.0,0,0,0,4
C11-R1_jpg.rf.ca97f76d6a02d6041d406d5e40a08105.png,37,406.7,395.7,Normal,65.73,59.0,55.0,70.0,0,0,0,7
C11-R1_jpg.rf.ca97f76d6a02d6041d406d5e40a08105.png,38,477.2,429.0,Normal,91.45,88.0,86.0,98.0,0,0,0,9
C11-R1_jpg.rf.ca97f76d6a02d6041d406d5e40a08105.png,39,505.9,414.7,Normal,63.18,58.0,53.0,62.0,0,0,0,1
C11-R1_jpg.rf.ca97f76d6a02d6041d406d5e40a08105.png,40,135.6,488.5,Normal,138.1,128.0,121.0,133.0,3,4,0,3
C11-R1_jpg.rf.ca97f76d6a02d6041d406d5e40a08105.png,41,166.4,440.1,Normal,150.58,142.0,135.0,149.0,0,0,0,4
C11-R1_jpg.rf.ca97f76d6a02d6041d406d5e40a08105.png,42,194.9,481.3,Normal,112.33,104.0,105.0,113.0,0,0,0,4
C11-R1_jpg.rf.ca97f76d6a02d6041d406d5e40a08105.png,43,246.5,503.4,Normal,111.4,107.0,98.0,115.0,3,3,0,6
C11-R1_jpg.rf.ca97f76d6a02d6041d406d5e40a08105.png,44,277.9,489.8,Normal,105.93,100.0,97.0,105.0,0,0,0,2
C11-R1_jpg.rf.ca97f76d6a02d6041d406d5e40a08105.png,45,313.6,508.1,Normal,111.05,105.0,96.0,109.0,0,1,0,3
C11-R1_jpg.rf.ca97f76d6a02d6041d406d5e40a08105.png,46,346.1,480.0,Normal,126.3,117.0,112.0,124.0,0,0,0,5
C11-R1_jpg.rf.ca97f76d6a02d6041d406d5e40a08105.png,47,378.9,517.9,Normal,113.11,108.0,104.0,118.0,0,0,0,6
C11-R1_jpg.rf.ca97f76d6a02d6041d406d5e40a08105.png,48,411.8,492.2,Sem Raiz,13.38,12.0,11.0,12.0,0,0,0,0
C11-R1_jpg.rf.ca97f76d6a02d6041d406d5e40a08105.png,49,439.3,462.7,Sem Raiz,8.04,12.0,2.0,12.0,0,4,0,1
C11-R1_jpg.rf.ca97f76d6a02d6041d406d5e40a08105.png,50,446.7,512.8,Sem Hipocótilo,69.25,66.0,65.0,67.0,0,0,0,0
C11-R1_jpg.rf.ca97f76d6a02d6041d406d5e40a08105.png,51,417.8,524.7,Sem Hipocótilo,26.22,24.0,22.0,27.0,0,0,0,3
C11-R1_jpg.rf.ca97f76d6a02d6041d406d5e40a08105.png,52,473.7,537.4,Normal,72.15,65.0,64.0,76.0,0,0,0,6
C11-R1_jpg.rf.ca97f76d6a02d6041d406d5e40a08105.png,53,509.9,534.1,Normal,75.8,69.0,63.0,76.0,0,0,0,4
C11-R2_jpg.rf.d9db5b49d384123f8f88e0bdd55a0f56.png,1,250.1,111.6,Sem Raiz,22.75,20.0,16.0,23.0,0,0,0,1
C11-R2_jpg.rf.d9db5b49d384123f8f88e0bdd55a0f56.png,2,409.2,100.2,Normal,47.58,44.0,40.0,55.0,0,0,0,10
C11-R2_jpg.rf.d9db5b49d384123f8f88e0bdd55a0f56.png,3,107.2,146.5,Normal,86.54,83.0,78.0,91.0,0,0,0,7
C11-R2_jpg.rf.d9db5b49d384123f8f88e0bdd55a0f56.png,4,174.8,134.2,Normal,102.41,105.0,95.0,107.0,0,4,0,4
C11-R2_jpg.rf.d9db5b49d384123f8f88e0bdd55a0f56.png,5,219.8,126.2,Normal,107.67,100.0,95.0,104.0,0,0,0,3
C11-R2_jpg.rf.d9db5b49d384123f8f88e0bdd55a0f56.png,6,299.8,155.4,Normal,98.03,98.0,96.0,101.0,0,1,1,1
C11-R2_jpg.rf.d9db5b49d384123f8f88e0bdd55a0f56.png,7,326.8,157.4,Normal,125.11,121.0,112.0,124.0,0,0,0,2
C11-R2_jpg.rf.d9db5b49d384123f8f88e0bdd55a0f56.png,8,358.1,167.8,Sem Raiz,19.84,19.0,18.0,20.0,0,0,0,0
C11-R2_jpg.rf.d9db5b49d384123f8f88e0bdd55a0f56.png,9,372.6,122.4,Normal,44.64,39.0,33.0,48.0,0,0,0,3
C11-R2_jpg.rf.d9db5b49d384123f8f88e0bdd55a0f56.png,10,461.3,131.1,Normal,54.72,56.0,51.0,59.0,2,4,0,3
C11-R2_jpg.rf.d9db5b49d384123f8f88e0bdd55a0f56.png,11,515.6,146.9,Normal,113.98,110.0,109.0,118.0,0,0,0,5
C11-R2_jpg.rf.d9db5b49d384123f8f88e0bdd55a0f56.png,12,91.0,260.8,Normal,98.38,94.0,83.0,97.0,0,0,0,2
C11-R2_jpg.rf.d9db5b49d384123f8f88e0bdd55a0f56.png,13,140.5,245.6,Normal,117.25,112.0,106.0,120.0,0,0,0,7
C11-R2_jpg.rf.d9db5b49d384123f8f88e0bdd55a0f56.png,14,197.3,231.8,Normal,103.93,97.0,96.0,100.0,0,0,0,1
C11-R2_jpg.rf.d9db5b49d384123f8f88e0bdd55a0f56.png,15,266.6,220.6,Normal,141.85,139.0,129.0,140.0,2,7,0,1
C11-R2_jpg.rf.d9db5b49d384123f8f88e0bdd55a0f56.png,16,344.7,225.5,Sem Hipocótilo,78.51,70.0,69.0,73.0,0,0,0,3
C11-R2_jpg.rf.d9db5b49d384123f8f88e0bdd55a0f56.png,17,381.4,235.0,Normal,79.03,73.0,68.0,80.0,0,0,0,4
C11-R2_jpg.rf.d9db5b49d384123f8f88e0bdd55a0f56.png,18,424.5,211.1,Normal,135.99,125.0,117.0,134.0,0,0,0,7
C11-R2_jpg.rf.d9db5b49d384123f8f88e0bdd55a0f56.png,19,468.2,236.4,Normal,106.34,99.0,96.0,106.0,0,0,0,4
C11-R2_jpg.rf.d9db5b49d384123f8f88e0bdd55a0f56.png,20,493.7,241.2,Sem Hipocótilo,50.8,52.0,46.0,52.0,0,0,0,0
C11-R2_jpg.rf.d9db5b49d384123f8f88e0bdd55a0f56.png,21,544.5,259.8,Normal,144.59,138.0,132.0,147.0,0,0,0,7
C11-R2_jpg.rf.d9db5b49d384123f8f88e0bdd55a0f56.png,22,171.6,329.4,Normal,130.89,125.0,125.0,135.0,0,0,0,2
C11-R2_jpg.rf.d9db5b49d384123f8f88e0bdd55a0f56.png,23,222.6,333.1,Normal,90.5,86.0,80.0,86.0,0,0,0,0
C11-R2_jpg.rf.d9db5b49d384123f8f88e0bdd55a0f56.png,24,247.9,300.7,Normal,105.02,96.0,92.0,99.0,0,0,0,0
C11-R2_jpg.rf.d9db5b49d384123f8f88e0bdd55a0f56.png,25,302.5,285.2,Normal,104.47,96.0,90.0,104.0,0,0,0,6
C11-R2_jpg.rf.d9db5b49d384123f8f88e0bdd55a0f56.png,26,349.0,284.6,Normal,45.14,42.0,34.0,44.0,0,0,0,0
C11-R2_jpg.rf.d9db5b49d384123f8f88e0bdd55a0f56.png,27,386.8,333.3,Normal,89.0,83.0,75.0,84.0,0,0,0,0
C11-R2_jpg.rf.d9db5b49d384123f8f88e0bdd55a0f56.png,28,422.3,340.0,Normal,138.44,121.0,118.0,130.0,0,0,0,4
C11-R2_jpg.rf.d9db5b49d384123f8f88e0bdd55a0f56.png,29,458.1,342.9,Normal,84.11,81.0,75.0,90.0,0,0,0,8
C11-R2_jpg.rf.d9db5b49d384123f8f88e0bdd55a0f56.png,30,488.5,349.5,Sem Hipocótilo,90.15,82.0,78.0,85.0,0,0,0,1
C11-R2_jpg.rf.d9db5b49d384123f8f88e0bdd55a0f56.png,31,76.5,398.4,Sem Hipocótilo,87.73,78.0,77.0,79.0,0,0,0,0
C11-R2_jpg.rf.d9db5b49d384123f8f88e0bdd55a0f56.png,32,120.7,388.5,Normal,95.53,86.0,79.0,91.0,0,0,0,5
C11-R2_jpg.rf.d9db5b49d384123f8f88e0bdd55a0f56.png,33,191.6,425.7,Sem Hipocótilo,70.07,66.0,65.0,68.0,0,0,0,1
C11-R2_jpg.rf.d9db5b49d384123f8f88e0bdd55a0f56.png,34,219.5,438.1,Normal,63.46,61.0,61.0,63.0,0,0,0,1
C11-R2_jpg.rf.d9db5b49d384123f8f88e0bdd55a0f56.png,35,270.3,418.7,Normal,99.53,95.0,90.0,100.0,0,0,0,3
C11-R2_jpg.rf.d9db5b49d384123f8f88e0bdd55a0f56.png,36,309.9,423.6,Normal,91.09,84.0,77.0,93.0,0,0,0,10
C11-R2_jpg.rf.d9db5b49d384123f8f88e0bdd55a0f56.png,37,361.4,431.5,Normal,178.27,167.0,161.0,169.0,0,0,0,0
C11-R2_jpg.rf.d9db5b49d384123f8f88e0bdd55a0f56.png,38,412.4,421.2,Normal,109.62,105.0,97.0,111.0,0,0,0,2
C11-R2_jpg.rf.d9db5b49d384123f8f88e0bdd55a0f56.png,39,524.5,400.1,Normal,101.12,99.0,94.0,105.0,0,1,0,5
C11-R2_jpg.rf.d9db5b49d384123f8f88e0bdd55a0f56.png,40,568.5,393.5,Normal,95.35,88.0,81.0,94.0,0,0,0,1
C11-R2_jpg.rf.d9db5b49d384123f8f88e0bdd55a0f56.png,41,109.1,498.7,Normal,114.83,118.0,114.0,127.0,5,7,1,12
C11-R2_jpg.rf.d9db5b49d384123f8f88e0bdd55a0f56.png,42,160.3,479.4,Normal,107.33,98.0,92.0,103.0,0,0,0,1
C11-R2_jpg.rf.d9db5b49d384123f8f88e0bdd55a0f56.png,43,243.9,502.6,Normal,144.99,131.0,125.0,134.0,0,0,0,1
C11-R2_jpg.rf.d9db5b49d384123f8f88e0bdd55a0f56.png,44,405.7,510.3,Normal,49.06,47.0,41.0,51.0,0,0,0,1
C11-R2_jpg.rf.d9db5b49d384123f8f88e0bdd55a0f56.png,45,445.2,489.9,Normal,145.26,126.0,124.0,135.0,0,0,0,3
C11-R2_jpg.rf.d9db5b49d384123f8f88e0bdd55a0f56.png,46,475.5,451.0,Normal,102.73,101.0,95.0,107.0,0,0,0,6
C11-R2_jpg.rf.d9db5b49d384123f8f88e0bdd55a0f56.png,47,506.5,516.1,Normal,81.83,80.0,75.0,88.0,0,0,0,4
C11-R2_jpg.rf.d9db5b49d384123f8f88e0bdd55a0f56.png,48,199.1,522.1,Normal,128.48,119.0,109.0,124.0,0,0,0,3
C11-R2_jpg.rf.d9db5b49d384123f8f88e0bdd55a0f56.png,49,299.6,529.0,Normal,108.71,101.0,97.0,107.0,0,0,0,2
C11-R2_jpg.rf.d9db5b49d384123f8f88e0bdd55a0f56.png,50,338.7,530.9,Normal,146.24,134.0,127.0,141.0,0,0,0,3
C11-R2_jpg.rf.d9db5b49d384123f8f88e0bdd55a0f56.png,51,558.1,530.8,Normal,84.44,81.0,75.0,90.0,0,0,0,6
C11-R3_jpg.rf.c0e1db3d7885432799646ce9a0ccc9b0.png,1,100.2,120.0,Normal,98.73,93.0,90.0,95.0,0,0,0,3
C11-R3_jpg.rf.c0e1db3d7885432799646ce9a0ccc9b0.png,2,522.2,94.0,Normal,39.36,35.0,29.0,46.0,0,0,0,6
C11-R3_jpg.rf.c0e1db3d7885432799646ce9a0ccc9b0.png,3,171.4,139.2,Normal,84.19,83.0,83.0,87.0,0,0,0,2
C11-R3_jpg.rf.c0e1db3d7885432799646ce9a0ccc9b0.png,4,211.8,150.2,Normal,97.22,95.0,88.0,101.0,0,0,0,4
C11-R3_jpg.rf.c0e1db3d7885432799646ce9a0ccc9b0.png,5,243.4,142.0,Normal,81.2,82.0,73.0,85.0,0,1,0,1
C11-R3_jpg.rf.c0e1db3d7885432799646ce9a0ccc9b0.png,6,299.3,193.1,Normal,202.59,196.0,184.0,208.0,0,3,0,13
C11-R3_jpg.rf.c0e1db3d7885432799646ce9a0ccc9b0.png,7,330.0,123.1,Normal,97.18,95.0,93.0,102.0,0,0,0,4
C11-R3_jpg.rf.c0e1db3d7885432799646ce9a0ccc9b0.png,8,379.0,122.3,Normal,99.66,97.0,88.0,103.0,1,4,0,8
C11-R3_jpg.rf.c0e1db3d7885432799646ce9a0ccc9b0.png,9,421.3,144.9,Normal,116.92,108.0,103.0,116.0,0,0,0,6
C11-R3_jpg.rf.c0e1db3d7885432799646ce9a0ccc9b0.png,10,478.1,141.4,Sem Hipocótilo,61.4,60.0,57.0,61.0,0,0,0,0
C11-R3_jpg.rf.c0e1db3d7885432799646ce9a0ccc9b0.png,11,101.1,250.3,Normal,107.09,100.0,94.0,104.0,0,0,0,1
C11-R3_jpg.rf.c0e1db3d7885432799646ce9a0ccc9b0.png,12,136.1,219.9,Normal,110.94,109.0,102.0,114.0,0,1,0,3
C11-R3_jpg.rf.c0e1db3d7885432799646ce9a0ccc9b0.png,13,187.7,248.4,Normal,105.2,104.0,97.0,106.0,0,3,0,1
C11-R3_jpg.rf.c0e1db3d7885432799646ce9a0ccc9b0.png,14,250.4,244.5,Normal,91.82,90.0,84.0,97.0,0,4,3,5
C11-R3_jpg.rf.c0e1db3d7885432799646ce9a0ccc9b0.png,15,338.5,258.6,Sem Hipocótilo,49.21,47.0,45.0,47.0,0,0,0,0
C11-R3_jpg.rf.c0e1db3d7885432799646ce9a0ccc9b0.png,16,349.1,208.3,Sem Raiz,31.33,30.0,26.0,32.0,0,0,0,1
C11-R3_jpg.rf.c0e1db3d7885432799646ce9a0ccc9b0.png,17,387.9,227.6,Normal,92.36,86.0,84.0,94.0,0,0,0,5
C11-R3_jpg.rf.c0e1db3d7885432799646ce9a0ccc9b0.png,18,447.5,220.2,Normal,114.52,110.0,106.0,123.0,0,0,0,6
C11-R3_jpg.rf.c0e1db3d7885432799646ce9a0ccc9b0.png,19,483.3,239.3,Sem Hipocótilo,85.67,82.0,79.0,85.0,0,0,0,0
C11-R3_jpg.rf.c0e1db3d7885432799646ce9a0ccc9b0.png,20,531.7,232.7,Normal,122.78,109.0,104.0,116.0,0,0,0,4
C11-R3_jpg.rf.c0e1db3d7885432799646ce9a0ccc9b0.png,21,108.9,335.2,Normal,105.29,94.0,86.0,100.0,0,0,0,3
C11-R3_jpg.rf.c0e1db3d7885432799646ce9a0ccc9b0.png,22,160.7,327.1,Normal,124.6,118.0,114.0,122.0,0,0,0,1
C11-R3_jpg.rf.c0e1db3d7885432799646ce9a0ccc9b0.png,23,193.3,343.4,Normal,98.89,94.0,87.0,97.0,0,0,0,0
C11-R3_jpg.rf.c0e1db3d7885432799646ce9a0ccc9b0.png,24,237.6,352.3,Normal,98.9,94.0,88.0,100.0,0,0,0,2
C11-R3_jpg.rf.c0e1db3d7885432799646ce9a0ccc9b0.png,25,276.7,355.8,Normal,116.31,121.0,116.0,128.0,5,5,0,7
C11-R3_jpg.rf.c0e1db3d7885432799646ce9a0ccc9b0.png,26,324.0,322.8,Normal,80.94,81.0,74.0,87.0,0,3,0,4
C11-R3_jpg.rf.c0e1db3d7885432799646ce9a0ccc9b0.png,27,363.6,292.5,Sem Raiz,14.82,19.0,11.0,28.0,0,0,0,5
C11-R3_jpg.rf.c0e1db3d7885432799646ce9a0ccc9b0.png,28,370.7,353.2,Sem Hipocótilo,81.72,80.0,78.0,83.0,0,0,0,3
C11-R3_jpg.rf.c0e1db3d7885432799646ce9a0ccc9b0.png,29,421.6,319.1,Normal,52.99,50.0,44.0,56.0,0,0,0,4
C11-R3_jpg.rf.c0e1db3d7885432799646ce9a0ccc9b0.png,30,513.9,352.3,Normal,126.46,122.0,123.0,132.0,0,12,5,13
C11-R3_jpg.rf.c0e1db3d7885432799646ce9a0ccc9b0.png,31,544.6,358.1,Normal,89.66,85.0,80.0,89.0,0,0,0,0
C11-R3_jpg.rf.c0e1db3d7885432799646ce9a0ccc9b0.png,32,204.3,436.9,Normal,58.99,52.0,46.0,55.0,0,0,0,0
C11-R3_jpg.rf.c0e1db3d7885432799646ce9a0ccc9b0.png,33,304.5,439.5,Normal,100.26,102.0,94.0,105.0,0,1,0,4
C11-R3_jpg.rf.c0e1db3d7885432799646ce9a0ccc9b0.png,34,348.1,432.7,Normal,117.84,106.0,99.0,112.0,0,0,0,2
C11-R3_jpg.rf.c0e1db3d7885432799646ce9a0ccc9b0.png,35,405.6,410.8,Normal,78.25,83.0,81.0,93.0,0,3,1,8
C11-R3_jpg.rf.c0e1db3d7885432799646ce9a0ccc9b0.png,36,452.0,405.7,Normal,131.89,125.0,118.0,126.0,0,0,0,1
C11-R3_jpg.rf.c0e1db3d7885432799646ce9a0ccc9b0.png,37,496.0,418.7,Normal,114.09,106.0,97.0,108.0,0,0,0,0
C11-R3_jpg.rf.c0e1db3d7885432799646ce9a0ccc9b0.png,38,109.2,440.9,Normal,81.7,77.0,71.0,83.0,0,0,0,4
C11-R3_jpg.rf.c0e1db3d7885432799646ce9a0ccc9b0.png,39,159.5,443.5,Normal,103.1,96.0,91.0,99.0,0,1,0,2
C11-R3_jpg.rf.c0e1db3d7885432799646ce9a0ccc9b0.png,40,184.7,493.7,Sem Raiz,20.97,21.0,14.0,23.0,0,0,0,1
C11-R3_jpg.rf.c0e1db3d7885432799646ce9a0ccc9b0.png,41,253.3,465.0,Normal,126.05,116.0,111.0,122.0,0,0,0,2
C11-R3_jpg.rf.c0e1db3d7885432799646ce9a0ccc9b0.png,42,312.1,518.8,Sem Raiz,43.82,43.0,42.0,48.0,0,0,0,3
C11-R3_jpg.rf.c0e1db3d7885432799646ce9a0ccc9b0.png,43,403.5,498.0,Normal,113.7,107.0,105.0,116.0,0,0,0,7
C11-R3_jpg.rf.c0e1db3d7885432799646ce9a0ccc9b0.png,44,473.0,489.4,Normal,58.87,51.0,44.0,58.0,0,0,0,4
C11-R3_jpg.rf.c0e1db3d7885432799646ce9a0ccc9b0.png,45,555.5,477.1,Normal,79.6,69.0,64.0,75.0,0,0,0,3
C11-R3_jpg.rf.c0e1db3d7885432799646ce9a0ccc9b0.png,46,111.9,556.1,Normal,99.39,93.0,87.0,99.0,0,0,0,1
C11-R3_jpg.rf.c0e1db3d7885432799646ce9a0ccc9b0.png,47,177.2,541.7,Sem Hipocótilo,53.76,50.0,50.0,54.0,0,0,0,3
C11-R3_jpg.rf.c0e1db3d7885432799646ce9a0ccc9b0.png,48,219.0,545.2,Normal,102.43,96.0,89.0,99.0,0,0,0,2
C11-R3_jpg.rf.c0e1db3d7885432799646ce9a0ccc9b0.png,49,274.0,536.2,Normal,129.74,123.0,117.0,129.0,0,0,0,2
C11-R3_jpg.rf.c0e1db3d7885432799646ce9a0ccc9b0.png,50,343.7,522.5,Normal,40.2,50.0,46.0,56.0,4,14,7,7
C11-R3_jpg.rf.c0e1db3d7885432799646ce9a0ccc9b0.png,51,450.5,534.7,Normal,119.67,117.0,111.0,123.0,0,0,0,2
C11-R3_jpg.rf.c0e1db3d7885432799646ce9a0ccc9b0.png,52,533.7,536.4,Normal,127.8,121.0,117.0,127.0,0,0,0,4
C11-R4_jpg.rf.8f011eb230455e172f296a018f528167.png,1,166.9,71.1,Sem Raiz,27.72,26.0,21.0,27.0,0,0,0,0
C11-R4_jpg.rf.8f011eb230455e172f296a018f528167.png,2,225.8,116.3,Normal,106.1,99.0,94.0,105.0,0,0,0,2
C11-R4_jpg.rf.8f011eb230455e172f296a018f528167.png,3,445.7,109.8,Sem Raiz,7.4,7.0,7.0,9.0,0,0,0,0
C11-R4_jpg.rf.8f011eb230455e172f296a018f528167.png,4,142.3,150.3,Normal,146.93,132.0,124.0,135.0,0,0,0,3
C11-R4_jpg.rf.8f011eb230455e172f296a018f528167.png,5,173.7,121.6,Sem Hipocótilo,71.45,67.0,64.0,67.0,0,0,0,0
C11-R4_jpg.rf.8f011eb230455e172f296a018f528167.png,6,266.8,135.7,Normal,90.41,85.0,78.0,90.0,0,0,0,4
C11-R4_jpg.rf.8f011eb230455e172f296a018f528167.png,7,292.7,136.5,Normal,88.87,80.0,77.0,91.0,0,0,0,3
C11-R4_jpg.rf.8f011eb230455e172f296a018f528167.png,8,334.3,142.8,Normal,98.63,90.0,83.0,98.0,0,0,0,6
C11-R4_jpg.rf.8f011eb230455e172f296a018f528167.png,9,366.5,169.2,Normal,121.93,116.0,110.0,123.0,0,0,0,7
C11-R4_jpg.rf.8f011eb230455e172f296a018f528167.png,10,408.2,145.0,Sem Hipocótilo,49.83,48.0,44.0,50.0,0,0,0,1
C11-R4_jpg.rf.8f011eb230455e172f296a018f528167.png,11,440.1,149.6,Sem Hipocótilo,52.06,49.0,47.0,53.0,0,0,0,3
C11-R4_jpg.rf.8f011eb230455e172f296a018f528167.png,12,467.3,198.7,Normal,80.22,86.0,73.0,90.0,0,4,0,2
C11-R4_jpg.rf.8f011eb230455e172f296a018f528167.png,13,499.5,175.3,Normal,70.72,68.0,58.0,71.0,0,0,0,2
C11-R4_jpg.rf.8f011eb230455e172f296a018f528167.png,14,525.6,146.8,Normal,100.25,121.0,111.0,135.0,3,18,10,17
C11-R4_jpg.rf.8f011eb230455e172f296a018f528167.png,15,127.5,221.6,Normal,139.1,132.0,125.0,140.0,0,0,0,3
C11-R4_jpg.rf.8f011eb230455e172f296a018f528167.png,16,175.2,244.9,Normal,114.44,105.0,102.0,107.0,0,0,0,0
C11-R4_jpg.rf.8f011eb230455e172f296a018f528167.png,17,199.3,238.9,Normal,107.52,98.0,92.0,102.0,0,0,0,3
C11-R4_jpg.rf.8f011eb230455e172f296a018f528167.png,18,247.7,258.8,Normal,126.26,122.0,118.0,129.0,0,0,0,7
C11-R4_jpg.rf.8f011eb230455e172f296a018f528167.png,19,290.2,266.7,Normal,95.37,99.0,90.0,103.0,0,4,0,2
C11-R4_jpg.rf.8f011eb230455e172f296a018f528167.png,20,332.7,214.3,Sem Raiz,36.18,31.0,31.0,35.0,0,0,0,3
C11-R4_jpg.rf.8f011eb230455e172f296a018f528167.png,21,351.0,268.3,Sem Raiz,15.19,14.0,14.0,15.0,0,0,0,0
C11-R4_jpg.rf.8f011eb230455e172f296a018f528167.png,22,424.4,224.9,Normal,57.45,53.0,51.0,60.0,0,0,0,6
C11-R4_jpg.rf.8f011eb230455e172f296a018f528167.png,23,548.6,237.9,Normal,114.84,111.0,106.0,119.0,3,3,0,5
C11-R4_jpg.rf.8f011eb230455e172f296a018f528167.png,24,104.7,292.3,Normal,116.49,110.0,102.0,120.0,0,0,0,3
C11-R4_jpg.rf.8f011eb230455e172f296a018f528167.png,25,154.6,324.1,Normal,146.47,143.0,136.0,146.0,0,0,0,1
C11-R4_jpg.rf.8f011eb230455e172f296a018f528167.png,26,214.8,315.2,Normal,94.31,88.0,84.0,91.0,0,0,0,1
C11-R4_jpg.rf.8f011eb230455e172f296a018f528167.png,27,268.2,299.8,Normal,80.74,79.0,74.0,85.0,0,0,0,6
C11-R4_jpg.rf.8f011eb230455e172f296a018f528167.png,28,314.0,327.0,Normal,132.58,126.0,119.0,131.0,0,1,0,2
C11-R4_jpg.rf.8f011eb230455e172f296a018f528167.png,29,340.2,326.2,Normal,83.48,84.0,77.0,88.0,0,3,0,3
C11-R4_jpg.rf.8f011eb230455e172f296a018f528167.png,30,384.6,287.4,Normal,103.18,101.0,99.0,106.0,0,0,0,6
C11-R4_jpg.rf.8f011eb230455e172f296a018f528167.png,31,427.2,298.4,Normal,65.07,81.0,74.0,87.0,3,16,2,10
C11-R4_jpg.rf.8f011eb230455e172f296a018f528167.png,32,485.9,328.8,Normal,163.08,155.0,149.0,158.0,0,0,0,1
C11-R4_jpg.rf.8f011eb230455e172f296a018f528167.png,33,525.4,283.3,Normal,116.26,108.0,105.0,114.0,0,1,0,7
C11-R4_jpg.rf.8f011eb230455e172f296a018f528167.png,34,96.7,437.3,Normal,105.01,101.0,94.0,103.0,0,0,0,0
C11-R4_jpg.rf.8f011eb230455e172f296a018f528167.png,35,175.8,436.7,Normal,112.69,103.0,97.0,112.0,0,0,0,5
C11-R4_jpg.rf.8f011eb230455e172f296a018f528167.png,36,221.2,429.5,Normal,87.97,79.0,75.0,84.0,0,0,0,4
C11-R4_jpg.rf.8f011eb230455e172f296a018f528167.png,37,275.0,418.5,Normal,114.9,109.0,104.0,115.0,0,0,0,3
C11-R4_jpg.rf.8f011eb230455e172f296a018f528167.png,38,322.4,436.1,Sem Hipocótilo,65.88,65.0,62.0,65.0,0,0,0,0
C11-R4_jpg.rf.8f011eb230455e172f296a018f528167.png,39,324.4,385.1,Sem Raiz,2.0,10.0,6.0,17.0,0,3,0,4
C11-R4_jpg.rf.8f011eb230455e172f296a018f528167.png,40,387.2,407.8,Normal,109.9,104.0,97.0,111.0,3,3,0,6
C11-R4_jpg.rf.8f011eb230455e172f296a018f528167.png,41,429.5,390.7,Normal,63.15,55.0,49.0,66.0,2,2,0,10
C11-R4_jpg.rf.8f011eb230455e172f296a018f528167.png,42,467.6,386.5,Normal,59.81,55.0,55.0,60.0,0,0,0,4
C11-R4_jpg.rf.8f011eb230455e172f296a018f528167.png,43,523.8,412.0,Normal,116.53,108.0,95.0,114.0,0,0,0,2
C11-R4_jpg.rf.8f011eb230455e172f296a018f528167.png,44,140.7,478.7,Normal,140.56,136.0,129.0,139.0,0,0,0,1
C11-R4_jpg.rf.8f011eb230455e172f296a018f528167.png,45,232.3,519.0,Normal,98.3,92.0,84.0,98.0,0,3,0,6
C11-R4_jpg.rf.8f011eb230455e172f296a018f528167.png,46,363.5,440.5,Normal,173.7,163.0,156.0,168.0,0,0,0,4
C11-R4_jpg.rf.8f011eb230455e172f296a018f528167.png,47,410.3,491.1,Normal,110.89,100.0,95.0,106.0,0,0,0,4
C11-R4_jpg.rf.8f011eb230455e172f296a018f528167.png,48,496.8,509.5,Normal,79.92,84.0,73.0,87.0,1,5,0,2
C11-R4_jpg.rf.8f011eb230455e172f296a018f528167.png,49,554.1,459.3,Normal,108.21,104.0,98.0,112.0,0,0,0,7
C11-R4_jpg.rf.8f011eb230455e172f296a018f528167.png,50,199.8,549.7,Normal,119.78,113.0,109.0,121.0,0,0,0,4
C11-R4_jpg.rf.8f011eb230455e172f296a018f528167.png,51,263.6,524.8,Normal,122.24,119.0,116.0,131.0,0,0,0,3
C11-R4_jpg.rf.8f011eb230455e172f296a018f528167.png,52,298.2,527.8,Normal,104.82,103.0,93.0,111.0,1,4,0,3
C11-R4_jpg.rf.8f011eb230455e172f296a018f528167.png,53,336.8,520.7,Normal,120.34,111.0,103.0,119.0,0,0,0,2
C11-R4_jpg.rf.8f011eb230455e172f296a018f528167.png,54,445.2,531.8,Normal,117.09,110.0,106.0,114.0,0,0,0,1
C11-R5_jpg.rf.3ac4647f6801d036dfbdb5f4b8c92284.png,1,523.4,93.4,Normal,51.68,49.0,37.0,54.0,1,3,0,1
C11-R5_jpg.rf.3ac4647f6801d036dfbdb5f4b8c92284.png,2,121.1,151.4,Normal,100.55,97.0,95.0,100.0,0,0,0,1
C11-R5_jpg.rf.3ac4647f6801d036dfbdb5f4b8c92284.png,3,172.4,142.8,Normal,98.67,87.0,79.0,90.0,0,0,0,1
C11-R5_jpg.rf.3ac4647f6801d036dfbdb5f4b8c92284.png,4,220.7,131.0,Normal,120.45,109.0,103.0,111.0,0,0,0,0
C11-R5_jpg.rf.3ac4647f6801d036dfbdb5f4b8c92284.png,5,253.5,144.0,Sem Hipocótilo,31.39,31.0,29.0,31.0,0,0,0,0
C11-R5_jpg.rf.3ac4647f6801d036dfbdb5f4b8c92284.png,6,288.3,140.5,Normal,110.7,103.0,103.0,109.0,0,0,0,2
C11-R5_jpg.rf.3ac4647f6801d036dfbdb5f4b8c92284.png,7,337.7,139.9,Normal,114.28,106.0,103.0,111.0,0,0,0,3
C11-R5_jpg.rf.3ac4647f6801d036dfbdb5f4b8c92284.png,8,374.3,139.8,Normal,104.75,101.0,98.0,107.0,0,0,0,2
C11-R5_jpg.rf.3ac4647f6801d036dfbdb5f4b8c92284.png,9,420.3,123.0,Normal,67.81,63.0,60.0,72.0,0,0,0,8
C11-R5_jpg.rf.3ac4647f6801d036dfbdb5f4b8c92284.png,10,477.4,125.1,Normal,85.4,84.0,80.0,93.0,0,0,0,9
C11-R5_jpg.rf.3ac4647f6801d036dfbdb5f4b8c92284.png,11,549.1,166.8,Sem Raiz,25.33,24.0,25.0,31.0,0,0,0,2
C11-R5_jpg.rf.3ac4647f6801d036dfbdb5f4b8c92284.png,12,142.6,212.0,Sem Raiz,11.04,11.0,8.0,14.0,0,0,0,0
C11-R5_jpg.rf.3ac4647f6801d036dfbdb5f4b8c92284.png,13,153.3,257.7,Sem Hipocótilo,69.45,64.0,63.0,68.0,0,0,0,3
C11-R5_jpg.rf.3ac4647f6801d036dfbdb5f4b8c92284.png,14,200.3,277.5,Normal,131.09,125.0,124.0,136.0,0,0,0,6
C11-R5_jpg.rf.3ac4647f6801d036dfbdb5f4b8c92284.png,15,230.5,262.0,Normal,82.77,81.0,74.0,84.0,0,0,0,1
C11-R5_jpg.rf.3ac4647f6801d036dfbdb5f4b8c92284.png,16,265.0,229.9,Normal,91.93,86.0,79.0,94.0,0,0,0,2
C11-R5_jpg.rf.3ac4647f6801d036dfbdb5f4b8c92284.png,17,314.1,205.7,Normal,31.49,32.0,23.0,38.0,0,3,0,4
C11-R5_jpg.rf.3ac4647f6801d036dfbdb5f4b8c92284.png,18,352.1,268.2,Normal,124.57,110.0,101.0,113.0,0,0,0,0
C11-R5_jpg.rf.3ac4647f6801d036dfbdb5f4b8c92284.png,19,413.9,230.7,Normal,94.12,91.0,89.0,97.0,0,0,0,7
C11-R5_jpg.rf.3ac4647f6801d036dfbdb5f4b8c92284.png,20,453.6,246.8,Sem Hipocótilo,64.19,65.0,61.0,71.0,0,1,0,3
C11-R5_jpg.rf.3ac4647f6801d036dfbdb5f4b8c92284.png,21,503.0,231.5,Normal,118.36,107.0,101.0,111.0,0,0,0,0
C11-R5_jpg.rf.3ac4647f6801d036dfbdb5f4b8c92284.png,22,549.0,222.3,Sem Hipocótilo,84.72,77.0,76.0,81.0,0,0,0,3
C11-R5_jpg.rf.3ac4647f6801d036dfbdb5f4b8c92284.png,23,118.6,316.0,Normal,101.19,98.0,93.0,103.0,0,0,0,6
C11-R5_jpg.rf.3ac4647f6801d036dfbdb5f4b8c92284.png,24,182.2,343.7,Normal,86.05,83.0,82.0,88.0,0,0,0,2
C11-R5_jpg.rf.3ac4647f6801d036dfbdb5f4b8c92284.png,25,249.7,326.4,Normal,81.08,78.0,74.0,84.0,0,0,0,4
C11-R5_jpg.rf.3ac4647f6801d036dfbdb5f4b8c92284.png,26,290.8,337.7,Normal,82.32,77.0,70.0,83.0,0,0,0,4
C11-R5_jpg.rf.3ac4647f6801d036dfbdb5f4b8c92284.png,27,321.8,299.6,Normal,133.96,127.0,124.0,137.0,0,0,0,6
C11-R5_jpg.rf.3ac4647f6801d036dfbdb5f4b8c92284.png,28,379.3,298.2,Normal,91.88,86.0,84.0,92.0,0,0,0,6
C11-R5_jpg.rf.3ac4647f6801d036dfbdb5f4b8c92284.png,29,400.0,330.6,Sem Hipocótilo,31.38,31.0,28.0,31.0,0,0,0,0
C11-R5_jpg.rf.3ac4647f6801d036dfbdb5f4b8c92284.png,30,416.4,304.9,Sem Raiz,33.88,30.0,31.0,32.0,0,0,0,1
C11-R5_jpg.rf.3ac4647f6801d036dfbdb5f4b8c92284.png,31,441.3,338.0,Normal,95.5,84.0,82.0,90.0,0,0,0,5
C11-R5_jpg.rf.3ac4647f6801d036dfbdb5f4b8c92284.png,32,492.3,321.6,Normal,83.75,79.0,72.0,84.0,0,0,0,1
C11-R5_jpg.rf.3ac4647f6801d036dfbdb5f4b8c92284.png,33,525.4,340.4,Normal,144.82,138.0,134.0,148.0,0,0,0,5
C11-R5_jpg.rf.3ac4647f6801d036dfbdb5f4b8c92284.png,34,230.7,415.9,Normal,95.02,91.0,83.0,97.0,0,0,0,2
C11-R5_jpg.rf.3ac4647f6801d036dfbdb5f4b8c92284.png,35,273.1,417.0,Normal,131.32,123.0,117.0,131.0,0,0,0,2
C11-R5_jpg.rf.3ac4647f6801d036dfbdb5f4b8c92284.png,36,309.7,430.9,Normal,93.63,83.0,76.0,91.0,0,0,0,2
C11-R5_jpg.rf.3ac4647f6801d036dfbdb5f4b8c92284.png,37,354.0,410.9,Normal,98.09,96.0,89.0,98.0,0,0,0,0
C11-R5_jpg.rf.3ac4647f6801d036dfbdb5f4b8c92284.png,38,390.4,430.4,Normal,107.22,107.0,100.0,112.0,0,3,0,2
C11-R5_jpg.rf.3ac4647f6801d036dfbdb5f4b8c92284.png,39,415.5,439.2,Normal,70.35,64.0,56.0,68.0,0,0,0,3
C11-R5_jpg.rf.3ac4647f6801d036dfbdb5f4b8c92284.png,40,455.9,374.0,Sem Raiz,8.6,8.0,7.0,11.0,0,0,0,1
C11-R5_jpg.rf.3ac4647f6801d036dfbdb5f4b8c92284.png,41,496.2,436.0,Normal,85.48,82.0,74.0,86.0,0,0,0,0
C11-R5_jpg.rf.3ac4647f6801d036dfbdb5f4b8c92284.png,42,560.5,393.3,Normal,89.67,87.0,82.0,92.0,0,0,0,6
C11-R5_jpg.rf.3ac4647f6801d036dfbdb5f4b8c92284.png,43,118.0,442.1,Normal,129.13,113.0,106.0,120.0,0,0,0,4
C11-R5_jpg.rf.3ac4647f6801d036dfbdb5f4b8c92284.png,44,159.0,467.9,Normal,92.02,97.0,89.0,97.0,2,7,3,2
C11-R5_jpg.rf.3ac4647f6801d036dfbdb5f4b8c92284.png,45,195.8,449.8,Normal,120.49,112.0,106.0,117.0,0,0,0,4
C11-R5_jpg.rf.3ac4647f6801d036dfbdb5f4b8c92284.png,46,249.5,519.1,Normal,77.78,72.0,65.0,79.0,0,0,0,2
C11-R5_jpg.rf.3ac4647f6801d036dfbdb5f4b8c92284.png,47,331.8,514.6,Normal,140.63,132.0,125.0,137.0,0,0,0,3
C11-R5_jpg.rf.3ac4647f6801d036dfbdb5f4b8c92284.png,48,449.7,441.5,Normal,114.29,106.0,99.0,111.0,0,0,0,4
C11-R5_jpg.rf.3ac4647f6801d036dfbdb5f4b8c92284.png,49,539.1,513.7,Normal,119.17,116.0,109.0,121.0,0,1,0,2
C11-R5_jpg.rf.3ac4647f6801d036dfbdb5f4b8c92284.png,50,211.8,531.6,Normal,129.44,127.0,122.0,132.0,0,7,4,4
C11-R5_jpg.rf.3ac4647f6801d036dfbdb5f4b8c92284.png,51,291.9,532.9,Normal,81.61,75.0,70.0,83.0,0,0,0,9
C11-R5_jpg.rf.3ac4647f6801d036dfbdb5f4b8c92284.png,52,362.2,529.7,Normal,103.04,97.0,92.0,101.0,0,0,0,1
C11-R5_jpg.rf.3ac4647f6801d036dfbdb5f4b8c92284.png,53,421.0,545.7,Normal,107.54,104.0,102.0,108.0,0,0,0,1
C11-R5_jpg.rf.3ac4647f6801d036dfbdb5f4b8c92284.png,54,484.3,543.7,Normal,79.23,68.0,65.0,72.0,0,0,0,3
C11-R6_jpg.rf.56c9cc8bcea15b25b50c06aca0538049.png,1,170.8,73.8,Sem Hipocótilo,20.34,23.0,21.0,32.0,0,0,0,3
C11-R6_jpg.rf.56c9cc8bcea15b25b50c06aca0538049.png,2,209.7,109.2,Normal,105.58,104.0,100.0,112.0,0,0,0,2
C11-R6_jpg.rf.56c9cc8bcea15b25b50c06aca0538049.png,3,263.7,77.7,Normal,35.54,31.0,23.0,36.0,0,0,0,2
C11-R6_jpg.rf.56c9cc8bcea15b25b50c06aca0538049.png,4,388.2,103.5,Normal,48.45,41.0,32.0,47.0,0,0,0,5
C11-R6_jpg.rf.56c9cc8bcea15b25b50c06aca0538049.png,5,512.5,119.8,Normal,108.95,102.0,99.0,112.0,0,0,0,7
C11-R6_jpg.rf.56c9cc8bcea15b25b50c06aca0538049.png,6,132.0,132.4,Normal,118.37,110.0,103.0,112.0,0,0,0,0
C11-R6_jpg.rf.56c9cc8bcea15b25b50c06aca0538049.png,7,179.4,191.8,Normal,41.04,38.0,35.0,43.0,0,0,0,1
C11-R6_jpg.rf.56c9cc8bcea15b25b50c06aca0538049.png,8,300.6,143.4,Normal,91.34,87.0,82.0,99.0,0,0,0,3
C11-R6_jpg.rf.56c9cc8bcea15b25b50c06aca0538049.png,9,343.8,145.0,Normal,105.71,99.0,88.0,104.0,0,0,0,1
C11-R6_jpg.rf.56c9cc8bcea15b25b50c06aca0538049.png,10,394.1,144.3,Sem Hipocótilo,29.71,27.0,25.0,28.0,0,0,0,0
C11-R6_jpg.rf.56c9cc8bcea15b25b50c06aca0538049.png,11,445.6,144.4,Normal,116.6,110.0,108.0,116.0,0,0,0,3
C11-R6_jpg.rf.56c9cc8bcea15b25b50c06aca0538049.png,12,106.0,222.8,Normal,108.01,100.0,99.0,107.0,0,0,0,4
C11-R6_jpg.rf.56c9cc8bcea15b25b50c06aca0538049.png,13,185.7,237.2,Sem Hipocótilo,38.64,37.0,35.0,40.0,0,0,0,3
C11-R6_jpg.rf.56c9cc8bcea15b25b50c06aca0538049.png,14,230.1,232.4,Normal,104.08,93.0,88.0,94.0,0,0,0,0
C11-R6_jpg.rf.56c9cc8bcea15b25b50c06aca0538049.png,15,264.9,214.5,Normal,100.46,92.0,85.0,97.0,0,0,0,4
C11-R6_jpg.rf.56c9cc8bcea15b25b50c06aca0538049.png,16,316.9,229.7,Normal,112.26,104.0,96.0,110.0,0,3,0,2
C11-R6_jpg.rf.56c9cc8bcea15b25b50c06aca0538049.png,17,359.7,225.5,Normal,109.78,102.0,97.0,114.0,0,0,0,5
C11-R6_jpg.rf.56c9cc8bcea15b25b50c06aca0538049.png,18,394.3,225.5,Normal,125.04,121.0,113.0,127.0,0,1,0,6
C11-R6_jpg.rf.56c9cc8bcea15b25b50c06aca0538049.png,19,418.0,253.9,Sem Hipocótilo,67.24,65.0,61.0,69.0,0,0,0,0
C11-R6_jpg.rf.56c9cc8bcea15b25b50c06aca0538049.png,20,470.4,217.9,Normal,74.03,77.0,75.0,92.0,2,3,1,8
C11-R6_jpg.rf.56c9cc8bcea15b25b50c06aca0538049.png,21,518.6,240.4,Normal,89.79,84.0,82.0,88.0,0,0,0,3
C11-R6_jpg.rf.56c9cc8bcea15b25b50c06aca0538049.png,22,556.5,236.7,Normal,124.87,118.0,116.0,125.0,0,0,0,4
C11-R6_jpg.rf.56c9cc8bcea15b25b50c06aca0538049.png,23,127.1,298.2,Normal,66.49,58.0,48.0,64.0,0,0,0,2
C11-R6_jpg.rf.56c9cc8bcea15b25b50c06aca0538049.png,24,166.8,319.4,Sem Hipocótilo,114.13,113.0,110.0,118.0,0,0,0,1
C11-R6_jpg.rf.56c9cc8bcea15b25b50c06aca0538049.png,25,210.7,309.4,Sem Raiz,11.38,11.0,9.0,14.0,0,0,0,0
C11-R6_jpg.rf.56c9cc8bcea15b25b50c06aca0538049.png,26,214.7,358.2,Sem Hipocótilo,76.27,72.0,70.0,73.0,0,0,0,1
C11-R6_jpg.rf.56c9cc8bcea15b25b50c06aca0538049.png,27,287.5,314.7,Normal,118.6,112.0,105.0,115.0,0,4,0,2
C11-R6_jpg.rf.56c9cc8bcea15b25b50c06aca0538049.png,28,338.4,351.9,Normal,111.28,105.0,97.0,109.0,3,3,0,4
C11-R6_jpg.rf.56c9cc8bcea15b25b50c06aca0538049.png,29,423.0,320.2,Normal,36.51,41.0,39.0,51.0,3,3,0,4
C11-R6_jpg.rf.56c9cc8bcea15b25b50c06aca0538049.png,30,452.6,333.4,Normal,110.13,103.0,97.0,112.0,0,0,0,7
C11-R6_jpg.rf.56c9cc8bcea15b25b50c06aca0538049.png,31,496.2,347.9,Normal,107.9,103.0,98.0,122.0,0,0,1,7
C11-R6_jpg.rf.56c9cc8bcea15b25b50c06aca0538049.png,32,68.5,420.0,Normal,104.86,102.0,93.0,110.0,0,3,0,2
C11-R6_jpg.rf.56c9cc8bcea15b25b50c06aca0538049.png,33,128.7,420.0,Normal,112.13,107.0,108.0,120.0,5,7,1,8
C11-R6_jpg.rf.56c9cc8bcea15b25b50c06aca0538049.png,34,187.2,422.2,Normal,123.84,118.0,112.0,121.0,0,0,0,1
C11-R6_jpg.rf.56c9cc8bcea15b25b50c06aca0538049.png,35,242.0,360.6,Normal,72.92,75.0,68.0,83.0,0,3,0,4
C11-R6_jpg.rf.56c9cc8bcea15b25b50c06aca0538049.png,36,263.9,425.0,Normal,89.13,85.0,82.0,93.0,0,0,0,5
C11-R6_jpg.rf.56c9cc8bcea15b25b50c06aca0538049.png,37,294.5,423.5,Normal,81.22,84.0,77.0,89.0,0,3,0,6
C11-R6_jpg.rf.56c9cc8bcea15b25b50c06aca0538049.png,38,369.4,365.7,Normal,127.1,116.0,108.0,122.0,0,0,0,2
C11-R6_jpg.rf.56c9cc8bcea15b25b50c06aca0538049.png,39,388.5,425.1,Normal,115.22,113.0,108.0,118.0,0,0,0,6
C11-R6_jpg.rf.56c9cc8bcea15b25b50c06aca0538049.png,40,465.7,403.0,Sem Hipocótilo,48.65,48.0,45.0,53.0,0,0,0,1
C11-R6_jpg.rf.56c9cc8bcea15b25b50c06aca0538049.png,41,511.8,432.3,Sem Hipocótilo,48.32,49.0,45.0,52.0,0,0,0,0
C11-R6_jpg.rf.56c9cc8bcea15b25b50c06aca0538049.png,42,574.6,384.3,Normal,111.47,103.0,97.0,109.0,0,0,0,0
C11-R6_jpg.rf.56c9cc8bcea15b25b50c06aca0538049.png,43,108.4,519.6,Normal,116.26,109.0,99.0,116.0,3,3,0,2
C11-R6_jpg.rf.56c9cc8bcea15b25b50c06aca0538049.png,44,166.2,520.0,Normal,106.17,102.0,100.0,109.0,0,0,0,2
C11-R6_jpg.rf.56c9cc8bcea15b25b50c06aca0538049.png,45,222.1,510.6,Normal,98.72,91.0,86.0,95.0,0,0,0,0
C11-R6_jpg.rf.56c9cc8bcea15b25b50c06aca0538049.png,46,239.8,483.8,Normal,112.88,109.0,103.0,115.0,0,0,0,5
C11-R6_jpg.rf.56c9cc8bcea15b25b50c06aca0538049.png,47,287.5,497.1,Normal,37.44,33.0,27.0,37.0,0,0,0,6
C11-R6_jpg.rf.56c9cc8bcea15b25b50c06aca0538049.png,48,325.1,504.4,Normal,96.24,93.0,85.0,96.0,0,0,0,3
C11-R6_jpg.rf.56c9cc8bcea15b25b50c06aca0538049.png,49,357.4,516.7,Normal,123.2,119.0,114.0,130.0,0,0,0,7
C11-R6_jpg.rf.56c9cc8bcea15b25b50c06aca0538049.png,50,415.5,444.2,Normal,96.39,89.0,82.0,94.0,0,0,0,3
C11-R6_jpg.rf.56c9cc8bcea15b25b50c06aca0538049.png,51,447.8,501.2,Normal,138.11,132.0,125.0,138.0,0,1,0,4
C11-R6_jpg.rf.56c9cc8bcea15b25b50c06aca0538049.png,52,497.9,518.4,Normal,94.17,90.0,85.0,98.0,0,0,0,5
C11-R6_jpg.rf.56c9cc8bcea15b25b50c06aca0538049.png,53,542.7,525.9,Normal,121.63,115.0,109.0,123.0,0,3,0,6
C11-R7_jpg.rf.c7a70d9e61abc11a7eb822022976a197.png,1,346.0,109.5,Normal,19.24,30.0,13.0,33.0,4,8,0,2
C11-R7_jpg.rf.c7a70d9e61abc11a7eb822022976a197.png,2,423.7,109.2,Sem Raiz,12.25,11.0,5.0,15.0,0,0,0,3
C11-R7_jpg.rf.c7a70d9e61abc11a7eb822022976a197.png,3,111.9,156.9,Normal,71.45,69.0,61.0,72.0,0,0,0,0
C11-R7_jpg.rf.c7a70d9e61abc11a7eb822022976a197.png,4,162.9,151.7,Normal,94.09,93.0,86.0,102.0,0,3,0,5
C11-R7_jpg.rf.c7a70d9e61abc11a7eb822022976a197.png,5,206.6,122.9,Normal,102.9,102.0,93.0,112.0,1,5,0,4
C11-R7_jpg.rf.c7a70d9e61abc11a7eb822022976a197.png,6,262.5,143.6,Normal,68.11,64.0,59.0,66.0,0,0,0,0
C11-R7_jpg.rf.c7a70d9e61abc11a7eb822022976a197.png,7,304.6,169.3,Normal,83.99,81.0,75.0,89.0,0,0,0,3
C11-R7_jpg.rf.c7a70d9e61abc11a7eb822022976a197.png,8,347.1,161.2,Sem Hipocótilo,55.09,52.0,51.0,53.0,0,0,0,1
C11-R7_jpg.rf.c7a70d9e61abc11a7eb822022976a197.png,9,390.8,146.2,Sem Hipocótilo,28.79,27.0,21.0,28.0,0,0,0,0
C11-R7_jpg.rf.c7a70d9e61abc11a7eb822022976a197.png,10,411.9,169.4,Sem Hipocótilo,86.65,79.0,79.0,79.0,0,0,0,0
C11-R7_jpg.rf.c7a70d9e61abc11a7eb822022976a197.png,11,459.5,168.8,Sem Raiz,11.97,12.0,6.0,13.0,0,0,0,0
C11-R7_jpg.rf.c7a70d9e61abc11a7eb822022976a197.png,12,476.5,155.2,Normal,153.37,143.0,137.0,150.0,0,0,0,7
C11-R7_jpg.rf.c7a70d9e61abc11a7eb822022976a197.png,13,512.6,149.1,Normal,121.93,119.0,110.0,124.0,0,3,0,4
C11-R7_jpg.rf.c7a70d9e61abc11a7eb822022976a197.png,14,109.6,257.0,Normal,86.85,93.0,77.0,96.0,0,7,0,5
C11-R7_jpg.rf.c7a70d9e61abc11a7eb822022976a197.png,15,168.2,248.9,Normal,108.35,101.0,94.0,107.0,0,0,0,2
C11-R7_jpg.rf.c7a70d9e61abc11a7eb822022976a197.png,16,213.4,214.8,Normal,63.94,56.0,50.0,58.0,0,0,0,0
C11-R7_jpg.rf.c7a70d9e61abc11a7eb822022976a197.png,17,239.4,244.3,Normal,114.36,112.0,104.0,116.0,0,4,0,2
C11-R7_jpg.rf.c7a70d9e61abc11a7eb822022976a197.png,18,277.3,245.9,Normal,108.6,100.0,89.0,105.0,0,0,0,3
C11-R7_jpg.rf.c7a70d9e61abc11a7eb822022976a197.png,19,344.0,255.1,Normal,88.63,86.0,80.0,92.0,0,0,0,3
C11-R7_jpg.rf.c7a70d9e61abc11a7eb822022976a197.png,20,382.2,233.0,Normal,91.72,90.0,81.0,93.0,0,4,0,2
C11-R7_jpg.rf.c7a70d9e61abc11a7eb822022976a197.png,21,428.0,264.4,Normal,98.56,94.0,89.0,95.0,0,0,0,1
C11-R7_jpg.rf.c7a70d9e61abc11a7eb822022976a197.png,22,456.4,211.2,Sem Hipocótilo,52.8,52.0,49.0,53.0,0,0,0,1
C11-R7_jpg.rf.c7a70d9e61abc11a7eb822022976a197.png,23,548.7,250.3,Normal,109.57,104.0,99.0,112.0,0,0,0,7
C11-R7_jpg.rf.c7a70d9e61abc11a7eb822022976a197.png,24,136.0,359.1,Normal,96.76,96.0,87.0,102.0,4,4,0,4
C11-R7_jpg.rf.c7a70d9e61abc11a7eb822022976a197.png,25,194.2,338.6,Normal,44.65,39.0,30.0,48.0,0,0,0,6
C11-R7_jpg.rf.c7a70d9e61abc11a7eb822022976a197.png,26,257.4,334.3,Normal,104.46,96.0,90.0,106.0,1,1,0,5
C11-R7_jpg.rf.c7a70d9e61abc11a7eb822022976a197.png,27,343.6,331.0,Normal,37.62,33.0,30.0,41.0,0,0,0,4
C11-R7_jpg.rf.c7a70d9e61abc11a7eb822022976a197.png,28,374.5,338.7,Normal,113.48,101.0,96.0,108.0,0,0,0,4
C11-R7_jpg.rf.c7a70d9e61abc11a7eb822022976a197.png,29,424.0,328.6,Normal,103.39,92.0,87.0,102.0,0,3,1,7
C11-R7_jpg.rf.c7a70d9e61abc11a7eb822022976a197.png,30,492.6,356.6,Normal,94.1,90.0,82.0,96.0,0,0,0,2
C11-R7_jpg.rf.c7a70d9e61abc11a7eb822022976a197.png,31,96.9,362.0,Normal,91.04,87.0,81.0,97.0,0,3,0,7
C11-R7_jpg.rf.c7a70d9e61abc11a7eb822022976a197.png,32,181.2,378.3,Sem Hipocótilo,35.73,33.0,29.0,33.0,0,0,0,0
C11-R7_jpg.rf.c7a70d9e61abc11a7eb822022976a197.png,33,303.5,360.6,Normal,94.17,89.0,84.0,94.0,0,0,0,4
C11-R7_jpg.rf.c7a70d9e61abc11a7eb822022976a197.png,34,332.3,428.9,Normal,100.08,97.0,89.0,103.0,0,3,0,4
C11-R7_jpg.rf.c7a70d9e61abc11a7eb822022976a197.png,35,370.2,419.0,Normal,113.0,101.0,97.0,104.0,0,0,0,0
C11-R7_jpg.rf.c7a70d9e61abc11a7eb822022976a197.png,36,421.5,414.2,Normal,87.48,77.0,67.0,82.0,0,0,0,1
C11-R7_jpg.rf.c7a70d9e61abc11a7eb822022976a197.png,37,534.2,417.9,Normal,108.88,101.0,95.0,108.0,0,0,0,2
C11-R7_jpg.rf.c7a70d9e61abc11a7eb822022976a197.png,38,565.8,392.8,Normal,106.13,98.0,92.0,106.0,0,0,0,4
C11-R7_jpg.rf.c7a70d9e61abc11a7eb822022976a197.png,39,73.5,454.8,Normal,84.88,85.0,80.0,90.0,0,1,0,4
C11-R7_jpg.rf.c7a70d9e61abc11a7eb822022976a197.png,40,177.2,464.3,Normal,109.47,103.0,102.0,115.0,0,0,0,6
C11-R7_jpg.rf.c7a70d9e61abc11a7eb822022976a197.png,41,232.2,441.7,Normal,81.92,77.0,73.0,83.0,3,3,0,1
C11-R7_jpg.rf.c7a70d9e61abc11a7eb822022976a197.png,42,277.1,441.4,Sem Hipocótilo,47.22,44.0,41.0,47.0,0,0,0,3
C11-R7_jpg.rf.c7a70d9e61abc11a7eb822022976a197.png,43,287.2,510.2,Sem Raiz,15.86,14.0,8.0,15.0,0,0,0,1
C11-R7_jpg.rf.c7a70d9e61abc11a7eb822022976a197.png,44,316.5,517.0,Normal,139.35,137.0,130.0,138.0,0,0,0,0
C11-R7_jpg.rf.c7a70d9e61abc11a7eb822022976a197.png,45,470.2,446.1,Normal,120.98,117.0,111.0,125.0,0,3,0,4
C11-R7_jpg.rf.c7a70d9e61abc11a7eb822022976a197.png,46,107.2,538.1,Normal,87.42,83.0,80.0,93.0,0,0,0,1
C11-R7_jpg.rf.c7a70d9e61abc11a7eb822022976a197.png,47,156.6,544.5,Normal,86.84,81.0,70.0,88.0,0,0,0,4
C11-R7_jpg.rf.c7a70d9e61abc11a7eb822022976a197.png,48,240.3,527.3,Normal,80.74,76.0,74.0,83.0,0,0,0,3
C11-R7_jpg.rf.c7a70d9e61abc11a7eb822022976a197.png,49,286.1,551.3,Sem Hipocótilo,45.22,43.0,41.0,43.0,0,0,0,0
C11-R7_jpg.rf.c7a70d9e61abc11a7eb822022976a197.png,50,371.0,523.1,Normal,65.16,57.0,53.0,62.0,0,0,0,3
C11-R7_jpg.rf.c7a70d9e61abc11a7eb822022976a197.png,51,416.6,555.5,Normal,115.49,108.0,105.0,110.0,0,0,0,1
C11-R7_jpg.rf.c7a70d9e61abc11a7eb822022976a197.png,52,452.0,547.8,Normal,105.26,99.0,94.0,104.0,0,0,0,4
C11-R7_jpg.rf.c7a70d9e61abc11a7eb822022976a197.png,53,508.0,532.8,Normal,136.16,128.0,123.0,133.0,0,0,0,3
C11-R8_jpg.rf.01cc53b6f797ef54a57abe300398a170.png,1,111.1,148.5,Normal,91.26,87.0,84.0,93.0,0,0,0,6
C11-R8_jpg.rf.01cc53b6f797ef54a57abe300398a170.png,2,149.0,166.4,Normal,101.16,95.0,91.0,102.0,0,0,0,1
C11-R8_jpg.rf.01cc53b6f797ef54a57abe300398a170.png,3,202.3,138.9,Normal,90.75,85.0,79.0,90.0,0,0,0,1
C11-R8_jpg.rf.01cc53b6f797ef54a57abe300398a170.png,4,253.2,141.6,Normal,74.38,73.0,68.0,80.0,0,1,0,2
C11-R8_jpg.rf.01cc53b6f797ef54a57abe300398a170.png,5,296.2,193.3,Normal,103.11,100.0,97.0,114.0,0,0,0,10
C11-R8_jpg.rf.01cc53b6f797ef54a57abe300398a170.png,6,337.6,152.0,Normal,62.57,62.0,53.0,67.0,0,3,0,4
C11-R8_jpg.rf.01cc53b6f797ef54a57abe300398a170.png,7,376.4,126.8,Normal,34.29,36.0,28.0,44.0,3,6,0,3
C11-R8_jpg.rf.01cc53b6f797ef54a57abe300398a170.png,8,414.1,165.6,Normal,84.54,86.0,74.0,92.0,0,4,0,5
C11-R8_jpg.rf.01cc53b6f797ef54a57abe300398a170.png,9,443.1,149.9,Normal,61.93,64.0,54.0,67.0,0,1,0,1
C11-R8_jpg.rf.01cc53b6f797ef54a57abe300398a170.png,10,498.7,177.8,Normal,140.76,135.0,124.0,138.0,4,4,0,3
C11-R8_jpg.rf.01cc53b6f797ef54a57abe300398a170.png,11,122.2,277.7,Sem Hipocótilo,92.71,85.0,82.0,85.0,0,0,0,0
C11-R8_jpg.rf.01cc53b6f797ef54a57abe300398a170.png,12,172.3,226.7,Normal,120.71,114.0,104.0,116.0,0,0,0,0
C11-R8_jpg.rf.01cc53b6f797ef54a57abe300398a170.png,13,195.5,224.2,Normal,85.55,88.0,79.0,92.0,0,1,0,1
C11-R8_jpg.rf.01cc53b6f797ef54a57abe300398a170.png,14,233.4,266.3,Normal,102.16,115.0,114.0,125.0,0,4,0,8
C11-R8_jpg.rf.01cc53b6f797ef54a57abe300398a170.png,15,268.9,277.7,Normal,87.53,83.0,81.0,89.0,0,0,0,6
C11-R8_jpg.rf.01cc53b6f797ef54a57abe300398a170.png,16,322.4,217.7,Sem Raiz,16.52,22.0,18.0,24.0,0,1,0,1
C11-R8_jpg.rf.01cc53b6f797ef54a57abe300398a170.png,17,327.8,271.0,Sem Hipocótilo,75.87,70.0,67.0,71.0,0,0,0,1
C11-R8_jpg.rf.01cc53b6f797ef54a57abe300398a170.png,18,368.2,269.9,Normal,105.67,105.0,98.0,113.0,0,3,0,7
C11-R8_jpg.rf.01cc53b6f797ef54a57abe300398a170.png,19,467.4,241.6,Normal,47.78,45.0,42.0,54.0,0,0,0,2
C11-R8_jpg.rf.01cc53b6f797ef54a57abe300398a170.png,20,92.5,320.8,Normal,99.91,97.0,85.0,102.0,0,4,0,6
C11-R8_jpg.rf.01cc53b6f797ef54a57abe300398a170.png,21,148.3,324.7,Normal,131.76,118.0,110.0,120.0,0,0,0,1
C11-R8_jpg.rf.01cc53b6f797ef54a57abe300398a170.png,22,201.8,331.1,Normal,73.75,72.0,68.0,83.0,0,0,0,5
C11-R8_jpg.rf.01cc53b6f797ef54a57abe300398a170.png,23,256.8,352.2,Normal,61.68,57.0,54.0,70.0,0,0,0,2
C11-R8_jpg.rf.01cc53b6f797ef54a57abe300398a170.png,24,290.1,353.8,Normal,49.75,51.0,44.0,57.0,0,4,0,2
C11-R8_jpg.rf.01cc53b6f797ef54a57abe300398a170.png,25,322.5,328.9,Normal,60.39,56.0,47.0,61.0,0,0,0,3
C11-R8_jpg.rf.01cc53b6f797ef54a57abe300398a170.png,26,380.9,338.9,Normal,43.35,38.0,32.0,46.0,0,0,0,4
C11-R8_jpg.rf.01cc53b6f797ef54a57abe300398a170.png,27,405.4,317.7,Normal,79.22,74.0,66.0,84.0,0,0,0,5
C11-R8_jpg.rf.01cc53b6f797ef54a57abe300398a170.png,28,423.0,285.7,Normal,126.23,122.0,111.0,121.0,0,4,0,1
C11-R8_jpg.rf.01cc53b6f797ef54a57abe300398a170.png,29,454.1,358.9,Normal,95.45,89.0,83.0,97.0,0,0,0,6
C11-R8_jpg.rf.01cc53b6f797ef54a57abe300398a170.png,30,495.1,346.8,Normal,106.72,102.0,98.0,107.0,0,0,0,3
C11-R8_jpg.rf.01cc53b6f797ef54a57abe300398a170.png,31,539.2,283.8,Normal,121.7,118.0,114.0,129.0,0,0,0,7
C11-R8_jpg.rf.01cc53b6f797ef54a57abe300398a170.png,32,97.9,434.9,Normal,87.53,88.0,82.0,100.0,3,4,0,6
C11-R8_jpg.rf.01cc53b6f797ef54a57abe300398a170.png,33,247.7,411.5,Normal,88.05,81.0,76.0,92.0,0,0,0,6
C11-R8_jpg.rf.01cc53b6f797ef54a57abe300398a170.png,34,328.9,428.6,Normal,97.98,99.0,88.0,106.0,0,3,0,3
C11-R8_jpg.rf.01cc53b6f797ef54a57abe300398a170.png,35,371.8,427.8,Normal,66.56,63.0,64.0,70.0,0,0,0,2
C11-R8_jpg.rf.01cc53b6f797ef54a57abe300398a170.png,36,407.8,428.1,Normal,102.11,95.0,85.0,99.0,0,0,0,2
C11-R8_jpg.rf.01cc53b6f797ef54a57abe300398a170.png,37,474.5,439.3,Normal,69.71,68.0,60.0,76.0,0,1,0,4
C11-R8_jpg.rf.01cc53b6f797ef54a57abe300398a170.png,38,143.1,456.0,Sem Hipocótilo,68.72,68.0,67.0,76.0,0,0,0,3
C11-R8_jpg.rf.01cc53b6f797ef54a57abe300398a170.png,39,201.3,457.4,Normal,110.54,97.0,90.0,102.0,0,0,0,5
C11-R8_jpg.rf.01cc53b6f797ef54a57abe300398a170.png,40,251.2,514.6,Normal,40.39,36.0,32.0,46.0,0,0,0,7
C11-R8_jpg.rf.01cc53b6f797ef54a57abe300398a170.png,41,289.2,449.1,Normal,77.97,78.0,71.0,89.0,0,3,0,7
C11-R8_jpg.rf.01cc53b6f797ef54a57abe300398a170.png,42,533.5,465.7,Normal,109.1,102.0,93.0,112.0,0,0,0,6
C11-R8_jpg.rf.01cc53b6f797ef54a57abe300398a170.png,43,117.1,525.7,Normal,117.34,112.0,105.0,115.0,0,0,0,1
C11-R8_jpg.rf.01cc53b6f797ef54a57abe300398a170.png,44,165.7,530.2,Normal,87.47,89.0,82.0,97.0,0,3,0,4
C11-R8_jpg.rf.01cc53b6f797ef54a57abe300398a170.png,45,188.4,535.8,Normal,49.43,55.0,51.0,64.0,0,3,0,10
C11-R8_jpg.rf.01cc53b6f797ef54a57abe300398a170.png,46,279.7,548.5,Normal,127.83,116.0,108.0,120.0,0,0,0,2
C11-R8_jpg.rf.01cc53b6f797ef54a57abe300398a170.png,47,315.7,559.7,Normal,111.23,100.0,94.0,105.0,0,3,0,2
C11-R8_jpg.rf.01cc53b6f797ef54a57abe300398a170.png,48,365.4,547.3,Normal,100.4,103.0,96.0,104.0,0,2,0,1
C11-R8_jpg.rf.01cc53b6f797ef54a57abe300398a170.png,49,409.5,544.1,Normal,106.46,103.0,91.0,105.0,0,4,0,1
C11-R8_jpg.rf.01cc53b6f797ef54a57abe300398a170.png,50,454.1,556.1,Normal,139.4,134.0,127.0,140.0,0,0,0,2
C11-R8_jpg.rf.01cc53b6f797ef54a57abe300398a170.png,51,483.2,546.1,Normal,106.66,100.0,91.0,109.0,0,0,0,4
C11-R9_jpg.rf.098e2f2bf234bca903248763fe5c83a4.png,1,96.0,184.4,Sem Raiz,25.11,23.0,20.0,23.0,0,0,0,0
C11-R9_jpg.rf.098e2f2bf234bca903248763fe5c83a4.png,2,120.2,150.7,Normal,112.25,116.0,113.0,116.0,0,4,1,3
C11-R9_jpg.rf.098e2f2bf234bca903248763fe5c83a4.png,3,156.7,148.0,Normal,114.64,104.0,101.0,106.0,0,0,0,1
C11-R9_jpg.rf.098e2f2bf234bca903248763fe5c83a4.png,4,203.4,139.0,Sem Hipocótilo,85.56,82.0,78.0,82.0,0,0,0,0
C11-R9_jpg.rf.098e2f2bf234bca903248763fe5c83a4.png,5,259.5,162.9,Normal,115.26,108.0,100.0,114.0,0,0,0,5
C11-R9_jpg.rf.098e2f2bf234bca903248763fe5c83a4.png,6,306.7,154.8,Normal,90.7,85.0,83.0,90.0,0,0,0,2
C11-R9_jpg.rf.098e2f2bf234bca903248763fe5c83a4.png,7,350.2,160.5,Normal,57.2,54.0,47.0,59.0,0,0,0,6
C11-R9_jpg.rf.098e2f2bf234bca903248763fe5c83a4.png,8,377.8,160.7,Normal,53.51,51.0,41.0,54.0,0,0,0,0
C11-R9_jpg.rf.098e2f2bf234bca903248763fe5c83a4.png,9,419.0,155.9,Normal,113.52,107.0,100.0,110.0,0,0,0,2
C11-R9_jpg.rf.098e2f2bf234bca903248763fe5c83a4.png,10,472.0,157.5,Normal,109.22,108.0,104.0,113.0,0,0,0,3
C11-R9_jpg.rf.098e2f2bf234bca903248763fe5c83a4.png,11,535.1,161.8,Normal,87.83,85.0,79.0,91.0,0,0,0,4
C11-R9_jpg.rf.098e2f2bf234bca903248763fe5c83a4.png,12,103.3,240.1,Sem Hipocótilo,79.31,74.0,74.0,74.0,0,0,0,0
C11-R9_jpg.rf.098e2f2bf234bca903248763fe5c83a4.png,13,174.0,233.8,Normal,120.71,110.0,106.0,116.0,0,0,0,1
C11-R9_jpg.rf.098e2f2bf234bca903248763fe5c83a4.png,14,219.0,219.6,Normal,110.51,99.0,96.0,108.0,0,0,0,2
C11-R9_jpg.rf.098e2f2bf234bca903248763fe5c83a4.png,15,245.7,259.7,Normal,90.27,87.0,85.0,92.0,0,0,0,4
C11-R9_jpg.rf.098e2f2bf234bca903248763fe5c83a4.png,16,286.6,254.0,Normal,101.22,94.0,85.0,96.0,0,0,0,2
C11-R9_jpg.rf.098e2f2bf234bca903248763fe5c83a4.png,17,338.7,243.5,Normal,90.28,87.0,85.0,95.0,0,0,0,4
C11-R9_jpg.rf.098e2f2bf234bca903248763fe5c83a4.png,18,365.6,263.9,Normal,118.71,113.0,111.0,118.0,0,0,0,2
C11-R9_jpg.rf.098e2f2bf234bca903248763fe5c83a4.png,19,404.2,235.6,Sem Raiz,6.91,7.0,7.0,9.0,0,0,0,0
C11-R9_jpg.rf.098e2f2bf234bca903248763fe5c83a4.png,20,449.1,264.7,Normal,92.66,89.0,79.0,92.0,0,3,0,3
C11-R9_jpg.rf.098e2f2bf234bca903248763fe5c83a4.png,21,499.7,217.2,Normal,99.0,95.0,91.0,105.0,0,0,0,10
C11-R9_jpg.rf.098e2f2bf234bca903248763fe5c83a4.png,22,121.7,351.2,Normal,133.83,132.0,125.0,136.0,0,3,0,2
C11-R9_jpg.rf.098e2f2bf234bca903248763fe5c83a4.png,23,175.4,351.1,Normal,115.17,108.0,105.0,112.0,0,0,0,2
C11-R9_jpg.rf.098e2f2bf234bca903248763fe5c83a4.png,24,219.1,349.4,Normal,111.54,103.0,100.0,106.0,0,0,0,1
C11-R9_jpg.rf.098e2f2bf234bca903248763fe5c83a4.png,25,263.6,332.5,Normal,84.98,81.0,77.0,87.0,0,0,0,2
C11-R9_jpg.rf.098e2f2bf234bca903248763fe5c83a4.png,26,301.2,336.4,Normal,35.48,37.0,25.0,46.0,4,6,0,11
C11-R9_jpg.rf.098e2f2bf234bca903248763fe5c83a4.png,27,344.1,325.9,Sem Hipocótilo,14.7,13.0,13.0,19.0,0,0,0,1
C11-R9_jpg.rf.098e2f2bf234bca903248763fe5c83a4.png,28,400.9,297.4,Normal,107.26,105.0,97.0,106.0,0,0,0,1
C11-R9_jpg.rf.098e2f2bf234bca903248763fe5c83a4.png,29,427.0,357.8,Sem Hipocótilo,68.97,64.0,62.0,65.0,0,0,0,1
C11-R9_jpg.rf.098e2f2bf234bca903248763fe5c83a4.png,30,434.4,298.9,Sem Raiz,23.97,22.0,19.0,24.0,0,0,0,1
C11-R9_jpg.rf.098e2f2bf234bca903248763fe5c83a4.png,31,488.1,333.3,Normal,77.75,71.0,70.0,74.0,0,0,0,1
C11-R9_jpg.rf.098e2f2bf234bca903248763fe5c83a4.png,32,524.9,344.3,Normal,114.64,106.0,101.0,113.0,0,0,0,9
C11-R9_jpg.rf.098e2f2bf234bca903248763fe5c83a4.png,33,564.9,288.0,Sem Hipocótilo,63.91,64.0,62.0,65.0,0,0,0,0
C11-R9_jpg.rf.098e2f2bf234bca903248763fe5c83a4.png,34,87.1,425.1,Normal,89.73,81.0,79.0,90.0,0,0,0,6
C11-R9_jpg.rf.098e2f2bf234bca903248763fe5c83a4.png,35,142.8,433.4,Normal,97.46,91.0,86.0,92.0,0,0,0,3
C11-R9_jpg.rf.098e2f2bf234bca903248763fe5c83a4.png,36,207.3,430.3,Normal,111.37,106.0,107.0,113.0,0,0,0,5
C11-R9_jpg.rf.098e2f2bf234bca903248763fe5c83a4.png,37,256.0,398.3,Sem Raiz,16.39,15.0,13.0,22.0,0,0,0,4
C11-R9_jpg.rf.098e2f2bf234bca903248763fe5c83a4.png,38,349.5,434.4,Normal,103.23,95.0,93.0,100.0,0,0,0,2
C11-R9_jpg.rf.098e2f2bf234bca903248763fe5c83a4.png,39,389.7,419.2,Normal,77.07,80.0,72.0,85.0,0,3,0,5
C11-R9_jpg.rf.098e2f2bf234bca903248763fe5c83a4.png,40,256.7,451.4,Sem Hipocótilo,65.15,61.0,59.0,62.0,0,0,0,0
C11-R9_jpg.rf.098e2f2bf234bca903248763fe5c83a4.png,41,281.4,463.5,Normal,111.75,108.0,103.0,114.0,0,0,0,3
C11-R9_jpg.rf.098e2f2bf234bca903248763fe5c83a4.png,42,430.0,443.6,Normal,115.1,111.0,106.0,115.0,0,1,0,4
C11-R9_jpg.rf.098e2f2bf234bca903248763fe5c83a4.png,43,488.6,460.5,Normal,130.25,117.0,111.0,120.0,0,0,0,3
C11-R9_jpg.rf.098e2f2bf234bca903248763fe5c83a4.png,44,539.3,468.0,Normal,89.6,86.0,81.0,91.0,0,0,0,3
C11-R9_jpg.rf.098e2f2bf234bca903248763fe5c83a4.png,45,96.5,552.8,Normal,95.49,90.0,83.0,93.0,0,0,0,1
C11-R9_jpg.rf.098e2f2bf234bca903248763fe5c83a4.png,46,148.5,558.7,Normal,77.32,75.0,69.0,80.0,0,0,0,6
C11-R9_jpg.rf.098e2f2bf234bca903248763fe5c83a4.png,47,201.5,553.7,Normal,88.28,81.0,76.0,90.0,0,0,0,2
C11-R9_jpg.rf.098e2f2bf234bca903248763fe5c83a4.png,48,251.7,532.3,Normal,126.94,122.0,121.0,127.0,0,0,0,2
C11-R9_jpg.rf.098e2f2bf234bca903248763fe5c83a4.png,49,292.0,532.8,Normal,78.99,72.0,71.0,77.0,0,0,0,1
C11-R9_jpg.rf.098e2f2bf234bca903248763fe5c83a4.png,50,321.6,530.2,Normal,109.74,104.0,101.0,109.0,0,0,0,6
C11-R9_jpg.rf.098e2f2bf234bca903248763fe5c83a4.png,51,369.1,540.8,Normal,86.83,80.0,72.0,85.0,0,0,0,2
C11-R9_jpg.rf.098e2f2bf234bca903248763fe5c83a4.png,52,422.6,550.8,Normal,67.83,62.0,52.0,64.0,0,0,0,1
C11-R9_jpg.rf.098e2f2bf234bca903248763fe5c83a4.png,53,474.5,529.9,Sem Raiz,41.63,38.0,35.0,40.0,0,0,0,0
C11-R9_jpg.rf.098e2f2bf234bca903248763fe5c83a4.png,54,527.2,551.7,Normal,56.33,50.0,47.0,60.0,0,0,0,5
C12-R10_jpg.rf.a20a2091c5a174528df862ea632cfe0c.png,1,125.6,170.1,Normal,106.64,99.0,94.0,105.0,0,0,0,2
C12-R10_jpg.rf.a20a2091c5a174528df862ea632cfe0c.png,2,169.8,183.4,Normal,143.9,134.0,130.0,140.0,0,0,0,1
C12-R10_jpg.rf.a20a2091c5a174528df862ea632cfe0c.png,3,214.0,178.4,Normal,94.32,88.0,83.0,91.0,0,0,0,1
C12-R10_jpg.rf.a20a2091c5a174528df862ea632cfe0c.png,4,255.3,189.3,Normal,113.2,101.0,97.0,106.0,0,0,0,1
C12-R10_jpg.rf.a20a2091c5a174528df862ea632cfe0c.png,5,352.6,189.3,Normal,90.49,85.0,82.0,90.0,0,0,0,4
C12-R10_jpg.rf.a20a2091c5a174528df862ea632cfe0c.png,6,420.1,198.2,Normal,134.27,131.0,128.0,136.0,0,0,0,2
C12-R10_jpg.rf.a20a2091c5a174528df862ea632cfe0c.png,7,459.1,190.4,Normal,91.73,83.0,81.0,89.0,0,0,0,3
C12-R10_jpg.rf.a20a2091c5a174528df862ea632cfe0c.png,8,556.3,197.6,Normal,181.78,170.0,165.0,180.0,0,0,0,5
C12-R10_jpg.rf.a20a2091c5a174528df862ea632cfe0c.png,9,147.4,272.3,Normal,91.02,86.0,82.0,94.0,0,0,0,9
C12-R10_jpg.rf.a20a2091c5a174528df862ea632cfe0c.png,10,315.7,240.8,Normal,43.94,39.0,31.0,47.0,0,0,0,9
C12-R10_jpg.rf.a20a2091c5a174528df862ea632cfe0c.png,11,327.0,205.0,Normal,136.66,132.0,129.0,141.0,0,8,4,13
C12-R10_jpg.rf.a20a2091c5a174528df862ea632cfe0c.png,12,351.7,278.1,Sem Hipocótilo,15.84,15.0,15.0,17.0,0,0,0,0
C12-R10_jpg.rf.a20a2091c5a174528df862ea632cfe0c.png,13,359.6,243.7,Sem Hipocótilo,47.18,44.0,42.0,44.0,0,0,0,0
C12-R10_jpg.rf.a20a2091c5a174528df862ea632cfe0c.png,14,375.5,200.4,Sem Raiz,29.23,45.0,42.0,53.0,3,14,5,16
C12-R10_jpg.rf.a20a2091c5a174528df862ea632cfe0c.png,15,456.9,271.5,Normal,44.73,41.0,28.0,44.0,0,0,0,3
C12-R10_jpg.rf.a20a2091c5a174528df862ea632cfe0c.png,16,131.5,307.6,Normal,53.99,48.0,40.0,52.0,2,2,0,4
C12-R10_jpg.rf.a20a2091c5a174528df862ea632cfe0c.png,17,169.9,348.3,Normal,44.65,42.0,36.0,46.0,0,0,0,2
C12-R10_jpg.rf.a20a2091c5a174528df862ea632cfe0c.png,18,221.1,297.5,Normal,79.64,76.0,72.0,79.0,0,4,0,3
C12-R10_jpg.rf.a20a2091c5a174528df862ea632cfe0c.png,19,268.3,355.3,Normal,63.34,60.0,60.0,65.0,0,0,0,1
C12-R10_jpg.rf.a20a2091c5a174528df862ea632cfe0c.png,20,280.5,289.2,Normal,88.89,84.0,85.0,94.0,0,5,2,4
C12-R10_jpg.rf.a20a2091c5a174528df862ea632cfe0c.png,21,311.9,335.4,Normal,90.32,80.0,82.0,92.0,0,0,0,7
C12-R10_jpg.rf.a20a2091c5a174528df862ea632cfe0c.png,22,490.1,338.0,Normal,69.96,65.0,64.0,71.0,0,0,0,1
C12-R10_jpg.rf.a20a2091c5a174528df862ea632cfe0c.png,23,506.0,288.4,Normal,36.76,35.0,34.0,42.0,0,0,0,6
C12-R10_jpg.rf.a20a2091c5a174528df862ea632cfe0c.png,24,519.4,319.7,Normal,101.88,96.0,96.0,105.0,0,7,1,10
C12-R10_jpg.rf.a20a2091c5a174528df862ea632cfe0c.png,25,136.7,370.6,Normal,49.22,45.0,42.0,59.0,0,0,0,9
C12-R10_jpg.rf.a20a2091c5a174528df862ea632cfe0c.png,26,190.6,435.3,Normal,145.65,133.0,130.0,142.0,0,0,0,9
C12-R10_jpg.rf.a20a2091c5a174528df862ea632cfe0c.png,27,232.9,379.1,Normal,92.33,85.0,77.0,91.0,2,2,0,6
C12-R10_jpg.rf.a20a2091c5a174528df862ea632cfe0c.png,28,299.6,435.4,Normal,132.28,117.0,113.0,123.0,0,0,0,2
C12-R10_jpg.rf.a20a2091c5a174528df862ea632cfe0c.png,29,340.0,402.9,Normal,83.31,79.0,69.0,83.0,0,1,0,2
C12-R10_jpg.rf.a20a2091c5a174528df862ea632cfe0c.png,30,409.2,372.2,Normal,133.05,126.0,122.0,135.0,0,0,0,7
C12-R10_jpg.rf.a20a2091c5a174528df862ea632cfe0c.png,31,446.4,406.0,Normal,91.87,87.0,83.0,89.0,0,0,0,1
C12-R10_jpg.rf.a20a2091c5a174528df862ea632cfe0c.png,32,540.7,373.1,Normal,104.02,96.0,87.0,99.0,0,0,0,0
C12-R10_jpg.rf.a20a2091c5a174528df862ea632cfe0c.png,33,150.3,461.0,Normal,206.44,201.0,190.0,208.0,4,4,0,6
C12-R10_jpg.rf.a20a2091c5a174528df862ea632cfe0c.png,34,208.6,501.9,Normal,123.83,120.0,117.0,124.0,0,0,0,2
C12-R10_jpg.rf.a20a2091c5a174528df862ea632cfe0c.png,35,325.2,495.0,Normal,101.57,93.0,92.0,97.0,0,0,0,1
C12-R10_jpg.rf.a20a2091c5a174528df862ea632cfe0c.png,36,350.4,488.6,Normal,153.32,147.0,145.0,156.0,0,0,0,10
C12-R10_jpg.rf.a20a2091c5a174528df862ea632cfe0c.png,37,391.6,495.2,Normal,141.32,134.0,131.0,141.0,0,0,0,4
C12-R10_jpg.rf.a20a2091c5a174528df862ea632cfe0c.png,38,451.4,489.0,Normal,122.91,116.0,114.0,124.0,0,0,0,9
C12-R10_jpg.rf.a20a2091c5a174528df862ea632cfe0c.png,39,475.5,490.3,Normal,130.59,121.0,117.0,130.0,0,0,0,10
C12-R10_jpg.rf.a20a2091c5a174528df862ea632cfe0c.png,40,506.6,500.2,Normal,169.69,163.0,158.0,167.0,0,0,0,1
C12-R10_jpg.rf.a20a2091c5a174528df862ea632cfe0c.png,41,525.6,477.0,Normal,45.15,45.0,41.0,52.0,0,3,0,6
C12-R10_jpg.rf.a20a2091c5a174528df862ea632cfe0c.png,42,557.3,481.7,Normal,112.3,104.0,100.0,110.0,0,0,0,2
C12-R1_jpg.rf.4516c58ad110c63afc9c7160fe451bda.png,1,128.7,149.2,Normal,55.05,72.0,63.0,79.0,5,5,1,7
C12-R1_jpg.rf.4516c58ad110c63afc9c7160fe451bda.png,2,206.0,179.6,Normal,114.5,109.0,102.0,113.0,0,1,0,3
C12-R1_jpg.rf.4516c58ad110c63afc9c7160fe451bda.png,3,270.0,144.5,Normal,80.53,71.0,68.0,76.0,0,0,0,1
C12-R1_jpg.rf.4516c58ad110c63afc9c7160fe451bda.png,4,328.8,185.9,Normal,135.76,122.0,119.0,126.0,0,0,0,4
C12-R1_jpg.rf.4516c58ad110c63afc9c7160fe451bda.png,5,358.3,175.1,Normal,84.15,76.0,67.0,78.0,3,3,0,1
C12-R1_jpg.rf.4516c58ad110c63afc9c7160fe451bda.png,6,413.3,178.4,Sem Raiz,29.6,31.0,28.0,32.0,0,0,0,1
C12-R1_jpg.rf.4516c58ad110c63afc9c7160fe451bda.png,7,451.7,172.6,Normal,65.9,59.0,51.0,68.0,3,3,0,7
C12-R1_jpg.rf.4516c58ad110c63afc9c7160fe451bda.png,8,521.8,189.9,Normal,46.47,43.0,37.0,49.0,0,0,0,1
C12-R1_jpg.rf.4516c58ad110c63afc9c7160fe451bda.png,9,551.0,153.4,Normal,61.94,55.0,49.0,61.0,0,0,0,3
C12-R1_jpg.rf.4516c58ad110c63afc9c7160fe451bda.png,10,124.1,244.4,Normal,132.47,120.0,113.0,128.0,0,0,0,7
C12-R1_jpg.rf.4516c58ad110c63afc9c7160fe451bda.png,11,179.7,216.4,Normal,63.03,68.0,60.0,78.0,3,3,0,5
C12-R1_jpg.rf.4516c58ad110c63afc9c7160fe451bda.png,12,229.1,260.4,Normal,94.54,88.0,84.0,93.0,0,0,0,1
C12-R1_jpg.rf.4516c58ad110c63afc9c7160fe451bda.png,13,282.1,213.6,Normal,92.15,79.0,77.0,85.0,0,0,0,2
C12-R1_jpg.rf.4516c58ad110c63afc9c7160fe451bda.png,14,391.4,256.2,Normal,109.35,105.0,102.0,112.0,0,0,0,4
C12-R1_jpg.rf.4516c58ad110c63afc9c7160fe451bda.png,15,421.8,248.5,Normal,51.55,52.0,43.0,60.0,0,3,0,5
C12-R1_jpg.rf.4516c58ad110c63afc9c7160fe451bda.png,16,463.1,234.7,Normal,93.82,78.0,73.0,84.0,0,0,0,1
C12-R1_jpg.rf.4516c58ad110c63afc9c7160fe451bda.png,17,552.2,200.4,Normal,100.92,93.0,88.0,102.0,0,0,0,4
C12-R1_jpg.rf.4516c58ad110c63afc9c7160fe451bda.png,18,558.7,268.4,Normal,43.05,38.0,37.0,55.0,0,0,0,11
C12-R1_jpg.rf.4516c58ad110c63afc9c7160fe451bda.png,19,139.3,320.2,Sem Raiz,26.1,24.0,23.0,26.0,0,0,0,0
C12-R1_jpg.rf.4516c58ad110c63afc9c7160fe451bda.png,20,166.2,310.7,Sem Raiz,12.9,15.0,12.0,16.0,0,4,0,3
C12-R1_jpg.rf.4516c58ad110c63afc9c7160fe451bda.png,21,259.5,297.5,Normal,104.05,94.0,91.0,100.0,0,0,0,3
C12-R1_jpg.rf.4516c58ad110c63afc9c7160fe451bda.png,22,310.9,335.7,Normal,151.13,145.0,141.0,149.0,0,0,0,2
C12-R1_jpg.rf.4516c58ad110c63afc9c7160fe451bda.png,23,331.9,360.0,Normal,84.15,80.0,75.0,88.0,3,3,0,3
C12-R1_jpg.rf.4516c58ad110c63afc9c7160fe451bda.png,24,385.2,326.2,Normal,133.46,120.0,118.0,130.0,0,0,0,7
C12-R1_jpg.rf.4516c58ad110c63afc9c7160fe451bda.png,25,416.6,327.9,Normal,110.56,101.0,94.0,105.0,0,0,0,3
C12-R1_jpg.rf.4516c58ad110c63afc9c7160fe451bda.png,26,460.3,285.7,Normal,100.56,96.0,90.0,101.0,0,4,0,6
C12-R1_jpg.rf.4516c58ad110c63afc9c7160fe451bda.png,27,519.3,322.9,Normal,135.83,130.0,122.0,136.0,0,1,0,7
C12-R1_jpg.rf.4516c58ad110c63afc9c7160fe451bda.png,28,557.3,308.9,Sem Raiz,30.87,29.0,28.0,30.0,0,0,0,0
C12-R1_jpg.rf.4516c58ad110c63afc9c7160fe451bda.png,29,120.9,383.3,Sem Hipocótilo,88.27,87.0,85.0,87.0,0,0,0,0
C12-R1_jpg.rf.4516c58ad110c63afc9c7160fe451bda.png,30,170.0,370.7,Normal,105.64,98.0,96.0,102.0,0,0,0,1
C12-R1_jpg.rf.4516c58ad110c63afc9c7160fe451bda.png,31,205.3,377.7,Normal,101.93,97.0,93.0,103.0,0,0,0,6
C12-R1_jpg.rf.4516c58ad110c63afc9c7160fe451bda.png,32,276.6,383.2,Normal,40.79,37.0,35.0,40.0,0,0,0,0
C12-R1_jpg.rf.4516c58ad110c63afc9c7160fe451bda.png,33,360.5,379.7,Normal,145.82,139.0,129.0,141.0,0,0,0,0
C12-R1_jpg.rf.4516c58ad110c63afc9c7160fe451bda.png,34,410.3,416.0,Normal,69.41,63.0,61.0,71.0,0,0,0,10
C12-R1_jpg.rf.4516c58ad110c63afc9c7160fe451bda.png,35,455.1,394.1,Normal,143.44,147.0,141.0,157.0,4,4,1,8
C12-R1_jpg.rf.4516c58ad110c63afc9c7160fe451bda.png,36,475.1,417.3,Sem Raiz,30.27,45.0,45.0,51.0,0,7,3,4
C12-R1_jpg.rf.4516c58ad110c63afc9c7160fe451bda.png,37,561.3,362.6,Normal,69.12,66.0,64.0,69.0,0,0,0,1
C12-R1_jpg.rf.4516c58ad110c63afc9c7160fe451bda.png,38,109.2,498.2,Normal,104.84,99.0,96.0,104.0,0,0,0,1
C12-R1_jpg.rf.4516c58ad110c63afc9c7160fe451bda.png,39,138.8,500.3,Normal,91.45,84.0,80.0,91.0,0,0,0,1
C12-R1_jpg.rf.4516c58ad110c63afc9c7160fe451bda.png,40,170.3,449.3,Sem Raiz,31.23,28.0,24.0,32.0,0,0,0,3
C12-R1_jpg.rf.4516c58ad110c63afc9c7160fe451bda.png,41,180.6,498.7,Sem Hipocótilo,53.79,52.0,50.0,55.0,0,0,0,1
C12-R1_jpg.rf.4516c58ad110c63afc9c7160fe451bda.png,42,214.7,505.2,Normal,106.79,96.0,91.0,102.0,0,0,0,6
C12-R1_jpg.rf.4516c58ad110c63afc9c7160fe451bda.png,43,248.5,498.7,Normal,73.4,69.0,63.0,72.0,0,0,0,3
C12-R1_jpg.rf.4516c58ad110c63afc9c7160fe451bda.png,44,283.6,455.7,Normal,118.03,110.0,108.0,119.0,0,0,0,10
C12-R1_jpg.rf.4516c58ad110c63afc9c7160fe451bda.png,45,333.1,496.5,Normal,139.5,126.0,124.0,127.0,0,0,0,0
C12-R1_jpg.rf.4516c58ad110c63afc9c7160fe451bda.png,46,372.7,455.3,Normal,113.49,107.0,101.0,115.0,0,3,0,10
C12-R1_jpg.rf.4516c58ad110c63afc9c7160fe451bda.png,47,402.2,496.1,Normal,64.64,61.0,55.0,65.0,4,4,0,3
C12-R1_jpg.rf.4516c58ad110c63afc9c7160fe451bda.png,48,485.3,494.1,Normal,64.91,60.0,57.0,65.0,0,0,0,2
C12-R1_jpg.rf.4516c58ad110c63afc9c7160fe451bda.png,49,510.2,445.5,Normal,80.09,76.0,70.0,78.0,0,0,0,0
C12-R1_jpg.rf.4516c58ad110c63afc9c7160fe451bda.png,50,541.7,454.9,Normal,36.17,32.0,32.0,40.0,0,0,0,2
C12-R2_jpg.rf.19855c46f59f65712a144040f955fc85.png,1,136.3,129.5,Sem Raiz,16.25,28.0,31.0,42.0,0,8,5,11
C12-R2_jpg.rf.19855c46f59f65712a144040f955fc85.png,2,152.6,169.5,Sem Hipocótilo,11.04,11.0,9.0,14.0,0,0,0,1
C12-R2_jpg.rf.19855c46f59f65712a144040f955fc85.png,3,178.1,143.1,Normal,109.04,103.0,99.0,112.0,0,0,0,8
C12-R2_jpg.rf.19855c46f59f65712a144040f955fc85.png,4,224.2,167.8,Normal,79.45,89.0,89.0,102.0,4,14,9,18
C12-R2_jpg.rf.19855c46f59f65712a144040f955fc85.png,5,269.4,145.9,Normal,66.94,62.0,60.0,67.0,0,0,0,1
C12-R2_jpg.rf.19855c46f59f65712a144040f955fc85.png,6,360.5,165.4,Normal,55.33,53.0,47.0,56.0,0,0,0,1
C12-R2_jpg.rf.19855c46f59f65712a144040f955fc85.png,7,441.9,190.6,Normal,86.53,89.0,82.0,94.0,0,1,0,4
C12-R2_jpg.rf.19855c46f59f65712a144040f955fc85.png,8,446.7,129.2,Sem Raiz,24.23,22.0,19.0,23.0,0,0,0,0
C12-R2_jpg.rf.19855c46f59f65712a144040f955fc85.png,9,470.9,184.8,Normal,133.33,130.0,123.0,135.0,0,3,0,6
C12-R2_jpg.rf.19855c46f59f65712a144040f955fc85.png,10,514.7,171.6,Normal,80.08,76.0,72.0,82.0,0,0,0,6
C12-R2_jpg.rf.19855c46f59f65712a144040f955fc85.png,11,546.9,166.5,Normal,69.96,65.0,60.0,69.0,0,0,0,1
C12-R2_jpg.rf.19855c46f59f65712a144040f955fc85.png,12,134.6,226.4,Normal,102.2,94.0,94.0,98.0,0,0,0,2
C12-R2_jpg.rf.19855c46f59f65712a144040f955fc85.png,13,175.7,240.6,Normal,102.12,92.0,87.0,96.0,0,0,0,4
C12-R2_jpg.rf.19855c46f59f65712a144040f955fc85.png,14,290.6,230.9,Normal,116.65,109.0,108.0,116.0,0,0,0,4
C12-R2_jpg.rf.19855c46f59f65712a144040f955fc85.png,15,368.2,248.1,Normal,105.43,95.0,91.0,103.0,0,0,0,4
C12-R2_jpg.rf.19855c46f59f65712a144040f955fc85.png,16,402.2,277.4,Normal,65.75,59.0,54.0,62.0,0,0,0,1
C12-R2_jpg.rf.19855c46f59f65712a144040f955fc85.png,17,407.2,222.5,Sem Hipocótilo,32.58,31.0,31.0,33.0,0,0,0,3
C12-R2_jpg.rf.19855c46f59f65712a144040f955fc85.png,18,125.3,323.7,Normal,117.03,103.0,97.0,109.0,0,0,0,2
C12-R2_jpg.rf.19855c46f59f65712a144040f955fc85.png,19,169.8,354.4,Normal,37.06,43.0,33.0,45.0,0,6,0,6
C12-R2_jpg.rf.19855c46f59f65712a144040f955fc85.png,20,183.8,322.1,Normal,34.21,31.0,23.0,35.0,0,0,0,3
C12-R2_jpg.rf.19855c46f59f65712a144040f955fc85.png,21,213.6,329.8,Normal,246.84,230.0,224.0,242.0,0,1,0,9
C12-R2_jpg.rf.19855c46f59f65712a144040f955fc85.png,22,266.4,327.0,Normal,119.52,112.0,112.0,113.0,0,0,0,0
C12-R2_jpg.rf.19855c46f59f65712a144040f955fc85.png,23,318.0,289.3,Normal,94.27,84.0,84.0,88.0,0,0,0,1
C12-R2_jpg.rf.19855c46f59f65712a144040f955fc85.png,24,371.6,331.5,Normal,102.14,97.0,91.0,103.0,0,0,0,3
C12-R2_jpg.rf.19855c46f59f65712a144040f955fc85.png,25,450.1,301.6,Normal,91.66,81.0,77.0,91.0,0,0,0,9
C12-R2_jpg.rf.19855c46f59f65712a144040f955fc85.png,26,489.7,358.7,Normal,84.0,75.0,70.0,81.0,0,0,0,3
C12-R2_jpg.rf.19855c46f59f65712a144040f955fc85.png,27,530.2,301.2,Normal,97.83,86.0,83.0,97.0,0,0,0,9
C12-R2_jpg.rf.19855c46f59f65712a144040f955fc85.png,28,566.0,295.4,Normal,67.98,64.0,63.0,66.0,0,0,0,0
C12-R2_jpg.rf.19855c46f59f65712a144040f955fc85.png,29,142.7,415.2,Normal,63.91,59.0,52.0,70.0,0,0,0,5
C12-R2_jpg.rf.19855c46f59f65712a144040f955fc85.png,30,166.7,410.6,Sem Raiz,8.98,8.0,5.0,14.0,0,0,0,3
C12-R2_jpg.rf.19855c46f59f65712a144040f955fc85.png,31,301.5,397.2,Normal,130.07,123.0,118.0,130.0,0,0,0,4
C12-R2_jpg.rf.19855c46f59f65712a144040f955fc85.png,32,326.6,413.1,Normal,42.69,41.0,38.0,44.0,0,0,0,1
C12-R2_jpg.rf.19855c46f59f65712a144040f955fc85.png,33,405.9,368.3,Normal,97.69,90.0,85.0,105.0,0,0,0,9
C12-R2_jpg.rf.19855c46f59f65712a144040f955fc85.png,34,460.1,377.0,Normal,71.26,84.0,82.0,93.0,4,0,0,3
C12-R2_jpg.rf.19855c46f59f65712a144040f955fc85.png,35,548.0,408.8,Normal,42.56,39.0,32.0,43.0,0,0,0,0
C12-R2_jpg.rf.19855c46f59f65712a144040f955fc85.png,36,173.4,475.7,Sem Hipocótilo,86.06,82.0,80.0,83.0,0,0,0,0
C12-R2_jpg.rf.19855c46f59f65712a144040f955fc85.png,37,204.3,502.0,Normal,121.19,113.0,105.0,117.0,0,0,0,3
C12-R2_jpg.rf.19855c46f59f65712a144040f955fc85.png,38,272.8,474.8,Normal,148.71,137.0,136.0,143.0,0,0,0,3
C12-R2_jpg.rf.19855c46f59f65712a144040f955fc85.png,39,310.1,485.2,Sem Raiz,37.02,33.0,30.0,37.0,0,0,0,4
C12-R2_jpg.rf.19855c46f59f65712a144040f955fc85.png,40,355.0,451.4,Normal,84.94,84.0,78.0,87.0,0,3,0,5
C12-R2_jpg.rf.19855c46f59f65712a144040f955fc85.png,41,403.0,500.9,Normal,100.11,91.0,88.0,98.0,0,0,0,4
C12-R2_jpg.rf.19855c46f59f65712a144040f955fc85.png,42,453.4,448.7,Normal,18.45,21.0,14.0,23.0,2,5,0,1
C12-R2_jpg.rf.19855c46f59f65712a144040f955fc85.png,43,521.2,445.7,Normal,111.88,105.0,95.0,111.0,0,0,0,4
C12-R2_jpg.rf.19855c46f59f65712a144040f955fc85.png,44,548.6,497.6,Normal,82.49,85.0,76.0,88.0,3,3,1,4
C12-R2_jpg.rf.19855c46f59f65712a144040f955fc85.png,45,131.8,540.9,Normal,130.72,119.0,112.0,124.0,0,0,0,2
C12-R2_jpg.rf.19855c46f59f65712a144040f955fc85.png,46,249.7,527.6,Normal,58.26,56.0,53.0,63.0,0,0,0,1
C12-R2_jpg.rf.19855c46f59f65712a144040f955fc85.png,47,479.6,524.4,Normal,35.7,40.0,35.0,43.0,0,1,0,1
C12-R3_jpg.rf.edf207b41d1445bad57c4b42c38e5c61.png,1,162.9,162.7,Normal,39.8,37.0,31.0,42.0,0,9,1,6
C12-R3_jpg.rf.edf207b41d1445bad57c4b42c38e5c61.png,2,270.4,165.8,Normal,91.85,83.0,82.0,89.0,0,0,0,3
C12-R3_jpg.rf.edf207b41d1445bad57c4b42c38e5c61.png,3,357.6,154.5,Normal,45.03,45.0,37.0,53.0,0,4,0,10
C12-R3_jpg.rf.edf207b41d1445bad57c4b42c38e5c61.png,4,437.9,188.1,Sem Hipocótilo,71.33,67.0,62.0,67.0,0,0,0,0
C12-R3_jpg.rf.edf207b41d1445bad57c4b42c38e5c61.png,5,439.9,138.1,Sem Raiz,28.64,26.0,26.0,31.0,0,0,0,4
C12-R3_jpg.rf.edf207b41d1445bad57c4b42c38e5c61.png,6,487.1,182.0,Normal,45.69,44.0,38.0,50.0,0,0,0,3
C12-R3_jpg.rf.edf207b41d1445bad57c4b42c38e5c61.png,7,114.7,234.2,Normal,135.25,128.0,124.0,135.0,0,0,0,7
C12-R3_jpg.rf.edf207b41d1445bad57c4b42c38e5c61.png,8,141.7,259.8,Normal,48.86,47.0,41.0,48.0,0,0,0,3
C12-R3_jpg.rf.edf207b41d1445bad57c4b42c38e5c61.png,9,187.2,263.1,Normal,230.21,219.0,210.0,228.0,0,0,0,4
C12-R3_jpg.rf.edf207b41d1445bad57c4b42c38e5c61.png,10,224.7,217.0,Normal,98.81,93.0,91.0,99.0,0,0,0,4
C12-R3_jpg.rf.edf207b41d1445bad57c4b42c38e5c61.png,11,302.9,239.2,Normal,72.77,74.0,71.0,81.0,4,4,3,5
C12-R3_jpg.rf.edf207b41d1445bad57c4b42c38e5c61.png,12,316.2,251.3,Sem Raiz,17.32,16.0,18.0,23.0,0,0,0,4
C12-R3_jpg.rf.edf207b41d1445bad57c4b42c38e5c61.png,13,344.0,272.6,Sem Hipocótilo,65.73,64.0,64.0,65.0,0,0,0,0
C12-R3_jpg.rf.edf207b41d1445bad57c4b42c38e5c61.png,14,353.4,214.9,Sem Raiz,27.87,39.0,33.0,42.0,2,4,0,7
C12-R3_jpg.rf.edf207b41d1445bad57c4b42c38e5c61.png,15,399.7,267.7,Normal,52.93,46.0,40.0,52.0,0,0,0,4
C12-R3_jpg.rf.edf207b41d1445bad57c4b42c38e5c61.png,16,403.9,204.3,Normal,146.78,132.0,130.0,139.0,0,0,0,6
C12-R3_jpg.rf.edf207b41d1445bad57c4b42c38e5c61.png,17,460.9,206.2,Sem Raiz,43.23,37.0,36.0,40.0,0,0,0,3
C12-R3_jpg.rf.edf207b41d1445bad57c4b42c38e5c61.png,18,465.4,264.1,Sem Hipocótilo,58.94,58.0,57.0,61.0,0,0,0,1
C12-R3_jpg.rf.edf207b41d1445bad57c4b42c38e5c61.png,19,492.9,274.5,Normal,81.93,74.0,68.0,82.0,0,0,0,4
C12-R3_jpg.rf.edf207b41d1445bad57c4b42c38e5c61.png,20,548.7,269.5,Normal,56.77,57.0,48.0,72.0,0,1,0,13
C12-R3_jpg.rf.edf207b41d1445bad57c4b42c38e5c61.png,21,553.5,205.7,Normal,87.17,84.0,80.0,86.0,0,0,0,1
C12-R3_jpg.rf.edf207b41d1445bad57c4b42c38e5c61.png,22,139.0,304.1,Sem Raiz,39.38,34.0,31.0,36.0,0,0,0,0
C12-R3_jpg.rf.edf207b41d1445bad57c4b42c38e5c61.png,23,195.3,345.9,Normal,57.17,55.0,53.0,64.0,0,1,0,3
C12-R3_jpg.rf.edf207b41d1445bad57c4b42c38e5c61.png,24,234.4,307.7,Normal,100.21,96.0,89.0,104.0,0,3,0,5
C12-R3_jpg.rf.edf207b41d1445bad57c4b42c38e5c61.png,25,254.3,284.3,Normal,91.56,90.0,79.0,90.0,1,4,0,3
C12-R3_jpg.rf.edf207b41d1445bad57c4b42c38e5c61.png,26,275.1,317.1,Normal,61.96,57.0,53.0,65.0,0,0,0,4
C12-R3_jpg.rf.edf207b41d1445bad57c4b42c38e5c61.png,27,310.5,358.5,Normal,108.82,108.0,96.0,116.0,3,3,0,5
C12-R3_jpg.rf.edf207b41d1445bad57c4b42c38e5c61.png,28,349.7,339.0,Normal,93.11,82.0,81.0,88.0,0,0,0,6
C12-R3_jpg.rf.edf207b41d1445bad57c4b42c38e5c61.png,29,381.6,345.5,Normal,47.48,62.0,58.0,68.0,3,19,14,15
C12-R3_jpg.rf.edf207b41d1445bad57c4b42c38e5c61.png,30,405.3,316.4,Normal,49.24,43.0,40.0,51.0,0,0,0,1
C12-R3_jpg.rf.edf207b41d1445bad57c4b42c38e5c61.png,31,446.1,337.1,Normal,65.15,71.0,71.0,83.0,3,6,4,10
C12-R3_jpg.rf.edf207b41d1445bad57c4b42c38e5c61.png,32,488.4,346.5,Normal,62.74,60.0,55.0,71.0,0,0,0,4
C12-R3_jpg.rf.edf207b41d1445bad57c4b42c38e5c61.png,33,533.6,352.4,Sem Raiz,39.36,34.0,31.0,36.0,0,0,0,1
C12-R3_jpg.rf.edf207b41d1445bad57c4b42c38e5c61.png,34,557.7,337.7,Sem Hipocótilo,71.45,65.0,62.0,66.0,0,0,0,0
C12-R3_jpg.rf.edf207b41d1445bad57c4b42c38e5c61.png,35,141.0,375.8,Sem Hipocótilo,94.56,91.0,90.0,92.0,0,0,0,0
C12-R3_jpg.rf.edf207b41d1445bad57c4b42c38e5c61.png,36,162.1,411.6,Normal,106.77,105.0,98.0,110.0,0,4,0,4
C12-R3_jpg.rf.edf207b41d1445bad57c4b42c38e5c61.png,37,223.5,387.6,Sem Raiz,30.82,41.0,41.0,46.0,0,3,1,7
C12-R3_jpg.rf.edf207b41d1445bad57c4b42c38e5c61.png,38,250.9,414.7,Normal,102.86,101.0,94.0,103.0,1,5,0,2
C12-R3_jpg.rf.edf207b41d1445bad57c4b42c38e5c61.png,39,292.7,422.2,Normal,39.15,34.0,31.0,44.0,0,0,0,9
C12-R3_jpg.rf.edf207b41d1445bad57c4b42c38e5c61.png,40,394.3,411.8,Sem Hipocótilo,11.88,11.0,9.0,13.0,0,0,0,1
C12-R3_jpg.rf.edf207b41d1445bad57c4b42c38e5c61.png,41,462.5,374.3,Sem Raiz,39.18,40.0,33.0,44.0,0,0,0,3
C12-R3_jpg.rf.edf207b41d1445bad57c4b42c38e5c61.png,42,505.0,423.9,Normal,107.19,104.0,95.0,109.0,0,4,0,5
C12-R3_jpg.rf.edf207b41d1445bad57c4b42c38e5c61.png,43,554.3,407.4,Sem Hipocótilo,54.13,48.0,47.0,50.0,0,0,0,1
C12-R3_jpg.rf.edf207b41d1445bad57c4b42c38e5c61.png,44,119.1,459.0,Normal,157.23,150.0,147.0,160.0,0,0,0,7
C12-R3_jpg.rf.edf207b41d1445bad57c4b42c38e5c61.png,45,184.8,479.6,Normal,141.96,128.0,123.0,132.0,0,8,2,4
C12-R3_jpg.rf.edf207b41d1445bad57c4b42c38e5c61.png,46,218.0,506.0,Normal,138.31,126.0,124.0,129.0,0,0,0,0
C12-R3_jpg.rf.edf207b41d1445bad57c4b42c38e5c61.png,47,305.8,518.4,Normal,168.9,157.0,152.0,168.0,0,0,0,10
C12-R3_jpg.rf.edf207b41d1445bad57c4b42c38e5c61.png,48,357.8,474.4,Normal,111.56,107.0,101.0,108.0,0,1,0,2
C12-R3_jpg.rf.edf207b41d1445bad57c4b42c38e5c61.png,49,401.8,496.4,Normal,85.85,78.0,80.0,91.0,0,0,0,12
C12-R3_jpg.rf.edf207b41d1445bad57c4b42c38e5c61.png,50,423.7,458.3,Normal,119.47,131.0,124.0,130.0,3,16,5,10
C12-R3_jpg.rf.edf207b41d1445bad57c4b42c38e5c61.png,51,446.4,500.2,Normal,134.88,125.0,121.0,128.0,0,0,0,1
C12-R3_jpg.rf.edf207b41d1445bad57c4b42c38e5c61.png,52,492.5,512.4,Normal,108.0,99.0,95.0,105.0,0,0,0,5
C12-R3_jpg.rf.edf207b41d1445bad57c4b42c38e5c61.png,53,547.4,494.0,Normal,60.28,58.0,53.0,66.0,0,0,0,5
C12-R4_jpg.rf.3c014c3761ae4003ba9c6234e32f1a19.png,1,93.6,188.5,Sem Raiz,11.39,11.0,10.0,17.0,0,0,0,4
C12-R4_jpg.rf.3c014c3761ae4003ba9c6234e32f1a19.png,2,128.6,167.5,Normal,113.43,104.0,98.0,108.0,0,0,0,1
C12-R4_jpg.rf.3c014c3761ae4003ba9c6234e32f1a19.png,3,169.7,185.6,Normal,95.84,89.0,85.0,95.0,0,0,0,6
C12-R4_jpg.rf.3c014c3761ae4003ba9c6234e32f1a19.png,4,199.8,186.2,Normal,111.09,103.0,97.0,105.0,0,0,0,3
C12-R4_jpg.rf.3c014c3761ae4003ba9c6234e32f1a19.png,5,282.6,191.1,Normal,148.76,142.0,135.0,144.0,0,0,0,1
C12-R4_jpg.rf.3c014c3761ae4003ba9c6234e32f1a19.png,6,361.8,197.3,Normal,129.97,119.0,115.0,122.0,0,0,0,0
C12-R4_jpg.rf.3c014c3761ae4003ba9c6234e32f1a19.png,7,395.7,191.8,Normal,91.35,86.0,88.0,97.0,0,7,1,4
C12-R4_jpg.rf.3c014c3761ae4003ba9c6234e32f1a19.png,8,426.1,189.2,Normal,131.65,123.0,120.0,128.0,0,0,0,0
C12-R4_jpg.rf.3c014c3761ae4003ba9c6234e32f1a19.png,9,490.5,193.4,Normal,77.64,73.0,67.0,78.0,0,0,0,2
C12-R4_jpg.rf.3c014c3761ae4003ba9c6234e32f1a19.png,10,560.9,160.4,Sem Raiz,16.25,15.0,14.0,17.0,0,0,0,1
C12-R4_jpg.rf.3c014c3761ae4003ba9c6234e32f1a19.png,11,103.4,219.7,Sem Hipocótilo,18.02,17.0,17.0,18.0,0,0,0,0
C12-R4_jpg.rf.3c014c3761ae4003ba9c6234e32f1a19.png,12,246.4,259.5,Normal,126.61,119.0,115.0,126.0,0,0,0,4
C12-R4_jpg.rf.3c014c3761ae4003ba9c6234e32f1a19.png,13,306.6,267.1,Sem Hipocótilo,72.95,69.0,67.0,69.0,0,0,0,0
C12-R4_jpg.rf.3c014c3761ae4003ba9c6234e32f1a19.png,14,432.8,279.4,Sem Hipocótilo,79.11,68.0,66.0,70.0,0,0,0,1
C12-R4_jpg.rf.3c014c3761ae4003ba9c6234e32f1a19.png,15,454.1,228.0,Sem Raiz,37.32,31.0,31.0,35.0,0,0,0,2
C12-R4_jpg.rf.3c014c3761ae4003ba9c6234e32f1a19.png,16,489.4,276.6,Normal,48.83,43.0,39.0,45.0,0,0,0,0
C12-R4_jpg.rf.3c014c3761ae4003ba9c6234e32f1a19.png,17,524.4,233.0,Normal,136.2,126.0,124.0,135.0,0,0,0,7
C12-R4_jpg.rf.3c014c3761ae4003ba9c6234e32f1a19.png,18,556.3,231.1,Normal,116.03,112.0,106.0,115.0,0,1,0,2
C12-R4_jpg.rf.3c014c3761ae4003ba9c6234e32f1a19.png,19,100.1,311.1,Normal,158.99,161.0,155.0,172.0,3,7,1,11
C12-R4_jpg.rf.3c014c3761ae4003ba9c6234e32f1a19.png,20,151.2,290.1,Normal,91.59,86.0,81.0,93.0,0,0,0,4
C12-R4_jpg.rf.3c014c3761ae4003ba9c6234e32f1a19.png,21,180.4,313.4,Normal,119.08,117.0,108.0,120.0,0,4,0,4
C12-R4_jpg.rf.3c014c3761ae4003ba9c6234e32f1a19.png,22,224.1,315.9,Normal,214.7,196.0,194.0,213.0,0,0,0,8
C12-R4_jpg.rf.3c014c3761ae4003ba9c6234e32f1a19.png,23,341.4,288.0,Normal,51.52,46.0,47.0,57.0,0,0,0,2
C12-R4_jpg.rf.3c014c3761ae4003ba9c6234e32f1a19.png,24,386.0,280.2,Normal,85.57,76.0,69.0,80.0,0,0,0,0
C12-R4_jpg.rf.3c014c3761ae4003ba9c6234e32f1a19.png,25,393.1,331.2,Normal,32.65,28.0,26.0,38.0,0,0,0,2
C12-R4_jpg.rf.3c014c3761ae4003ba9c6234e32f1a19.png,26,461.5,304.1,Sem Raiz,23.06,20.0,16.0,24.0,0,0,0,3
C12-R4_jpg.rf.3c014c3761ae4003ba9c6234e32f1a19.png,27,490.9,340.9,Normal,107.47,102.0,98.0,108.0,0,0,0,4
C12-R4_jpg.rf.3c014c3761ae4003ba9c6234e32f1a19.png,28,513.5,295.8,Sem Raiz,12.98,13.0,13.0,17.0,0,0,0,1
C12-R4_jpg.rf.3c014c3761ae4003ba9c6234e32f1a19.png,29,121.7,370.5,Normal,93.35,89.0,86.0,97.0,0,0,0,2
C12-R4_jpg.rf.3c014c3761ae4003ba9c6234e32f1a19.png,30,143.9,388.3,Normal,118.29,109.0,106.0,117.0,0,0,0,5
C12-R4_jpg.rf.3c014c3761ae4003ba9c6234e32f1a19.png,31,203.7,414.7,Sem Raiz,17.36,16.0,15.0,21.0,0,0,0,1
C12-R4_jpg.rf.3c014c3761ae4003ba9c6234e32f1a19.png,32,277.1,360.0,Normal,142.97,145.0,145.0,152.0,0,11,5,5
C12-R4_jpg.rf.3c014c3761ae4003ba9c6234e32f1a19.png,33,299.8,415.0,Normal,34.29,30.0,25.0,39.0,0,0,0,3
C12-R4_jpg.rf.3c014c3761ae4003ba9c6234e32f1a19.png,34,306.2,367.1,Sem Hipocótilo,37.55,33.0,33.0,41.0,0,0,0,1
C12-R4_jpg.rf.3c014c3761ae4003ba9c6234e32f1a19.png,35,332.3,378.9,Normal,126.22,120.0,117.0,130.0,0,0,0,4
C12-R4_jpg.rf.3c014c3761ae4003ba9c6234e32f1a19.png,36,427.7,407.2,Sem Hipocótilo,40.18,37.0,36.0,39.0,0,0,0,1
C12-R4_jpg.rf.3c014c3761ae4003ba9c6234e32f1a19.png,37,439.2,372.3,Sem Raiz,10.52,23.0,23.0,24.0,0,5,4,4
C12-R4_jpg.rf.3c014c3761ae4003ba9c6234e32f1a19.png,38,456.3,362.6,Sem Hipocótilo,85.47,81.0,80.0,84.0,0,0,0,1
C12-R4_jpg.rf.3c014c3761ae4003ba9c6234e32f1a19.png,39,519.0,381.4,Sem Hipocótilo,90.51,87.0,86.0,89.0,0,0,0,1
C12-R4_jpg.rf.3c014c3761ae4003ba9c6234e32f1a19.png,40,548.9,430.7,Sem Raiz,25.43,24.0,20.0,32.0,0,3,0,7
C12-R4_jpg.rf.3c014c3761ae4003ba9c6234e32f1a19.png,41,105.8,473.0,Normal,73.72,72.0,69.0,75.0,0,0,0,0
C12-R4_jpg.rf.3c014c3761ae4003ba9c6234e32f1a19.png,42,149.0,497.0,Normal,154.97,136.0,130.0,146.0,0,0,0,8
C12-R4_jpg.rf.3c014c3761ae4003ba9c6234e32f1a19.png,43,185.8,448.0,Sem Hipocótilo,56.69,52.0,53.0,55.0,0,0,0,0
C12-R4_jpg.rf.3c014c3761ae4003ba9c6234e32f1a19.png,44,203.6,496.4,Sem Hipocótilo,19.95,20.0,19.0,22.0,0,0,0,1
C12-R4_jpg.rf.3c014c3761ae4003ba9c6234e32f1a19.png,45,209.0,454.4,Sem Raiz,40.27,35.0,34.0,36.0,0,0,0,0
C12-R4_jpg.rf.3c014c3761ae4003ba9c6234e32f1a19.png,46,242.9,518.8,Normal,120.61,119.0,109.0,124.0,0,0,0,6
C12-R4_jpg.rf.3c014c3761ae4003ba9c6234e32f1a19.png,47,265.2,495.5,Normal,17.88,22.0,19.0,32.0,3,3,0,4
C12-R4_jpg.rf.3c014c3761ae4003ba9c6234e32f1a19.png,48,293.3,518.2,Sem Hipocótilo,63.71,61.0,58.0,63.0,0,0,0,1
C12-R4_jpg.rf.3c014c3761ae4003ba9c6234e32f1a19.png,49,333.4,507.6,Normal,120.62,111.0,106.0,118.0,0,0,0,6
C12-R4_jpg.rf.3c014c3761ae4003ba9c6234e32f1a19.png,50,374.7,510.6,Normal,115.72,111.0,110.0,117.0,0,1,0,5
C12-R4_jpg.rf.3c014c3761ae4003ba9c6234e32f1a19.png,51,388.7,441.7,Normal,134.53,122.0,118.0,130.0,0,0,0,6
C12-R4_jpg.rf.3c014c3761ae4003ba9c6234e32f1a19.png,52,436.2,459.2,Normal,64.11,85.0,81.0,91.0,3,12,5,7
C12-R4_jpg.rf.3c014c3761ae4003ba9c6234e32f1a19.png,53,492.3,455.1,Normal,60.63,54.0,49.0,66.0,0,0,0,5
C12-R4_jpg.rf.3c014c3761ae4003ba9c6234e32f1a19.png,54,539.7,498.0,Sem Hipocótilo,88.83,83.0,80.0,84.0,0,0,0,0
C12-R4_jpg.rf.3c014c3761ae4003ba9c6234e32f1a19.png,55,492.9,529.4,Normal,100.7,91.0,84.0,94.0,0,0,0,0
C12-R5_jpg.rf.6c7865f26412824972728a285aac8443.png,1,190.3,180.0,Normal,61.87,56.0,51.0,62.0,0,0,0,0
C12-R5_jpg.rf.6c7865f26412824972728a285aac8443.png,2,284.6,154.6,Normal,105.94,97.0,96.0,108.0,0,0,0,8
C12-R5_jpg.rf.6c7865f26412824972728a285aac8443.png,3,332.5,168.8,Normal,55.76,53.0,51.0,59.0,0,0,0,3
C12-R5_jpg.rf.6c7865f26412824972728a285aac8443.png,4,373.6,150.5,Normal,51.1,65.0,61.0,75.0,4,5,1,8
C12-R5_jpg.rf.6c7865f26412824972728a285aac8443.png,5,418.8,184.3,Normal,31.32,37.0,32.0,46.0,2,2,0,11
C12-R5_jpg.rf.6c7865f26412824972728a285aac8443.png,6,483.8,146.9,Sem Raiz,22.15,19.0,16.0,25.0,0,0,0,6
C12-R5_jpg.rf.6c7865f26412824972728a285aac8443.png,7,565.9,154.2,Normal,47.57,44.0,33.0,47.0,0,0,0,0
C12-R5_jpg.rf.6c7865f26412824972728a285aac8443.png,8,121.2,216.4,Normal,80.88,83.0,77.0,90.0,0,3,0,6
C12-R5_jpg.rf.6c7865f26412824972728a285aac8443.png,9,144.3,251.7,Sem Raiz,7.79,19.0,16.0,23.0,2,4,1,4
C12-R5_jpg.rf.6c7865f26412824972728a285aac8443.png,10,220.6,200.1,Normal,107.84,101.0,97.0,103.0,0,0,0,1
C12-R5_jpg.rf.6c7865f26412824972728a285aac8443.png,11,375.6,232.2,Normal,66.5,58.0,56.0,68.0,0,0,0,6
C12-R5_jpg.rf.6c7865f26412824972728a285aac8443.png,12,445.7,206.1,Normal,141.67,135.0,131.0,144.0,0,0,0,5
C12-R5_jpg.rf.6c7865f26412824972728a285aac8443.png,13,473.4,224.7,Normal,182.6,173.0,168.0,181.0,0,3,0,6
C12-R5_jpg.rf.6c7865f26412824972728a285aac8443.png,14,526.4,205.7,Normal,56.86,55.0,52.0,62.0,0,0,0,2
C12-R5_jpg.rf.6c7865f26412824972728a285aac8443.png,15,527.9,279.7,Normal,47.84,43.0,38.0,51.0,0,0,0,3
C12-R5_jpg.rf.6c7865f26412824972728a285aac8443.png,16,564.9,237.0,Normal,63.74,61.0,55.0,65.0,0,0,0,6
C12-R5_jpg.rf.6c7865f26412824972728a285aac8443.png,17,111.4,325.2,Sem Hipocótilo,20.91,21.0,21.0,21.0,0,0,0,0
C12-R5_jpg.rf.6c7865f26412824972728a285aac8443.png,18,140.5,307.2,Sem Hipocótilo,66.24,63.0,63.0,65.0,0,0,0,0
C12-R5_jpg.rf.6c7865f26412824972728a285aac8443.png,19,184.9,303.3,Sem Raiz,13.29,11.0,9.0,12.0,0,0,0,0
C12-R5_jpg.rf.6c7865f26412824972728a285aac8443.png,20,212.3,314.3,Normal,119.39,110.0,96.0,119.0,0,0,0,4
C12-R5_jpg.rf.6c7865f26412824972728a285aac8443.png,21,235.0,351.7,Normal,97.14,99.0,93.0,104.0,4,9,5,4
C12-R5_jpg.rf.6c7865f26412824972728a285aac8443.png,22,287.7,357.3,Normal,251.69,237.0,227.0,257.0,0,1,0,15
C12-R5_jpg.rf.6c7865f26412824972728a285aac8443.png,23,325.7,304.5,Normal,109.84,104.0,101.0,115.0,0,0,0,7
C12-R5_jpg.rf.6c7865f26412824972728a285aac8443.png,24,335.6,335.7,Normal,112.58,102.0,96.0,107.0,0,0,0,3
C12-R5_jpg.rf.6c7865f26412824972728a285aac8443.png,25,421.4,299.1,Normal,122.2,113.0,108.0,126.0,0,0,0,8
C12-R5_jpg.rf.6c7865f26412824972728a285aac8443.png,26,435.0,359.6,Sem Hipocótilo,20.84,19.0,18.0,22.0,0,0,0,1
C12-R5_jpg.rf.6c7865f26412824972728a285aac8443.png,27,461.4,347.4,Sem Hipocótilo,70.84,65.0,63.0,68.0,0,0,0,0
C12-R5_jpg.rf.6c7865f26412824972728a285aac8443.png,28,529.8,353.3,Normal,55.03,50.0,44.0,53.0,0,0,0,0
C12-R5_jpg.rf.6c7865f26412824972728a285aac8443.png,29,560.3,323.7,Normal,66.56,63.0,58.0,70.0,0,0,0,6
C12-R5_jpg.rf.6c7865f26412824972728a285aac8443.png,30,120.3,427.5,Sem Hipocótilo,21.52,18.0,17.0,23.0,0,0,0,1
C12-R5_jpg.rf.6c7865f26412824972728a285aac8443.png,31,142.0,405.7,Sem Raiz,9.82,13.0,12.0,18.0,0,7,3,2
C12-R5_jpg.rf.6c7865f26412824972728a285aac8443.png,32,192.0,395.6,Normal,98.42,85.0,81.0,95.0,0,0,0,2
C12-R5_jpg.rf.6c7865f26412824972728a285aac8443.png,33,231.4,437.2,Normal,55.93,59.0,56.0,69.0,0,2,3,10
C12-R5_jpg.rf.6c7865f26412824972728a285aac8443.png,34,330.1,432.6,Sem Hipocótilo,45.73,44.0,42.0,45.0,0,0,0,0
C12-R5_jpg.rf.6c7865f26412824972728a285aac8443.png,35,335.7,400.6,Sem Raiz,16.84,26.0,23.0,30.0,1,8,3,4
C12-R5_jpg.rf.6c7865f26412824972728a285aac8443.png,36,374.2,375.1,Normal,188.67,169.0,161.0,183.0,0,0,0,10
C12-R5_jpg.rf.6c7865f26412824972728a285aac8443.png,37,429.6,413.8,Normal,48.07,41.0,38.0,48.0,0,0,0,5
C12-R5_jpg.rf.6c7865f26412824972728a285aac8443.png,38,477.5,380.1,Sem Raiz,22.01,19.0,18.0,23.0,0,0,0,1
C12-R5_jpg.rf.6c7865f26412824972728a285aac8443.png,39,557.9,436.8,Normal,104.33,111.0,107.0,112.0,0,9,5,8
C12-R5_jpg.rf.6c7865f26412824972728a285aac8443.png,40,130.2,487.4,Sem Raiz,10.96,11.0,11.0,18.0,0,0,0,4
C12-R5_jpg.rf.6c7865f26412824972728a285aac8443.png,41,197.6,451.9,Normal,26.28,30.0,23.0,34.0,2,4,3,4
C12-R5_jpg.rf.6c7865f26412824972728a285aac8443.png,42,276.1,494.5,Normal,98.32,91.0,80.0,95.0,0,1,0,3
C12-R5_jpg.rf.6c7865f26412824972728a285aac8443.png,43,322.4,492.6,Normal,83.31,82.0,75.0,87.0,0,8,2,6
C12-R5_jpg.rf.6c7865f26412824972728a285aac8443.png,44,368.5,496.1,Normal,102.82,100.0,95.0,104.0,0,1,0,4
C12-R5_jpg.rf.6c7865f26412824972728a285aac8443.png,45,402.2,472.5,Sem Raiz,42.17,36.0,37.0,39.0,0,0,0,3
C12-R5_jpg.rf.6c7865f26412824972728a285aac8443.png,46,429.9,508.1,Sem Hipocótilo,35.02,30.0,30.0,32.0,0,0,0,0
C12-R5_jpg.rf.6c7865f26412824972728a285aac8443.png,47,457.0,459.4,Sem Hipocótilo,164.98,153.0,146.0,155.0,0,0,0,1
C12-R5_jpg.rf.6c7865f26412824972728a285aac8443.png,48,477.7,441.7,Sem Raiz,13.84,24.0,21.0,27.0,0,3,0,4
C12-R5_jpg.rf.6c7865f26412824972728a285aac8443.png,49,495.9,514.8,Normal,65.1,58.0,51.0,63.0,0,0,0,2
C12-R5_jpg.rf.6c7865f26412824972728a285aac8443.png,50,522.9,446.3,Normal,102.48,92.0,83.0,99.0,0,0,0,1
C12-R5_jpg.rf.6c7865f26412824972728a285aac8443.png,51,570.2,512.8,Sem Hipocótilo,7.63,8.0,3.0,13.0,0,0,0,1
C12-R5_jpg.rf.6c7865f26412824972728a285aac8443.png,52,140.0,540.5,Normal,77.68,74.0,70.0,76.0,0,4,1,2
C12-R6_jpg.rf.1c3c400771caa5461686e85549b56db8.png,1,123.7,167.8,Normal,188.09,175.0,171.0,178.0,0,0,0,2
C12-R6_jpg.rf.1c3c400771caa5461686e85549b56db8.png,2,133.6,196.0,Normal,85.49,81.0,79.0,82.0,0,0,0,0
C12-R6_jpg.rf.1c3c400771caa5461686e85549b56db8.png,3,175.7,172.3,Normal,102.64,105.0,107.0,114.0,3,11,12,10
C12-R6_jpg.rf.1c3c400771caa5461686e85549b56db8.png,4,199.8,167.6,Normal,90.97,86.0,84.0,94.0,0,0,0,7
C12-R6_jpg.rf.1c3c400771caa5461686e85549b56db8.png,5,240.7,168.8,Normal,77.43,74.0,72.0,79.0,0,0,0,2
C12-R6_jpg.rf.1c3c400771caa5461686e85549b56db8.png,6,271.2,171.0,Normal,29.22,27.0,23.0,34.0,0,0,0,3
C12-R6_jpg.rf.1c3c400771caa5461686e85549b56db8.png,7,329.6,180.3,Normal,102.89,98.0,94.0,103.0,0,0,0,2
C12-R6_jpg.rf.1c3c400771caa5461686e85549b56db8.png,8,353.0,159.3,Normal,103.41,100.0,96.0,106.0,0,1,0,2
C12-R6_jpg.rf.1c3c400771caa5461686e85549b56db8.png,9,417.5,193.8,Normal,129.42,125.0,120.0,130.0,0,0,0,2
C12-R6_jpg.rf.1c3c400771caa5461686e85549b56db8.png,10,455.0,141.9,Normal,111.48,100.0,96.0,108.0,0,0,0,4
C12-R6_jpg.rf.1c3c400771caa5461686e85549b56db8.png,11,537.4,125.5,Sem Raiz,35.72,33.0,31.0,37.0,0,0,0,4
C12-R6_jpg.rf.1c3c400771caa5461686e85549b56db8.png,12,545.2,176.7,Sem Hipocótilo,52.86,51.0,48.0,52.0,0,0,0,0
C12-R6_jpg.rf.1c3c400771caa5461686e85549b56db8.png,13,283.4,269.1,Normal,113.86,106.0,101.0,110.0,0,0,0,4
C12-R6_jpg.rf.1c3c400771caa5461686e85549b56db8.png,14,371.1,273.3,Normal,96.31,86.0,84.0,94.0,0,0,0,3
C12-R6_jpg.rf.1c3c400771caa5461686e85549b56db8.png,15,458.7,235.7,Normal,120.55,109.0,104.0,113.0,0,0,0,1
C12-R6_jpg.rf.1c3c400771caa5461686e85549b56db8.png,16,486.4,248.6,Normal,201.65,189.0,173.0,196.0,0,3,0,6
C12-R6_jpg.rf.1c3c400771caa5461686e85549b56db8.png,17,508.0,264.0,Sem Raiz,30.99,36.0,33.0,39.0,0,3,0,2
C12-R6_jpg.rf.1c3c400771caa5461686e85549b56db8.png,18,573.1,239.0,Normal,119.22,111.0,107.0,120.0,0,0,0,5
C12-R6_jpg.rf.1c3c400771caa5461686e85549b56db8.png,19,135.5,333.9,Normal,97.6,91.0,87.0,94.0,0,3,0,5
C12-R6_jpg.rf.1c3c400771caa5461686e85549b56db8.png,20,157.5,346.5,Normal,71.62,65.0,60.0,77.0,0,0,0,2
C12-R6_jpg.rf.1c3c400771caa5461686e85549b56db8.png,21,176.4,287.6,Normal,148.66,137.0,133.0,141.0,0,0,0,2
C12-R6_jpg.rf.1c3c400771caa5461686e85549b56db8.png,22,204.2,338.9,Normal,71.72,69.0,63.0,76.0,0,0,0,7
C12-R6_jpg.rf.1c3c400771caa5461686e85549b56db8.png,23,229.3,287.2,Normal,120.5,112.0,113.0,121.0,0,0,0,5
C12-R6_jpg.rf.1c3c400771caa5461686e85549b56db8.png,24,310.8,286.6,Normal,118.79,113.0,110.0,117.0,0,0,0,2
C12-R6_jpg.rf.1c3c400771caa5461686e85549b56db8.png,25,395.2,302.5,Normal,72.69,69.0,68.0,73.0,0,0,0,2
C12-R6_jpg.rf.1c3c400771caa5461686e85549b56db8.png,26,430.4,344.2,Normal,116.32,110.0,106.0,112.0,0,0,0,2
C12-R6_jpg.rf.1c3c400771caa5461686e85549b56db8.png,27,521.9,331.2,Normal,166.19,153.0,137.0,164.0,0,0,0,10
C12-R6_jpg.rf.1c3c400771caa5461686e85549b56db8.png,28,266.7,411.9,Sem Raiz,26.54,27.0,28.0,34.0,0,0,0,4
C12-R6_jpg.rf.1c3c400771caa5461686e85549b56db8.png,29,271.1,366.9,Normal,59.92,57.0,54.0,60.0,0,0,0,2
C12-R6_jpg.rf.1c3c400771caa5461686e85549b56db8.png,30,312.2,393.0,Normal,62.54,51.0,50.0,59.0,0,0,0,3
C12-R6_jpg.rf.1c3c400771caa5461686e85549b56db8.png,31,356.5,393.7,Normal,130.5,117.0,117.0,125.0,0,0,0,4
C12-R6_jpg.rf.1c3c400771caa5461686e85549b56db8.png,32,416.7,425.1,Normal,107.27,98.0,93.0,103.0,0,0,0,2
C12-R6_jpg.rf.1c3c400771caa5461686e85549b56db8.png,33,446.7,385.7,Normal,90.29,84.0,78.0,93.0,0,0,0,4
C12-R6_jpg.rf.1c3c400771caa5461686e85549b56db8.png,34,501.0,400.1,Normal,87.93,83.0,79.0,90.0,0,0,0,7
C12-R6_jpg.rf.1c3c400771caa5461686e85549b56db8.png,35,547.8,410.7,Normal,128.46,116.0,111.0,122.0,0,0,0,5
C12-R6_jpg.rf.1c3c400771caa5461686e85549b56db8.png,36,112.6,464.2,Normal,116.11,105.0,103.0,110.0,0,0,0,2
C12-R6_jpg.rf.1c3c400771caa5461686e85549b56db8.png,37,143.5,455.5,Normal,56.63,52.0,45.0,56.0,0,1,0,3
C12-R6_jpg.rf.1c3c400771caa5461686e85549b56db8.png,38,198.1,470.5,Normal,172.33,161.0,157.0,171.0,0,0,0,12
C12-R6_jpg.rf.1c3c400771caa5461686e85549b56db8.png,39,223.0,482.2,Normal,105.23,97.0,96.0,106.0,0,0,0,4
C12-R6_jpg.rf.1c3c400771caa5461686e85549b56db8.png,40,238.6,447.9,Normal,101.39,94.0,91.0,99.0,0,0,0,3
C12-R6_jpg.rf.1c3c400771caa5461686e85549b56db8.png,41,323.2,502.3,Normal,190.12,180.0,174.0,184.0,0,0,0,2
C12-R6_jpg.rf.1c3c400771caa5461686e85549b56db8.png,42,363.8,499.5,Normal,139.01,134.0,129.0,138.0,0,0,0,1
C12-R6_jpg.rf.1c3c400771caa5461686e85549b56db8.png,43,392.8,485.3,Normal,123.81,113.0,108.0,116.0,0,0,0,2
C12-R6_jpg.rf.1c3c400771caa5461686e85549b56db8.png,44,489.1,499.9,Normal,84.05,80.0,74.0,84.0,0,0,0,1
C12-R6_jpg.rf.1c3c400771caa5461686e85549b56db8.png,45,520.3,490.9,Normal,168.76,157.0,150.0,163.0,0,0,0,1
C12-R7_jpg.rf.b0e5eec7e3fb4a6f22aaa351328c56a2.png,1,136.2,181.2,Normal,126.14,133.0,125.0,138.0,2,2,0,4
C12-R7_jpg.rf.b0e5eec7e3fb4a6f22aaa351328c56a2.png,2,176.4,190.9,Normal,100.48,96.0,96.0,104.0,0,0,0,1
C12-R7_jpg.rf.b0e5eec7e3fb4a6f22aaa351328c56a2.png,3,261.3,194.1,Normal,116.23,106.0,99.0,113.0,0,0,0,2
C12-R7_jpg.rf.b0e5eec7e3fb4a6f22aaa351328c56a2.png,4,316.8,148.7,Sem Raiz,41.93,47.0,44.0,49.0,0,8,1,4
C12-R7_jpg.rf.b0e5eec7e3fb4a6f22aaa351328c56a2.png,5,366.4,167.4,Normal,62.47,55.0,48.0,66.0,0,0,0,7
C12-R7_jpg.rf.b0e5eec7e3fb4a6f22aaa351328c56a2.png,6,398.9,177.7,Normal,73.25,71.0,70.0,78.0,0,0,0,4
C12-R7_jpg.rf.b0e5eec7e3fb4a6f22aaa351328c56a2.png,7,450.9,183.2,Normal,94.61,98.0,97.0,100.0,0,1,3,2
C12-R7_jpg.rf.b0e5eec7e3fb4a6f22aaa351328c56a2.png,8,512.0,199.7,Normal,136.65,123.0,117.0,129.0,0,0,0,4
C12-R7_jpg.rf.b0e5eec7e3fb4a6f22aaa351328c56a2.png,9,210.2,230.4,Normal,120.35,114.0,111.0,116.0,0,0,0,1
C12-R7_jpg.rf.b0e5eec7e3fb4a6f22aaa351328c56a2.png,10,315.9,244.8,Normal,145.66,137.0,132.0,141.0,0,0,0,2
C12-R7_jpg.rf.b0e5eec7e3fb4a6f22aaa351328c56a2.png,11,347.5,254.7,Sem Raiz,23.29,21.0,19.0,24.0,0,0,0,0
C12-R7_jpg.rf.b0e5eec7e3fb4a6f22aaa351328c56a2.png,12,379.8,252.8,Normal,104.06,102.0,94.0,108.0,0,3,0,5
C12-R7_jpg.rf.b0e5eec7e3fb4a6f22aaa351328c56a2.png,13,450.9,273.4,Normal,119.1,109.0,106.0,116.0,0,0,0,2
C12-R7_jpg.rf.b0e5eec7e3fb4a6f22aaa351328c56a2.png,14,558.1,239.6,Normal,97.81,93.0,90.0,101.0,0,0,0,3
C12-R7_jpg.rf.b0e5eec7e3fb4a6f22aaa351328c56a2.png,15,126.3,286.7,Normal,254.59,239.0,225.0,253.0,0,4,0,17
C12-R7_jpg.rf.b0e5eec7e3fb4a6f22aaa351328c56a2.png,16,165.3,289.2,Normal,102.18,94.0,88.0,97.0,0,0,0,1
C12-R7_jpg.rf.b0e5eec7e3fb4a6f22aaa351328c56a2.png,17,193.6,359.8,Normal,160.28,152.0,143.0,158.0,0,0,0,6
C12-R7_jpg.rf.b0e5eec7e3fb4a6f22aaa351328c56a2.png,18,239.2,340.4,Normal,112.03,109.0,103.0,112.0,0,0,0,1
C12-R7_jpg.rf.b0e5eec7e3fb4a6f22aaa351328c56a2.png,19,347.6,341.3,Normal,217.38,211.0,198.0,219.0,0,4,0,3
C12-R7_jpg.rf.b0e5eec7e3fb4a6f22aaa351328c56a2.png,20,416.3,297.9,Normal,98.13,95.0,92.0,97.0,0,0,0,1
C12-R7_jpg.rf.b0e5eec7e3fb4a6f22aaa351328c56a2.png,21,430.9,316.3,Normal,166.6,154.0,150.0,160.0,0,0,0,3
C12-R7_jpg.rf.b0e5eec7e3fb4a6f22aaa351328c56a2.png,22,484.4,326.2,Normal,105.89,102.0,96.0,106.0,0,4,0,4
C12-R7_jpg.rf.b0e5eec7e3fb4a6f22aaa351328c56a2.png,23,525.3,336.1,Normal,76.54,72.0,69.0,80.0,0,0,0,7
C12-R7_jpg.rf.b0e5eec7e3fb4a6f22aaa351328c56a2.png,24,546.6,343.6,Normal,147.66,145.0,140.0,152.0,0,0,0,9
C12-R7_jpg.rf.b0e5eec7e3fb4a6f22aaa351328c56a2.png,25,158.0,370.0,Sem Raiz,37.96,34.0,33.0,36.0,0,0,0,0
C12-R7_jpg.rf.b0e5eec7e3fb4a6f22aaa351328c56a2.png,26,171.4,415.4,Normal,60.14,53.0,52.0,61.0,0,0,0,4
C12-R7_jpg.rf.b0e5eec7e3fb4a6f22aaa351328c56a2.png,27,215.3,384.1,Normal,115.16,107.0,103.0,113.0,0,0,0,1
C12-R7_jpg.rf.b0e5eec7e3fb4a6f22aaa351328c56a2.png,28,262.5,373.6,Normal,58.75,53.0,50.0,60.0,0,0,0,1
C12-R7_jpg.rf.b0e5eec7e3fb4a6f22aaa351328c56a2.png,29,292.8,383.4,Normal,103.27,95.0,91.0,100.0,0,0,0,1
C12-R7_jpg.rf.b0e5eec7e3fb4a6f22aaa351328c56a2.png,30,335.9,384.4,Sem Raiz,45.23,40.0,40.0,44.0,0,0,0,3
C12-R7_jpg.rf.b0e5eec7e3fb4a6f22aaa351328c56a2.png,31,376.2,426.6,Normal,82.49,78.0,78.0,85.0,0,0,0,3
C12-R7_jpg.rf.b0e5eec7e3fb4a6f22aaa351328c56a2.png,32,403.8,390.5,Normal,137.22,136.0,118.0,144.0,5,5,1,5
C12-R7_jpg.rf.b0e5eec7e3fb4a6f22aaa351328c56a2.png,33,463.8,382.8,Normal,84.12,82.0,72.0,83.0,0,4,0,1
C12-R7_jpg.rf.b0e5eec7e3fb4a6f22aaa351328c56a2.png,34,571.1,364.6,Normal,85.16,77.0,76.0,83.0,0,0,0,1
C12-R7_jpg.rf.b0e5eec7e3fb4a6f22aaa351328c56a2.png,35,128.0,502.4,Normal,197.01,187.0,175.0,193.0,0,3,0,5
C12-R7_jpg.rf.b0e5eec7e3fb4a6f22aaa351328c56a2.png,36,253.5,441.7,Sem Hipocótilo,16.53,15.0,12.0,18.0,0,0,0,0
C12-R7_jpg.rf.b0e5eec7e3fb4a6f22aaa351328c56a2.png,37,332.3,455.2,Sem Hipocótilo,83.67,81.0,80.0,82.0,0,0,0,1
C12-R7_jpg.rf.b0e5eec7e3fb4a6f22aaa351328c56a2.png,38,355.0,498.5,Normal,101.17,96.0,90.0,102.0,0,0,0,3
C12-R7_jpg.rf.b0e5eec7e3fb4a6f22aaa351328c56a2.png,39,387.0,511.9,Normal,132.64,124.0,119.0,125.0,0,0,0,0
C12-R7_jpg.rf.b0e5eec7e3fb4a6f22aaa351328c56a2.png,40,459.3,492.5,Normal,149.39,144.0,136.0,145.0,0,0,0,0
C12-R7_jpg.rf.b0e5eec7e3fb4a6f22aaa351328c56a2.png,41,510.1,512.5,Normal,83.68,80.0,78.0,88.0,0,0,0,4
C12-R7_jpg.rf.b0e5eec7e3fb4a6f22aaa351328c56a2.png,42,537.2,483.7,Normal,135.39,131.0,129.0,137.0,0,0,0,0
C12-R7_jpg.rf.b0e5eec7e3fb4a6f22aaa351328c56a2.png,43,165.2,525.4,Normal,117.44,110.0,103.0,111.0,0,0,0,2
C12-R7_jpg.rf.b0e5eec7e3fb4a6f22aaa351328c56a2.png,44,223.3,520.5,Normal,97.97,89.0,82.0,90.0,0,0,0,1
C12-R7_jpg.rf.b0e5eec7e3fb4a6f22aaa351328c56a2.png,45,305.8,527.9,Normal,126.95,122.0,120.0,125.0,0,0,0,1
C12-R8_jpg.rf.2985cd0a36fe471a0e7d71c833d93d75.png,1,135.8,184.0,Normal,94.7,92.0,87.0,96.0,0,0,0,6
C12-R8_jpg.rf.2985cd0a36fe471a0e7d71c833d93d75.png,2,180.0,164.6,Normal,153.14,141.0,136.0,146.0,0,0,0,4
C12-R8_jpg.rf.2985cd0a36fe471a0e7d71c833d93d75.png,3,222.3,184.6,Sem Hipocótilo,32.75,28.0,29.0,32.0,0,0,0,1
C12-R8_jpg.rf.2985cd0a36fe471a0e7d71c833d93d75.png,4,253.5,166.5,Normal,177.6,169.0,162.0,175.0,1,5,0,7
C12-R8_jpg.rf.2985cd0a36fe471a0e7d71c833d93d75.png,5,313.4,175.6,Normal,107.73,105.0,97.0,109.0,0,0,0,3
C12-R8_jpg.rf.2985cd0a36fe471a0e7d71c833d93d75.png,6,350.3,180.7,Normal,172.72,163.0,160.0,170.0,0,0,0,7
C12-R8_jpg.rf.2985cd0a36fe471a0e7d71c833d93d75.png,7,441.8,182.9,Normal,68.69,66.0,62.0,68.0,0,0,0,1
C12-R8_jpg.rf.2985cd0a36fe471a0e7d71c833d93d75.png,8,546.0,167.6,Normal,91.24,84.0,78.0,87.0,0,0,0,3
C12-R8_jpg.rf.2985cd0a36fe471a0e7d71c833d93d75.png,9,206.5,254.6,Normal,121.54,113.0,110.0,120.0,0,0,0,9
C12-R8_jpg.rf.2985cd0a36fe471a0e7d71c833d93d75.png,10,239.9,262.6,Normal,71.12,62.0,58.0,71.0,0,0,0,4
C12-R8_jpg.rf.2985cd0a36fe471a0e7d71c833d93d75.png,11,285.1,221.6,Normal,110.1,103.0,98.0,108.0,0,0,0,2
C12-R8_jpg.rf.2985cd0a36fe471a0e7d71c833d93d75.png,12,367.2,228.1,Normal,71.14,64.0,59.0,73.0,0,3,0,5
C12-R8_jpg.rf.2985cd0a36fe471a0e7d71c833d93d75.png,13,405.9,236.1,Normal,108.37,103.0,98.0,106.0,0,0,0,2
C12-R8_jpg.rf.2985cd0a36fe471a0e7d71c833d93d75.png,14,479.7,235.5,Normal,97.4,89.0,83.0,92.0,0,0,0,1
C12-R8_jpg.rf.2985cd0a36fe471a0e7d71c833d93d75.png,15,510.9,203.5,Normal,145.63,138.0,135.0,145.0,0,0,0,6
C12-R8_jpg.rf.2985cd0a36fe471a0e7d71c833d93d75.png,16,578.8,236.1,Normal,74.07,69.0,62.0,72.0,0,0,0,0
C12-R8_jpg.rf.2985cd0a36fe471a0e7d71c833d93d75.png,17,136.4,324.4,Normal,39.12,39.0,35.0,48.0,0,1,0,8
C12-R8_jpg.rf.2985cd0a36fe471a0e7d71c833d93d75.png,18,167.7,312.0,Normal,83.83,79.0,72.0,79.0,0,0,0,0
C12-R8_jpg.rf.2985cd0a36fe471a0e7d71c833d93d75.png,19,183.3,354.3,Sem Raiz,21.45,21.0,19.0,25.0,0,0,0,1
C12-R8_jpg.rf.2985cd0a36fe471a0e7d71c833d93d75.png,20,229.5,342.4,Normal,60.41,55.0,45.0,55.0,0,0,0,0
C12-R8_jpg.rf.2985cd0a36fe471a0e7d71c833d93d75.png,21,272.1,283.5,Normal,58.75,52.0,48.0,58.0,0,0,0,1
C12-R8_jpg.rf.2985cd0a36fe471a0e7d71c833d93d75.png,22,360.2,330.4,Normal,129.54,117.0,118.0,123.0,0,0,0,2
C12-R8_jpg.rf.2985cd0a36fe471a0e7d71c833d93d75.png,23,423.3,350.0,Sem Hipocótilo,9.86,9.0,6.0,11.0,0,0,0,1
C12-R8_jpg.rf.2985cd0a36fe471a0e7d71c833d93d75.png,24,435.6,281.1,Normal,92.44,88.0,85.0,98.0,0,0,0,8
C12-R8_jpg.rf.2985cd0a36fe471a0e7d71c833d93d75.png,25,488.4,336.2,Normal,192.84,177.0,171.0,193.0,0,0,0,10
C12-R8_jpg.rf.2985cd0a36fe471a0e7d71c833d93d75.png,26,533.5,348.4,Normal,107.45,96.0,93.0,102.0,0,0,0,1
C12-R8_jpg.rf.2985cd0a36fe471a0e7d71c833d93d75.png,27,545.5,294.8,Sem Raiz,12.88,18.0,12.0,24.0,0,3,0,5
C12-R8_jpg.rf.2985cd0a36fe471a0e7d71c833d93d75.png,28,143.4,406.4,Sem Hipocótilo,8.39,8.0,7.0,9.0,0,0,0,0
C12-R8_jpg.rf.2985cd0a36fe471a0e7d71c833d93d75.png,29,186.4,400.3,Normal,71.58,69.0,62.0,72.0,0,0,0,1
C12-R8_jpg.rf.2985cd0a36fe471a0e7d71c833d93d75.png,30,224.2,437.1,Normal,103.18,99.0,94.0,104.0,0,0,0,2
C12-R8_jpg.rf.2985cd0a36fe471a0e7d71c833d93d75.png,31,256.3,374.6,Normal,113.05,105.0,99.0,110.0,0,0,0,4
C12-R8_jpg.rf.2985cd0a36fe471a0e7d71c833d93d75.png,32,298.0,416.8,Normal,63.77,63.0,62.0,66.0,0,0,0,4
C12-R8_jpg.rf.2985cd0a36fe471a0e7d71c833d93d75.png,33,318.5,377.7,Normal,137.42,130.0,124.0,131.0,0,0,0,0
C12-R8_jpg.rf.2985cd0a36fe471a0e7d71c833d93d75.png,34,376.6,395.3,Normal,83.49,73.0,71.0,77.0,0,0,0,1
C12-R8_jpg.rf.2985cd0a36fe471a0e7d71c833d93d75.png,35,456.5,390.4,Normal,89.01,80.0,79.0,92.0,0,0,0,6
C12-R8_jpg.rf.2985cd0a36fe471a0e7d71c833d93d75.png,36,560.5,400.4,Normal,85.58,81.0,77.0,87.0,3,3,0,2
C12-R8_jpg.rf.2985cd0a36fe471a0e7d71c833d93d75.png,37,141.5,500.2,Normal,122.96,116.0,109.0,121.0,0,0,0,1
C12-R8_jpg.rf.2985cd0a36fe471a0e7d71c833d93d75.png,38,193.3,489.7,Sem Hipocótilo,15.83,15.0,16.0,17.0,0,0,0,0
C12-R8_jpg.rf.2985cd0a36fe471a0e7d71c833d93d75.png,39,243.7,503.1,Normal,82.93,78.0,78.0,86.0,0,0,0,4
C12-R8_jpg.rf.2985cd0a36fe471a0e7d71c833d93d75.png,40,277.9,499.1,Normal,100.11,103.0,98.0,104.0,0,7,1,3
C12-R8_jpg.rf.2985cd0a36fe471a0e7d71c833d93d75.png,41,320.4,492.4,Normal,56.93,61.0,52.0,62.0,0,4,0,4
C12-R8_jpg.rf.2985cd0a36fe471a0e7d71c833d93d75.png,42,376.1,508.5,Normal,133.91,147.0,144.0,151.0,0,4,3,3
C12-R8_jpg.rf.2985cd0a36fe471a0e7d71c833d93d75.png,43,404.2,475.1,Sem Raiz,27.69,26.0,25.0,31.0,0,0,0,0
C12-R8_jpg.rf.2985cd0a36fe471a0e7d71c833d93d75.png,44,463.6,472.6,Sem Hipocótilo,21.0,18.0,13.0,19.0,0,0,0,0
C12-R8_jpg.rf.2985cd0a36fe471a0e7d71c833d93d75.png,45,492.1,519.6,Normal,87.99,87.0,83.0,90.0,0,4,3,4
C12-R8_jpg.rf.2985cd0a36fe471a0e7d71c833d93d75.png,46,514.4,463.4,Normal,153.59,137.0,134.0,144.0,0,0,0,1
C12-R8_jpg.rf.2985cd0a36fe471a0e7d71c833d93d75.png,47,554.0,508.0,Normal,128.49,121.0,117.0,125.0,0,0,0,2
C12-R8_jpg.rf.2985cd0a36fe471a0e7d71c833d93d75.png,48,413.9,522.2,Sem Hipocótilo,58.79,57.0,56.0,59.0,0,0,0,1
C12-R9_jpg.rf.2cb9c2c7e95a6c255fa42e42a252ef44.png,1,176.6,147.5,Normal,81.95,87.0,85.0,94.0,0,17,9,11
C12-R9_jpg.rf.2cb9c2c7e95a6c255fa42e42a252ef44.png,2,232.8,190.2,Normal,107.49,98.0,93.0,102.0,0,0,0,0
C12-R9_jpg.rf.2cb9c2c7e95a6c255fa42e42a252ef44.png,3,267.4,150.2,Normal,77.15,75.0,71.0,82.0,0,0,0,5
C12-R9_jpg.rf.2cb9c2c7e95a6c255fa42e42a252ef44.png,4,297.5,151.6,Normal,93.96,86.0,81.0,94.0,0,0,0,7
C12-R9_jpg.rf.2cb9c2c7e95a6c255fa42e42a252ef44.png,5,351.5,161.6,Normal,109.58,102.0,103.0,109.0,0,0,0,3
C12-R9_jpg.rf.2cb9c2c7e95a6c255fa42e42a252ef44.png,6,406.0,189.4,Normal,66.54,63.0,55.0,66.0,0,0,0,1
C12-R9_jpg.rf.2cb9c2c7e95a6c255fa42e42a252ef44.png,7,485.6,159.1,Normal,38.41,35.0,29.0,43.0,0,0,0,5
C12-R9_jpg.rf.2cb9c2c7e95a6c255fa42e42a252ef44.png,8,564.6,195.1,Normal,133.11,123.0,120.0,128.0,0,0,0,3
C12-R9_jpg.rf.2cb9c2c7e95a6c255fa42e42a252ef44.png,9,112.9,239.5,Normal,60.22,60.0,53.0,63.0,0,1,0,2
C12-R9_jpg.rf.2cb9c2c7e95a6c255fa42e42a252ef44.png,10,149.1,217.9,Normal,108.83,98.0,94.0,103.0,0,0,0,1
C12-R9_jpg.rf.2cb9c2c7e95a6c255fa42e42a252ef44.png,11,212.1,278.3,Normal,151.0,135.0,128.0,137.0,0,0,0,1
C12-R9_jpg.rf.2cb9c2c7e95a6c255fa42e42a252ef44.png,12,286.0,228.5,Normal,64.54,59.0,57.0,60.0,0,0,0,0
C12-R9_jpg.rf.2cb9c2c7e95a6c255fa42e42a252ef44.png,13,363.0,226.2,Normal,97.94,90.0,86.0,95.0,0,0,0,4
C12-R9_jpg.rf.2cb9c2c7e95a6c255fa42e42a252ef44.png,14,437.7,264.0,Normal,365.61,346.0,332.0,362.0,0,0,0,10
C12-R9_jpg.rf.2cb9c2c7e95a6c255fa42e42a252ef44.png,15,536.6,203.6,Normal,134.85,122.0,118.0,128.0,0,0,0,6
C12-R9_jpg.rf.2cb9c2c7e95a6c255fa42e42a252ef44.png,16,111.1,344.6,Normal,130.14,128.0,123.0,135.0,0,0,0,6
C12-R9_jpg.rf.2cb9c2c7e95a6c255fa42e42a252ef44.png,17,181.4,334.2,Normal,72.17,67.0,66.0,74.0,0,0,0,4
C12-R9_jpg.rf.2cb9c2c7e95a6c255fa42e42a252ef44.png,18,246.2,309.2,Normal,99.24,93.0,89.0,101.0,0,0,0,9
C12-R9_jpg.rf.2cb9c2c7e95a6c255fa42e42a252ef44.png,19,287.4,319.7,Normal,117.2,106.0,101.0,111.0,0,0,0,4
C12-R9_jpg.rf.2cb9c2c7e95a6c255fa42e42a252ef44.png,20,313.0,330.0,Normal,56.44,53.0,51.0,56.0,0,0,0,2
C12-R9_jpg.rf.2cb9c2c7e95a6c255fa42e42a252ef44.png,21,328.5,282.2,Normal,63.05,67.0,64.0,75.0,0,1,1,4
C12-R9_jpg.rf.2cb9c2c7e95a6c255fa42e42a252ef44.png,22,364.2,292.5,Sem Raiz,29.81,26.0,24.0,30.0,0,0,0,4
C12-R9_jpg.rf.2cb9c2c7e95a6c255fa42e42a252ef44.png,23,494.6,349.3,Normal,140.86,132.0,127.0,139.0,0,0,0,9
C12-R9_jpg.rf.2cb9c2c7e95a6c255fa42e42a252ef44.png,24,516.2,296.3,Normal,87.16,78.0,71.0,84.0,0,0,0,2
C12-R9_jpg.rf.2cb9c2c7e95a6c255fa42e42a252ef44.png,25,541.1,342.3,Normal,154.32,141.0,140.0,148.0,0,0,0,6
C12-R9_jpg.rf.2cb9c2c7e95a6c255fa42e42a252ef44.png,26,139.8,409.7,Normal,108.94,104.0,100.0,111.0,0,0,0,5
C12-R9_jpg.rf.2cb9c2c7e95a6c255fa42e42a252ef44.png,27,202.2,394.3,Sem Raiz,13.28,12.0,10.0,14.0,0,0,0,0
C12-R9_jpg.rf.2cb9c2c7e95a6c255fa42e42a252ef44.png,28,322.5,391.9,Sem Raiz,33.05,29.0,28.0,36.0,0,0,0,1
C12-R9_jpg.rf.2cb9c2c7e95a6c255fa42e42a252ef44.png,29,369.3,383.2,Normal,115.13,107.0,105.0,118.0,0,0,0,8
C12-R9_jpg.rf.2cb9c2c7e95a6c255fa42e42a252ef44.png,30,400.8,418.1,Normal,116.71,109.0,104.0,115.0,0,0,0,9
C12-R9_jpg.rf.2cb9c2c7e95a6c255fa42e42a252ef44.png,31,446.4,401.2,Normal,18.36,37.0,33.0,43.0,2,4,0,4
C12-R9_jpg.rf.2cb9c2c7e95a6c255fa42e42a252ef44.png,32,512.0,396.2,Normal,33.65,35.0,31.0,42.0,0,3,0,4
C12-R9_jpg.rf.2cb9c2c7e95a6c255fa42e42a252ef44.png,33,566.8,399.0,Normal,64.82,63.0,60.0,71.0,0,0,0,5
C12-R9_jpg.rf.2cb9c2c7e95a6c255fa42e42a252ef44.png,34,122.2,501.4,Normal,75.13,67.0,63.0,70.0,0,0,0,0
C12-R9_jpg.rf.2cb9c2c7e95a6c255fa42e42a252ef44.png,35,172.5,459.5,Normal,156.53,149.0,141.0,153.0,0,0,0,6
C12-R9_jpg.rf.2cb9c2c7e95a6c255fa42e42a252ef44.png,36,211.1,454.1,Sem Hipocótilo,79.44,75.0,74.0,76.0,0,0,0,1
C12-R9_jpg.rf.2cb9c2c7e95a6c255fa42e42a252ef44.png,37,254.8,478.9,Normal,164.01,153.0,152.0,158.0,0,0,0,0
C12-R9_jpg.rf.2cb9c2c7e95a6c255fa42e42a252ef44.png,38,280.7,442.4,Normal,81.02,77.0,69.0,80.0,0,0,0,1
C12-R9_jpg.rf.2cb9c2c7e95a6c255fa42e42a252ef44.png,39,302.9,505.0,Normal,110.53,104.0,97.0,107.0,0,0,0,1
C12-R9_jpg.rf.2cb9c2c7e95a6c255fa42e42a252ef44.png,40,346.5,508.9,Normal,50.02,46.0,42.0,56.0,0,0,0,6
C12-R9_jpg.rf.2cb9c2c7e95a6c255fa42e42a252ef44.png,41,412.4,493.6,Normal,124.79,117.0,113.0,123.0,0,0,0,4
C12-R9_jpg.rf.2cb9c2c7e95a6c255fa42e42a252ef44.png,42,453.2,493.6,Normal,72.66,75.0,70.0,79.0,0,1,0,2
C12-R9_jpg.rf.2cb9c2c7e95a6c255fa42e42a252ef44.png,43,492.4,511.9,Normal,152.97,148.0,144.0,151.0,0,0,0,1
C12-R9_jpg.rf.2cb9c2c7e95a6c255fa42e42a252ef44.png,44,528.3,508.9,Normal,82.01,77.0,70.0,80.0,0,0,0,0
C12-R9_jpg.rf.2cb9c2c7e95a6c255fa42e42a252ef44.png,45,560.1,486.1,Normal,74.4,67.0,62.0,72.0,0,0,0,4
C13-R10_jpg.rf.08c0ff0f20b25a10fa1e6f858d6b96e0.png,1,222.9,118.3,Sem Raiz,33.27,31.0,26.0,33.0,0,0,0,1
C13-R10_jpg.rf.08c0ff0f20b25a10fa1e6f858d6b96e0.png,2,101.7,170.5,Normal,92.41,92.0,85.0,99.0,0,3,0,7
C13-R10_jpg.rf.08c0ff0f20b25a10fa1e6f858d6b96e0.png,3,154.2,160.0,Normal,216.25,201.0,197.0,215.0,0,0,0,1
C13-R10_jpg.rf.08c0ff0f20b25a10fa1e6f858d6b96e0.png,4,234.4,172.2,Sem Hipocótilo,77.66,75.0,75.0,79.0,0,0,0,3
C13-R10_jpg.rf.08c0ff0f20b25a10fa1e6f858d6b96e0.png,5,283.3,161.7,Normal,122.89,116.0,113.0,124.0,0,0,0,7
C13-R10_jpg.rf.08c0ff0f20b25a10fa1e6f858d6b96e0.png,6,322.7,162.2,Normal,83.14,80.0,79.0,89.0,0,0,0,10
C13-R10_jpg.rf.08c0ff0f20b25a10fa1e6f858d6b96e0.png,7,339.6,185.6,Normal,87.12,85.0,81.0,90.0,0,0,0,2
C13-R10_jpg.rf.08c0ff0f20b25a10fa1e6f858d6b96e0.png,8,396.6,172.4,Normal,116.9,111.0,102.0,119.0,3,3,0,5
C13-R10_jpg.rf.08c0ff0f20b25a10fa1e6f858d6b96e0.png,9,419.2,181.9,Normal,83.0,77.0,74.0,82.0,0,0,0,1
C13-R10_jpg.rf.08c0ff0f20b25a10fa1e6f858d6b96e0.png,10,474.7,156.0,Normal,121.97,113.0,107.0,123.0,0,0,0,6
C13-R10_jpg.rf.08c0ff0f20b25a10fa1e6f858d6b96e0.png,11,554.6,156.5,Normal,64.67,62.0,56.0,73.0,0,3,0,4
C13-R10_jpg.rf.08c0ff0f20b25a10fa1e6f858d6b96e0.png,12,269.8,234.0,Normal,18.02,17.0,12.0,30.0,0,0,0,9
C13-R10_jpg.rf.08c0ff0f20b25a10fa1e6f858d6b96e0.png,13,306.8,265.7,Normal,75.21,83.0,82.0,89.0,3,9,4,5
C13-R10_jpg.rf.08c0ff0f20b25a10fa1e6f858d6b96e0.png,14,451.1,227.7,Normal,111.4,100.0,93.0,109.0,0,0,0,6
C13-R10_jpg.rf.08c0ff0f20b25a10fa1e6f858d6b96e0.png,15,498.6,202.8,Normal,87.28,79.0,72.0,83.0,0,0,0,4
C13-R10_jpg.rf.08c0ff0f20b25a10fa1e6f858d6b96e0.png,16,528.8,265.6,Normal,140.43,127.0,122.0,132.0,0,0,0,2
C13-R10_jpg.rf.08c0ff0f20b25a10fa1e6f858d6b96e0.png,17,555.1,234.7,Sem Hipocótilo,8.86,8.0,3.0,11.0,0,0,0,0
C13-R10_jpg.rf.08c0ff0f20b25a10fa1e6f858d6b96e0.png,18,564.1,265.0,Normal,53.52,49.0,42.0,62.0,0,0,0,6
C13-R10_jpg.rf.08c0ff0f20b25a10fa1e6f858d6b96e0.png,19,103.0,301.4,Normal,124.59,117.0,116.0,122.0,0,0,0,1
C13-R10_jpg.rf.08c0ff0f20b25a10fa1e6f858d6b96e0.png,20,148.6,292.0,Normal,129.69,122.0,119.0,129.0,0,0,0,4
C13-R10_jpg.rf.08c0ff0f20b25a10fa1e6f858d6b96e0.png,21,185.8,320.1,Normal,83.65,80.0,67.0,83.0,3,3,0,5
C13-R10_jpg.rf.08c0ff0f20b25a10fa1e6f858d6b96e0.png,22,223.2,312.2,Normal,114.8,111.0,99.0,116.0,4,4,0,8
C13-R10_jpg.rf.08c0ff0f20b25a10fa1e6f858d6b96e0.png,23,269.6,323.5,Normal,152.41,141.0,140.0,153.0,0,0,0,7
C13-R10_jpg.rf.08c0ff0f20b25a10fa1e6f858d6b96e0.png,24,344.6,296.2,Normal,200.48,191.0,181.0,199.0,0,3,0,8
C13-R10_jpg.rf.08c0ff0f20b25a10fa1e6f858d6b96e0.png,25,400.0,304.2,Normal,79.02,76.0,75.0,92.0,0,19,9,15
C13-R10_jpg.rf.08c0ff0f20b25a10fa1e6f858d6b96e0.png,26,472.0,320.8,Normal,79.05,76.0,70.0,81.0,0,1,0,2
C13-R10_jpg.rf.08c0ff0f20b25a10fa1e6f858d6b96e0.png,27,496.3,356.8,Normal,100.72,101.0,86.0,106.0,8,10,0,3
C13-R10_jpg.rf.08c0ff0f20b25a10fa1e6f858d6b96e0.png,28,571.8,309.8,Sem Hipocótilo,42.19,39.0,38.0,39.0,0,0,0,0
C13-R10_jpg.rf.08c0ff0f20b25a10fa1e6f858d6b96e0.png,29,142.8,388.6,Sem Raiz,10.35,15.0,21.0,24.0,0,4,1,3
C13-R10_jpg.rf.08c0ff0f20b25a10fa1e6f858d6b96e0.png,30,285.9,365.0,Normal,59.8,55.0,54.0,66.0,0,0,0,7
C13-R10_jpg.rf.08c0ff0f20b25a10fa1e6f858d6b96e0.png,31,353.5,390.7,Normal,101.75,103.0,97.0,111.0,0,1,0,5
C13-R10_jpg.rf.08c0ff0f20b25a10fa1e6f858d6b96e0.png,32,383.9,433.1,Normal,151.84,149.0,146.0,150.0,0,1,0,2
C13-R10_jpg.rf.08c0ff0f20b25a10fa1e6f858d6b96e0.png,33,401.3,404.6,Sem Raiz,18.87,17.0,16.0,22.0,0,0,0,1
C13-R10_jpg.rf.08c0ff0f20b25a10fa1e6f858d6b96e0.png,34,440.6,367.3,Normal,139.73,132.0,128.0,138.0,0,0,0,2
C13-R10_jpg.rf.08c0ff0f20b25a10fa1e6f858d6b96e0.png,35,500.7,432.9,Sem Hipocótilo,65.21,63.0,56.0,62.0,0,3,0,1
C13-R10_jpg.rf.08c0ff0f20b25a10fa1e6f858d6b96e0.png,36,514.4,381.6,Sem Raiz,22.26,21.0,19.0,24.0,0,0,0,0
C13-R10_jpg.rf.08c0ff0f20b25a10fa1e6f858d6b96e0.png,37,538.8,390.2,Normal,118.91,114.0,110.0,122.0,0,0,0,5
C13-R10_jpg.rf.08c0ff0f20b25a10fa1e6f858d6b96e0.png,38,87.2,444.5,Normal,146.2,139.0,134.0,145.0,0,0,0,4
C13-R10_jpg.rf.08c0ff0f20b25a10fa1e6f858d6b96e0.png,39,118.4,453.5,Normal,108.16,100.0,94.0,109.0,0,0,0,7
C13-R10_jpg.rf.08c0ff0f20b25a10fa1e6f858d6b96e0.png,40,141.7,453.8,Sem Hipocótilo,83.46,79.0,79.0,80.0,0,0,0,0
C13-R10_jpg.rf.08c0ff0f20b25a10fa1e6f858d6b96e0.png,41,168.3,457.4,Normal,104.05,100.0,95.0,106.0,0,0,0,1
C13-R10_jpg.rf.08c0ff0f20b25a10fa1e6f858d6b96e0.png,42,191.3,485.4,Normal,82.24,85.0,79.0,92.0,4,5,0,7
C13-R10_jpg.rf.08c0ff0f20b25a10fa1e6f858d6b96e0.png,43,234.3,455.1,Normal,110.82,109.0,98.0,113.0,0,1,0,2
C13-R10_jpg.rf.08c0ff0f20b25a10fa1e6f858d6b96e0.png,44,274.5,486.2,Normal,130.99,127.0,124.0,132.0,0,0,0,6
C13-R10_jpg.rf.08c0ff0f20b25a10fa1e6f858d6b96e0.png,45,306.0,464.6,Normal,93.48,88.0,82.0,90.0,0,0,0,0
C13-R10_jpg.rf.08c0ff0f20b25a10fa1e6f858d6b96e0.png,46,325.9,454.7,Normal,101.96,95.0,92.0,106.0,0,0,0,8
C13-R10_jpg.rf.08c0ff0f20b25a10fa1e6f858d6b96e0.png,47,365.8,506.8,Normal,78.92,74.0,67.0,82.0,0,0,0,7
C13-R10_jpg.rf.08c0ff0f20b25a10fa1e6f858d6b96e0.png,48,431.2,488.7,Normal,72.68,64.0,59.0,71.0,0,0,0,2
C13-R10_jpg.rf.08c0ff0f20b25a10fa1e6f858d6b96e0.png,49,458.9,479.0,Normal,115.66,117.0,111.0,120.0,0,4,0,4
C13-R10_jpg.rf.08c0ff0f20b25a10fa1e6f858d6b96e0.png,50,519.5,470.2,Sem Raiz,21.81,24.0,18.0,26.0,1,6,0,4
C13-R10_jpg.rf.08c0ff0f20b25a10fa1e6f858d6b96e0.png,51,556.2,461.8,Normal,102.21,100.0,93.0,104.0,4,6,0,6
C13-R10_jpg.rf.08c0ff0f20b25a10fa1e6f858d6b96e0.png,52,511.2,525.5,Sem Hipocótilo,71.0,66.0,61.0,66.0,0,0,0,0
C13-R1_jpg.rf.5f60bbbf6e59e336ece6e86622d8ed6b.png,1,117.0,163.6,Normal,124.68,123.0,111.0,123.0,3,7,0,2
C13-R1_jpg.rf.5f60bbbf6e59e336ece6e86622d8ed6b.png,2,151.9,160.5,Normal,76.18,78.0,73.0,85.0,0,1,0,3
C13-R1_jpg.rf.5f60bbbf6e59e336ece6e86622d8ed6b.png,3,184.7,177.0,Normal,104.24,98.0,91.0,104.0,0,0,0,3
C13-R1_jpg.rf.5f60bbbf6e59e336ece6e86622d8ed6b.png,4,241.7,163.6,Normal,152.22,142.0,141.0,151.0,0,0,0,5
C13-R1_jpg.rf.5f60bbbf6e59e336ece6e86622d8ed6b.png,5,274.1,130.8,Normal,71.99,65.0,61.0,74.0,1,1,0,4
C13-R1_jpg.rf.5f60bbbf6e59e336ece6e86622d8ed6b.png,6,317.2,154.5,Normal,104.57,97.0,91.0,99.0,0,0,0,3
C13-R1_jpg.rf.5f60bbbf6e59e336ece6e86622d8ed6b.png,7,357.3,157.5,Normal,110.13,105.0,99.0,111.0,0,0,0,2
C13-R1_jpg.rf.5f60bbbf6e59e336ece6e86622d8ed6b.png,8,393.1,147.9,Normal,57.02,54.0,49.0,59.0,0,0,0,6
C13-R1_jpg.rf.5f60bbbf6e59e336ece6e86622d8ed6b.png,9,421.3,167.0,Normal,84.01,80.0,78.0,83.0,0,0,0,0
C13-R1_jpg.rf.5f60bbbf6e59e336ece6e86622d8ed6b.png,10,479.6,156.0,Normal,94.51,90.0,83.0,100.0,0,0,0,5
C13-R1_jpg.rf.5f60bbbf6e59e336ece6e86622d8ed6b.png,11,492.3,148.9,Sem Hipocótilo,15.93,16.0,16.0,17.0,0,0,0,0
C13-R1_jpg.rf.5f60bbbf6e59e336ece6e86622d8ed6b.png,12,509.7,122.9,Normal,34.54,35.0,24.0,48.0,0,3,0,8
C13-R1_jpg.rf.5f60bbbf6e59e336ece6e86622d8ed6b.png,13,551.9,144.4,Normal,92.41,80.0,77.0,88.0,0,0,0,5
C13-R1_jpg.rf.5f60bbbf6e59e336ece6e86622d8ed6b.png,14,277.9,222.5,Sem Raiz,37.11,33.0,33.0,40.0,0,0,0,4
C13-R1_jpg.rf.5f60bbbf6e59e336ece6e86622d8ed6b.png,15,331.2,228.6,Sem Raiz,46.19,41.0,40.0,44.0,0,0,0,1
C13-R1_jpg.rf.5f60bbbf6e59e336ece6e86622d8ed6b.png,16,381.7,245.5,Normal,140.82,127.0,117.0,131.0,0,0,0,3
C13-R1_jpg.rf.5f60bbbf6e59e336ece6e86622d8ed6b.png,17,414.4,245.2,Sem Raiz,6.52,7.0,3.0,10.0,0,0,0,0
C13-R1_jpg.rf.5f60bbbf6e59e336ece6e86622d8ed6b.png,18,441.1,244.1,Normal,122.16,115.0,106.0,121.0,0,0,0,1
C13-R1_jpg.rf.5f60bbbf6e59e336ece6e86622d8ed6b.png,19,545.4,216.9,Normal,52.34,44.0,40.0,53.0,0,0,0,9
C13-R1_jpg.rf.5f60bbbf6e59e336ece6e86622d8ed6b.png,20,137.4,288.9,Normal,106.54,99.0,99.0,103.0,0,0,0,3
C13-R1_jpg.rf.5f60bbbf6e59e336ece6e86622d8ed6b.png,21,186.5,320.3,Normal,115.13,108.0,101.0,116.0,0,0,0,4
C13-R1_jpg.rf.5f60bbbf6e59e336ece6e86622d8ed6b.png,22,217.0,290.1,Normal,78.32,74.0,66.0,83.0,0,0,0,2
C13-R1_jpg.rf.5f60bbbf6e59e336ece6e86622d8ed6b.png,23,246.6,310.5,Sem Hipocótilo,9.28,9.0,5.0,13.0,0,0,0,1
C13-R1_jpg.rf.5f60bbbf6e59e336ece6e86622d8ed6b.png,24,279.2,333.1,Normal,88.48,84.0,80.0,89.0,0,0,0,1
C13-R1_jpg.rf.5f60bbbf6e59e336ece6e86622d8ed6b.png,25,339.4,333.5,Normal,174.75,165.0,157.0,174.0,0,0,0,4
C13-R1_jpg.rf.5f60bbbf6e59e336ece6e86622d8ed6b.png,26,401.3,284.3,Sem Hipocótilo,67.24,65.0,61.0,67.0,0,0,0,1
C13-R1_jpg.rf.5f60bbbf6e59e336ece6e86622d8ed6b.png,27,465.7,298.3,Normal,109.17,102.0,100.0,107.0,0,0,0,1
C13-R1_jpg.rf.5f60bbbf6e59e336ece6e86622d8ed6b.png,28,483.2,283.5,Normal,112.29,110.0,103.0,112.0,2,6,6,3
C13-R1_jpg.rf.5f60bbbf6e59e336ece6e86622d8ed6b.png,29,529.0,342.3,Normal,82.88,77.0,70.0,85.0,0,0,0,7
C13-R1_jpg.rf.5f60bbbf6e59e336ece6e86622d8ed6b.png,30,557.9,302.7,Normal,108.96,99.0,96.0,104.0,0,0,0,2
C13-R1_jpg.rf.5f60bbbf6e59e336ece6e86622d8ed6b.png,31,167.9,425.3,Normal,114.12,114.0,115.0,117.0,0,6,2,3
C13-R1_jpg.rf.5f60bbbf6e59e336ece6e86622d8ed6b.png,32,219.4,425.9,Normal,87.2,84.0,76.0,89.0,0,0,0,4
C13-R1_jpg.rf.5f60bbbf6e59e336ece6e86622d8ed6b.png,33,254.9,408.2,Normal,63.29,54.0,52.0,63.0,0,0,0,4
C13-R1_jpg.rf.5f60bbbf6e59e336ece6e86622d8ed6b.png,34,361.6,428.1,Normal,82.63,78.0,71.0,85.0,0,0,0,7
C13-R1_jpg.rf.5f60bbbf6e59e336ece6e86622d8ed6b.png,35,383.1,375.8,Normal,98.49,90.0,89.0,94.0,0,0,0,3
C13-R1_jpg.rf.5f60bbbf6e59e336ece6e86622d8ed6b.png,36,405.4,421.3,Normal,79.02,75.0,69.0,75.0,0,3,0,1
C13-R1_jpg.rf.5f60bbbf6e59e336ece6e86622d8ed6b.png,37,438.4,384.0,Normal,114.88,109.0,100.0,120.0,0,4,0,11
C13-R1_jpg.rf.5f60bbbf6e59e336ece6e86622d8ed6b.png,38,488.8,412.7,Normal,106.06,111.0,104.0,118.0,4,4,3,7
C13-R1_jpg.rf.5f60bbbf6e59e336ece6e86622d8ed6b.png,39,540.8,382.5,Normal,27.33,25.0,16.0,35.0,0,0,0,5
C13-R1_jpg.rf.5f60bbbf6e59e336ece6e86622d8ed6b.png,40,108.1,497.3,Normal,98.71,90.0,80.0,95.0,2,4,0,3
C13-R1_jpg.rf.5f60bbbf6e59e336ece6e86622d8ed6b.png,41,132.4,447.8,Normal,106.3,96.0,95.0,104.0,0,0,0,5
C13-R1_jpg.rf.5f60bbbf6e59e336ece6e86622d8ed6b.png,42,197.4,505.5,Normal,84.43,76.0,73.0,87.0,0,0,0,4
C13-R1_jpg.rf.5f60bbbf6e59e336ece6e86622d8ed6b.png,43,255.3,485.4,Normal,120.34,110.0,104.0,120.0,0,0,0,2
C13-R1_jpg.rf.5f60bbbf6e59e336ece6e86622d8ed6b.png,44,289.5,488.9,Normal,107.92,107.0,107.0,116.0,0,9,2,8
C13-R1_jpg.rf.5f60bbbf6e59e336ece6e86622d8ed6b.png,45,328.3,465.4,Normal,214.4,205.0,192.0,215.0,0,0,0,3
C13-R1_jpg.rf.5f60bbbf6e59e336ece6e86622d8ed6b.png,46,374.7,489.5,Normal,34.2,37.0,28.0,44.0,0,4,0,5
C13-R1_jpg.rf.5f60bbbf6e59e336ece6e86622d8ed6b.png,47,440.6,506.7,Normal,95.63,83.0,79.0,89.0,0,0,0,4
C13-R1_jpg.rf.5f60bbbf6e59e336ece6e86622d8ed6b.png,48,472.9,464.1,Sem Raiz,35.78,31.0,31.0,34.0,0,0,0,0
C13-R1_jpg.rf.5f60bbbf6e59e336ece6e86622d8ed6b.png,49,545.7,479.1,Normal,266.1,245.0,233.0,261.0,0,0,0,8
C13-R1_jpg.rf.5f60bbbf6e59e336ece6e86622d8ed6b.png,50,494.0,520.7,Sem Hipocótilo,71.51,59.0,59.0,62.0,0,0,0,2
C13-R2_jpg.rf.1662d7a88af708a6ca9276b10a6ab9b2.png,1,289.1,119.0,Sem Raiz,21.39,18.0,16.0,21.0,0,0,0,1
C13-R2_jpg.rf.1662d7a88af708a6ca9276b10a6ab9b2.png,2,146.3,155.2,Normal,94.44,95.0,84.0,102.0,4,4,0,6
C13-R2_jpg.rf.1662d7a88af708a6ca9276b10a6ab9b2.png,3,180.6,164.7,Normal,93.64,88.0,80.0,94.0,0,0,0,3
C13-R2_jpg.rf.1662d7a88af708a6ca9276b10a6ab9b2.png,4,214.3,146.7,Normal,83.4,75.0,68.0,85.0,0,0,0,6
C13-R2_jpg.rf.1662d7a88af708a6ca9276b10a6ab9b2.png,5,242.7,186.9,Normal,103.86,105.0,99.0,106.0,0,1,0,2
C13-R2_jpg.rf.1662d7a88af708a6ca9276b10a6ab9b2.png,6,288.4,182.9,Sem Raiz,34.31,32.0,31.0,35.0,0,0,0,0
C13-R2_jpg.rf.1662d7a88af708a6ca9276b10a6ab9b2.png,7,294.4,143.5,Sem Hipocótilo,15.47,15.0,11.0,16.0,0,0,0,0
C13-R2_jpg.rf.1662d7a88af708a6ca9276b10a6ab9b2.png,8,347.8,171.6,Normal,60.31,55.0,55.0,59.0,0,0,0,3
C13-R2_jpg.rf.1662d7a88af708a6ca9276b10a6ab9b2.png,9,371.4,159.5,Sem Hipocótilo,18.98,17.0,16.0,17.0,0,0,0,0
C13-R2_jpg.rf.1662d7a88af708a6ca9276b10a6ab9b2.png,10,437.1,180.7,Normal,93.57,88.0,82.0,98.0,0,0,0,3
C13-R2_jpg.rf.1662d7a88af708a6ca9276b10a6ab9b2.png,11,550.7,185.7,Normal,111.01,99.0,95.0,106.0,0,1,0,4
C13-R2_jpg.rf.1662d7a88af708a6ca9276b10a6ab9b2.png,12,565.6,184.0,Sem Raiz,8.46,9.0,9.0,10.0,0,0,0,0
C13-R2_jpg.rf.1662d7a88af708a6ca9276b10a6ab9b2.png,13,182.8,279.8,Normal,93.75,87.0,82.0,92.0,0,0,0,3
C13-R2_jpg.rf.1662d7a88af708a6ca9276b10a6ab9b2.png,14,334.7,224.5,Sem Raiz,17.53,15.0,14.0,19.0,0,0,0,1
C13-R2_jpg.rf.1662d7a88af708a6ca9276b10a6ab9b2.png,15,345.1,263.0,Sem Hipocótilo,58.66,56.0,52.0,56.0,0,0,0,0
C13-R2_jpg.rf.1662d7a88af708a6ca9276b10a6ab9b2.png,16,391.1,220.5,Normal,104.18,99.0,92.0,104.0,0,0,0,2
C13-R2_jpg.rf.1662d7a88af708a6ca9276b10a6ab9b2.png,17,407.8,246.8,Sem Raiz,38.74,32.0,28.0,34.0,0,0,0,1
C13-R2_jpg.rf.1662d7a88af708a6ca9276b10a6ab9b2.png,18,460.3,217.7,Normal,110.49,104.0,98.0,109.0,0,1,0,4
C13-R2_jpg.rf.1662d7a88af708a6ca9276b10a6ab9b2.png,19,490.1,206.5,Normal,106.53,96.0,89.0,101.0,0,0,0,1
C13-R2_jpg.rf.1662d7a88af708a6ca9276b10a6ab9b2.png,20,518.2,207.1,Normal,115.78,105.0,102.0,109.0,0,0,0,1
C13-R2_jpg.rf.1662d7a88af708a6ca9276b10a6ab9b2.png,21,564.5,249.0,Sem Hipocótilo,93.52,89.0,87.0,89.0,0,0,0,0
C13-R2_jpg.rf.1662d7a88af708a6ca9276b10a6ab9b2.png,22,154.8,349.6,Normal,91.62,86.0,71.0,96.0,0,0,0,5
C13-R2_jpg.rf.1662d7a88af708a6ca9276b10a6ab9b2.png,23,212.3,346.7,Sem Hipocótilo,67.26,66.0,66.0,66.0,0,0,0,0
C13-R2_jpg.rf.1662d7a88af708a6ca9276b10a6ab9b2.png,24,213.7,303.5,Sem Raiz,10.95,9.0,5.0,17.0,0,0,0,1
C13-R2_jpg.rf.1662d7a88af708a6ca9276b10a6ab9b2.png,25,238.8,330.1,Normal,187.08,170.0,167.0,176.0,0,0,0,2
C13-R2_jpg.rf.1662d7a88af708a6ca9276b10a6ab9b2.png,26,284.6,297.9,Normal,132.44,122.0,121.0,130.0,0,0,0,5
C13-R2_jpg.rf.1662d7a88af708a6ca9276b10a6ab9b2.png,27,321.9,355.3,Normal,140.09,132.0,129.0,141.0,0,0,0,5
C13-R2_jpg.rf.1662d7a88af708a6ca9276b10a6ab9b2.png,28,383.7,326.2,Sem Hipocótilo,57.9,57.0,55.0,57.0,0,0,0,0
C13-R2_jpg.rf.1662d7a88af708a6ca9276b10a6ab9b2.png,29,388.4,282.9,Sem Raiz,15.43,17.0,16.0,25.0,0,5,4,8
C13-R2_jpg.rf.1662d7a88af708a6ca9276b10a6ab9b2.png,30,401.8,321.8,Normal,91.53,87.0,83.0,93.0,0,0,0,4
C13-R2_jpg.rf.1662d7a88af708a6ca9276b10a6ab9b2.png,31,473.1,339.0,Normal,103.09,91.0,84.0,97.0,0,0,0,6
C13-R2_jpg.rf.1662d7a88af708a6ca9276b10a6ab9b2.png,32,519.9,359.7,Normal,120.68,108.0,93.0,108.0,2,4,0,1
C13-R2_jpg.rf.1662d7a88af708a6ca9276b10a6ab9b2.png,33,528.3,292.8,Sem Hipocótilo,38.97,37.0,34.0,38.0,0,0,0,1
C13-R2_jpg.rf.1662d7a88af708a6ca9276b10a6ab9b2.png,34,554.5,350.7,Normal,61.7,54.0,51.0,66.0,0,0,0,4
C13-R2_jpg.rf.1662d7a88af708a6ca9276b10a6ab9b2.png,35,178.1,383.4,Normal,99.76,102.0,98.0,108.0,0,7,3,2
C13-R2_jpg.rf.1662d7a88af708a6ca9276b10a6ab9b2.png,36,262.4,424.9,Normal,136.75,128.0,126.0,137.0,0,0,0,9
C13-R2_jpg.rf.1662d7a88af708a6ca9276b10a6ab9b2.png,37,352.2,375.6,Normal,83.32,77.0,69.0,81.0,0,0,0,1
C13-R2_jpg.rf.1662d7a88af708a6ca9276b10a6ab9b2.png,38,397.6,430.0,Sem Hipocótilo,87.47,74.0,71.0,80.0,0,0,0,1
C13-R2_jpg.rf.1662d7a88af708a6ca9276b10a6ab9b2.png,39,447.1,405.6,Normal,101.45,93.0,88.0,102.0,0,0,0,5
C13-R2_jpg.rf.1662d7a88af708a6ca9276b10a6ab9b2.png,40,471.8,415.7,Sem Raiz,15.4,13.0,13.0,16.0,0,0,0,1
C13-R2_jpg.rf.1662d7a88af708a6ca9276b10a6ab9b2.png,41,154.4,470.7,Sem Hipocótilo,9.41,9.0,5.0,14.0,0,0,0,4
C13-R2_jpg.rf.1662d7a88af708a6ca9276b10a6ab9b2.png,42,199.7,468.4,Normal,142.51,134.0,130.0,139.0,0,0,0,3
C13-R2_jpg.rf.1662d7a88af708a6ca9276b10a6ab9b2.png,43,231.6,505.1,Normal,140.46,135.0,133.0,139.0,0,0,0,4
C13-R2_jpg.rf.1662d7a88af708a6ca9276b10a6ab9b2.png,44,282.3,443.6,Normal,66.81,71.0,59.0,75.0,4,4,0,3
C13-R2_jpg.rf.1662d7a88af708a6ca9276b10a6ab9b2.png,45,320.2,481.1,Normal,80.72,73.0,66.0,76.0,0,0,0,4
C13-R2_jpg.rf.1662d7a88af708a6ca9276b10a6ab9b2.png,46,366.0,457.4,Normal,24.25,22.0,16.0,32.0,1,1,0,5
C13-R2_jpg.rf.1662d7a88af708a6ca9276b10a6ab9b2.png,47,403.5,505.1,Normal,110.13,102.0,96.0,105.0,0,0,0,1
C13-R2_jpg.rf.1662d7a88af708a6ca9276b10a6ab9b2.png,48,458.1,475.1,Normal,73.33,65.0,65.0,73.0,0,0,0,2
C13-R2_jpg.rf.1662d7a88af708a6ca9276b10a6ab9b2.png,49,495.3,493.7,Normal,67.51,65.0,59.0,72.0,0,0,0,6
C13-R2_jpg.rf.1662d7a88af708a6ca9276b10a6ab9b2.png,50,517.9,441.8,Normal,81.57,83.0,71.0,86.0,0,3,0,3
C13-R2_jpg.rf.1662d7a88af708a6ca9276b10a6ab9b2.png,51,538.6,501.4,Normal,117.51,114.0,104.0,119.0,0,0,0,4
C13-R2_jpg.rf.1662d7a88af708a6ca9276b10a6ab9b2.png,52,564.0,502.1,Normal,87.87,80.0,71.0,85.0,0,0,0,2
C13-R2_jpg.rf.1662d7a88af708a6ca9276b10a6ab9b2.png,53,166.7,520.3,Normal,75.41,70.0,65.0,79.0,0,0,0,5
C13-R3_jpg.rf.98888a0b4d33abb42608f39dad330e19.png,1,147.3,91.0,Sem Raiz,19.38,18.0,14.0,19.0,0,0,0,0
C13-R3_jpg.rf.98888a0b4d33abb42608f39dad330e19.png,2,286.8,117.6,Normal,29.17,33.0,26.0,39.0,5,5,0,5
C13-R3_jpg.rf.98888a0b4d33abb42608f39dad330e19.png,3,152.6,137.5,Sem Hipocótilo,60.32,55.0,54.0,59.0,0,0,0,3
C13-R3_jpg.rf.98888a0b4d33abb42608f39dad330e19.png,4,192.1,147.7,Normal,139.63,130.0,127.0,132.0,0,0,0,0
C13-R3_jpg.rf.98888a0b4d33abb42608f39dad330e19.png,5,220.3,185.6,Sem Raiz,33.32,34.0,33.0,38.0,2,7,2,8
C13-R3_jpg.rf.98888a0b4d33abb42608f39dad330e19.png,6,251.4,137.8,Normal,69.8,69.0,60.0,72.0,1,3,0,1
C13-R3_jpg.rf.98888a0b4d33abb42608f39dad330e19.png,7,332.2,147.4,Normal,32.78,29.0,19.0,34.0,0,0,0,3
C13-R3_jpg.rf.98888a0b4d33abb42608f39dad330e19.png,8,386.4,122.2,Sem Raiz,4.92,11.0,8.0,14.0,0,1,0,3
C13-R3_jpg.rf.98888a0b4d33abb42608f39dad330e19.png,9,388.4,187.2,Sem Hipocótilo,83.95,78.0,74.0,80.0,0,0,0,1
C13-R3_jpg.rf.98888a0b4d33abb42608f39dad330e19.png,10,421.9,161.4,Sem Hipocótilo,51.46,52.0,52.0,52.0,0,0,0,0
C13-R3_jpg.rf.98888a0b4d33abb42608f39dad330e19.png,11,426.5,124.5,Sem Raiz,3.51,4.0,1.0,10.0,0,0,0,3
C13-R3_jpg.rf.98888a0b4d33abb42608f39dad330e19.png,12,465.3,182.4,Normal,111.33,100.0,96.0,108.0,0,0,0,3
C13-R3_jpg.rf.98888a0b4d33abb42608f39dad330e19.png,13,500.9,166.6,Normal,114.66,115.0,109.0,122.0,0,13,4,5
C13-R3_jpg.rf.98888a0b4d33abb42608f39dad330e19.png,14,519.7,167.6,Sem Raiz,34.85,30.0,28.0,32.0,0,0,0,0
C13-R3_jpg.rf.98888a0b4d33abb42608f39dad330e19.png,15,558.5,153.0,Normal,104.49,88.0,83.0,95.0,0,0,0,1
C13-R3_jpg.rf.98888a0b4d33abb42608f39dad330e19.png,16,121.9,204.3,Sem Raiz,16.87,16.0,13.0,17.0,0,0,0,1
C13-R3_jpg.rf.98888a0b4d33abb42608f39dad330e19.png,17,197.1,274.7,Normal,35.51,50.0,45.0,59.0,2,13,5,15
C13-R3_jpg.rf.98888a0b4d33abb42608f39dad330e19.png,18,233.6,225.2,Sem Hipocótilo,34.8,33.0,29.0,34.0,0,0,0,0
C13-R3_jpg.rf.98888a0b4d33abb42608f39dad330e19.png,19,261.3,239.6,Normal,85.06,78.0,77.0,89.0,0,0,0,7
C13-R3_jpg.rf.98888a0b4d33abb42608f39dad330e19.png,20,296.6,219.8,Normal,69.08,61.0,54.0,68.0,0,0,0,3
C13-R3_jpg.rf.98888a0b4d33abb42608f39dad330e19.png,21,340.2,218.3,Normal,109.77,104.0,99.0,112.0,0,0,0,6
C13-R3_jpg.rf.98888a0b4d33abb42608f39dad330e19.png,22,368.4,235.0,Normal,106.76,97.0,95.0,104.0,0,0,0,2
C13-R3_jpg.rf.98888a0b4d33abb42608f39dad330e19.png,23,407.9,279.9,Normal,97.03,98.0,92.0,104.0,0,1,0,2
C13-R3_jpg.rf.98888a0b4d33abb42608f39dad330e19.png,24,452.9,245.5,Normal,52.77,48.0,45.0,51.0,0,0,0,2
C13-R3_jpg.rf.98888a0b4d33abb42608f39dad330e19.png,25,514.1,227.9,Sem Hipocótilo,64.68,60.0,57.0,61.0,0,0,0,0
C13-R3_jpg.rf.98888a0b4d33abb42608f39dad330e19.png,26,538.5,244.2,Normal,60.72,55.0,51.0,63.0,0,0,0,9
C13-R3_jpg.rf.98888a0b4d33abb42608f39dad330e19.png,27,563.1,227.9,Normal,73.88,64.0,62.0,77.0,0,0,0,8
C13-R3_jpg.rf.98888a0b4d33abb42608f39dad330e19.png,28,150.7,313.4,Normal,231.06,218.0,205.0,224.0,0,4,0,5
C13-R3_jpg.rf.98888a0b4d33abb42608f39dad330e19.png,29,196.7,334.2,Normal,45.91,53.0,48.0,64.0,4,9,2,10
C13-R3_jpg.rf.98888a0b4d33abb42608f39dad330e19.png,30,229.9,319.3,Normal,92.39,86.0,83.0,90.0,0,0,0,3
C13-R3_jpg.rf.98888a0b4d33abb42608f39dad330e19.png,31,263.4,317.7,Sem Raiz,38.47,39.0,36.0,40.0,0,3,0,3
C13-R3_jpg.rf.98888a0b4d33abb42608f39dad330e19.png,32,297.6,292.0,Normal,90.52,83.0,73.0,90.0,0,0,0,4
C13-R3_jpg.rf.98888a0b4d33abb42608f39dad330e19.png,33,327.8,355.1,Normal,81.52,77.0,71.0,84.0,0,0,0,2
C13-R3_jpg.rf.98888a0b4d33abb42608f39dad330e19.png,34,372.6,331.9,Normal,65.13,62.0,56.0,67.0,0,0,0,1
C13-R3_jpg.rf.98888a0b4d33abb42608f39dad330e19.png,35,422.5,350.1,Normal,50.64,45.0,40.0,50.0,0,0,0,4
C13-R3_jpg.rf.98888a0b4d33abb42608f39dad330e19.png,36,465.8,355.0,Normal,60.08,57.0,53.0,66.0,0,0,0,2
C13-R3_jpg.rf.98888a0b4d33abb42608f39dad330e19.png,37,474.0,308.5,Normal,56.82,48.0,47.0,58.0,0,0,0,7
C13-R3_jpg.rf.98888a0b4d33abb42608f39dad330e19.png,38,544.0,304.7,Normal,77.23,75.0,68.0,78.0,3,6,3,6
C13-R3_jpg.rf.98888a0b4d33abb42608f39dad330e19.png,39,130.3,393.0,Normal,63.7,62.0,58.0,69.0,0,0,0,4
C13-R3_jpg.rf.98888a0b4d33abb42608f39dad330e19.png,40,192.9,401.6,Sem Raiz,42.35,37.0,35.0,40.0,0,0,0,0
C13-R3_jpg.rf.98888a0b4d33abb42608f39dad330e19.png,41,230.5,430.8,Sem Raiz,12.36,12.0,9.0,18.0,0,0,0,3
C13-R3_jpg.rf.98888a0b4d33abb42608f39dad330e19.png,42,243.2,423.8,Normal,116.6,105.0,100.0,119.0,0,0,0,5
C13-R3_jpg.rf.98888a0b4d33abb42608f39dad330e19.png,43,262.3,378.4,Sem Hipocótilo,69.52,65.0,63.0,67.0,0,0,0,1
C13-R3_jpg.rf.98888a0b4d33abb42608f39dad330e19.png,44,291.0,365.7,Sem Raiz,18.8,17.0,17.0,23.0,0,0,0,0
C13-R3_jpg.rf.98888a0b4d33abb42608f39dad330e19.png,45,298.1,413.4,Sem Hipocótilo,63.65,61.0,62.0,62.0,0,0,0,0
C13-R3_jpg.rf.98888a0b4d33abb42608f39dad330e19.png,46,464.1,437.1,Normal,46.73,43.0,41.0,51.0,0,0,0,4
C13-R3_jpg.rf.98888a0b4d33abb42608f39dad330e19.png,47,506.5,407.1,Normal,61.56,54.0,45.0,62.0,0,0,0,3
C13-R3_jpg.rf.98888a0b4d33abb42608f39dad330e19.png,48,518.2,366.1,Normal,89.01,83.0,77.0,87.0,1,3,0,2
C13-R3_jpg.rf.98888a0b4d33abb42608f39dad330e19.png,49,545.3,412.2,Normal,93.55,85.0,82.0,95.0,0,0,0,1
C13-R3_jpg.rf.98888a0b4d33abb42608f39dad330e19.png,50,145.1,503.9,Normal,74.05,71.0,68.0,76.0,0,0,0,6
C13-R3_jpg.rf.98888a0b4d33abb42608f39dad330e19.png,51,192.0,471.6,Sem Hipocótilo,86.24,84.0,82.0,84.0,0,0,0,0
C13-R3_jpg.rf.98888a0b4d33abb42608f39dad330e19.png,52,225.3,479.1,Sem Hipocótilo,40.24,38.0,36.0,40.0,0,0,0,1
C13-R3_jpg.rf.98888a0b4d33abb42608f39dad330e19.png,53,287.7,492.0,Normal,45.36,43.0,38.0,51.0,1,9,6,7
C13-R3_jpg.rf.98888a0b4d33abb42608f39dad330e19.png,54,324.6,473.8,Normal,130.96,122.0,114.0,126.0,0,0,0,2
C13-R3_jpg.rf.98888a0b4d33abb42608f39dad330e19.png,55,357.8,459.4,Normal,129.1,122.0,121.0,130.0,0,0,0,6
C13-R3_jpg.rf.98888a0b4d33abb42608f39dad330e19.png,56,390.8,479.9,Normal,146.22,139.0,134.0,147.0,0,0,0,6
C13-R3_jpg.rf.98888a0b4d33abb42608f39dad330e19.png,57,455.6,499.6,Normal,46.48,41.0,34.0,44.0,0,0,0,1
C13-R3_jpg.rf.98888a0b4d33abb42608f39dad330e19.png,58,516.3,502.9,Normal,103.38,98.0,88.0,100.0,0,0,0,0
C13-R3_jpg.rf.98888a0b4d33abb42608f39dad330e19.png,59,558.7,465.7,Normal,126.59,117.0,113.0,123.0,0,0,0,4
C13-R4_jpg.rf.150a9fd99e3d98fabb04088517001976.png,1,153.3,154.5,Sem Raiz,32.75,32.0,32.0,36.0,2,8,4,5
C13-R4_jpg.rf.150a9fd99e3d98fabb04088517001976.png,2,155.4,200.0,Sem Hipocótilo,35.56,32.0,31.0,33.0,0,0,0,0
C13-R4_jpg.rf.150a9fd99e3d98fabb04088517001976.png,3,176.1,170.9,Normal,111.8,110.0,102.0,119.0,0,1,0,4
C13-R4_jpg.rf.150a9fd99e3d98fabb04088517001976.png,4,224.6,167.4,Normal,96.14,91.0,82.0,93.0,0,0,0,0
C13-R4_jpg.rf.150a9fd99e3d98fabb04088517001976.png,5,249.4,188.9,Normal,34.32,31.0,28.0,37.0,0,0,0,5
C13-R4_jpg.rf.150a9fd99e3d98fabb04088517001976.png,6,270.4,192.1,Sem Raiz,7.41,7.0,4.0,10.0,0,0,0,0
C13-R4_jpg.rf.150a9fd99e3d98fabb04088517001976.png,7,280.2,131.7,Normal,90.3,90.0,82.0,93.0,0,4,0,2
C13-R4_jpg.rf.150a9fd99e3d98fabb04088517001976.png,8,331.5,169.6,Normal,76.72,75.0,68.0,80.0,0,3,0,5
C13-R4_jpg.rf.150a9fd99e3d98fabb04088517001976.png,9,364.5,188.0,Normal,79.0,70.0,64.0,74.0,0,0,0,2
C13-R4_jpg.rf.150a9fd99e3d98fabb04088517001976.png,10,410.0,197.6,Normal,104.39,95.0,92.0,105.0,0,0,0,6
C13-R4_jpg.rf.150a9fd99e3d98fabb04088517001976.png,11,478.9,182.9,Normal,82.14,73.0,69.0,75.0,0,0,0,0
C13-R4_jpg.rf.150a9fd99e3d98fabb04088517001976.png,12,194.7,221.3,Normal,81.96,77.0,77.0,86.0,0,0,0,2
C13-R4_jpg.rf.150a9fd99e3d98fabb04088517001976.png,13,261.3,239.8,Normal,65.37,63.0,56.0,72.0,0,0,0,7
C13-R4_jpg.rf.150a9fd99e3d98fabb04088517001976.png,14,297.8,259.1,Normal,137.42,131.0,124.0,140.0,3,3,0,7
C13-R4_jpg.rf.150a9fd99e3d98fabb04088517001976.png,15,370.6,233.1,Normal,74.73,72.0,68.0,76.0,0,0,0,3
C13-R4_jpg.rf.150a9fd99e3d98fabb04088517001976.png,16,532.8,203.3,Normal,132.79,120.0,112.0,125.0,0,0,0,1
C13-R4_jpg.rf.150a9fd99e3d98fabb04088517001976.png,17,562.4,209.0,Normal,124.37,127.0,124.0,133.0,0,7,4,7
C13-R4_jpg.rf.150a9fd99e3d98fabb04088517001976.png,18,163.4,330.0,Normal,49.57,56.0,63.0,68.0,0,6,6,6
C13-R4_jpg.rf.150a9fd99e3d98fabb04088517001976.png,19,169.8,301.4,Normal,81.66,74.0,70.0,81.0,0,0,0,1
C13-R4_jpg.rf.150a9fd99e3d98fabb04088517001976.png,20,188.0,324.5,Normal,63.09,67.0,61.0,75.0,0,1,0,9
C13-R4_jpg.rf.150a9fd99e3d98fabb04088517001976.png,21,210.4,356.6,Normal,123.9,115.0,107.0,121.0,0,0,0,1
C13-R4_jpg.rf.150a9fd99e3d98fabb04088517001976.png,22,243.1,358.8,Normal,120.55,113.0,107.0,133.0,0,0,0,8
C13-R4_jpg.rf.150a9fd99e3d98fabb04088517001976.png,23,263.8,331.5,Normal,77.79,76.0,67.0,83.0,0,3,0,5
C13-R4_jpg.rf.150a9fd99e3d98fabb04088517001976.png,24,315.7,321.0,Normal,103.0,91.0,86.0,100.0,0,0,0,9
C13-R4_jpg.rf.150a9fd99e3d98fabb04088517001976.png,25,342.8,285.3,Normal,84.44,85.0,78.0,92.0,3,11,6,11
C13-R4_jpg.rf.150a9fd99e3d98fabb04088517001976.png,26,395.2,299.6,Normal,105.23,97.0,92.0,105.0,0,0,0,4
C13-R4_jpg.rf.150a9fd99e3d98fabb04088517001976.png,27,422.7,300.9,Normal,137.68,128.0,129.0,137.0,0,0,0,3
C13-R4_jpg.rf.150a9fd99e3d98fabb04088517001976.png,28,443.7,294.0,Normal,77.23,71.0,67.0,75.0,0,0,0,3
C13-R4_jpg.rf.150a9fd99e3d98fabb04088517001976.png,29,468.9,325.3,Normal,68.81,62.0,56.0,67.0,0,0,0,6
C13-R4_jpg.rf.150a9fd99e3d98fabb04088517001976.png,30,510.9,322.0,Normal,95.45,92.0,90.0,95.0,0,0,0,1
C13-R4_jpg.rf.150a9fd99e3d98fabb04088517001976.png,31,523.4,302.8,Normal,97.85,93.0,84.0,98.0,0,0,0,3
C13-R4_jpg.rf.150a9fd99e3d98fabb04088517001976.png,32,573.7,297.9,Normal,73.85,69.0,66.0,80.0,0,0,0,5
C13-R4_jpg.rf.150a9fd99e3d98fabb04088517001976.png,33,136.3,438.5,Normal,100.0,106.0,103.0,119.0,4,12,5,11
C13-R4_jpg.rf.150a9fd99e3d98fabb04088517001976.png,34,315.1,421.3,Normal,91.02,86.0,80.0,94.0,0,0,0,1
C13-R4_jpg.rf.150a9fd99e3d98fabb04088517001976.png,35,384.1,399.7,Sem Raiz,40.97,36.0,36.0,44.0,0,0,0,7
C13-R4_jpg.rf.150a9fd99e3d98fabb04088517001976.png,36,384.2,373.8,Normal,40.37,34.0,29.0,44.0,0,0,0,1
C13-R4_jpg.rf.150a9fd99e3d98fabb04088517001976.png,37,481.8,414.0,Normal,89.33,83.0,81.0,91.0,0,0,0,6
C13-R4_jpg.rf.150a9fd99e3d98fabb04088517001976.png,38,506.2,417.5,Normal,88.27,78.0,75.0,83.0,0,0,0,1
C13-R4_jpg.rf.150a9fd99e3d98fabb04088517001976.png,39,547.2,409.7,Normal,148.57,140.0,135.0,145.0,0,0,0,3
C13-R4_jpg.rf.150a9fd99e3d98fabb04088517001976.png,40,171.4,453.3,Normal,114.54,106.0,97.0,110.0,0,0,0,1
C13-R4_jpg.rf.150a9fd99e3d98fabb04088517001976.png,41,194.8,483.9,Normal,123.89,119.0,111.0,125.0,0,0,0,1
C13-R4_jpg.rf.150a9fd99e3d98fabb04088517001976.png,42,230.4,468.4,Normal,68.62,62.0,61.0,73.0,0,0,0,2
C13-R4_jpg.rf.150a9fd99e3d98fabb04088517001976.png,43,252.9,470.7,Normal,103.62,99.0,95.0,108.0,0,0,0,3
C13-R4_jpg.rf.150a9fd99e3d98fabb04088517001976.png,44,280.6,482.3,Normal,112.68,105.0,99.0,113.0,0,0,0,7
C13-R4_jpg.rf.150a9fd99e3d98fabb04088517001976.png,45,330.6,501.7,Normal,84.06,79.0,72.0,81.0,0,0,0,1
C13-R4_jpg.rf.150a9fd99e3d98fabb04088517001976.png,46,384.9,460.2,Sem Hipocótilo,60.8,59.0,57.0,61.0,0,0,0,1
C13-R4_jpg.rf.150a9fd99e3d98fabb04088517001976.png,47,401.6,455.6,Normal,121.81,116.0,110.0,122.0,0,0,0,2
C13-R4_jpg.rf.150a9fd99e3d98fabb04088517001976.png,48,420.1,509.1,Normal,58.11,60.0,54.0,65.0,0,1,0,2
C13-R4_jpg.rf.150a9fd99e3d98fabb04088517001976.png,49,460.3,492.1,Normal,82.83,81.0,74.0,88.0,0,0,0,6
C13-R4_jpg.rf.150a9fd99e3d98fabb04088517001976.png,50,506.6,473.8,Sem Raiz,39.26,32.0,29.0,34.0,0,0,0,1
C13-R4_jpg.rf.150a9fd99e3d98fabb04088517001976.png,51,520.4,504.7,Sem Hipocótilo,36.95,36.0,33.0,37.0,0,0,0,0
C13-R4_jpg.rf.150a9fd99e3d98fabb04088517001976.png,52,558.6,482.7,Normal,106.29,108.0,107.0,118.0,0,5,2,6
C13-R5_jpg.rf.c83368c399ed973e91132ef2e67196ba.png,1,207.1,87.7,Sem Raiz,25.3,22.0,21.0,26.0,0,0,0,3
C13-R5_jpg.rf.c83368c399ed973e91132ef2e67196ba.png,2,152.1,147.4,Normal,71.56,67.0,62.0,71.0,0,0,0,1
C13-R5_jpg.rf.c83368c399ed973e91132ef2e67196ba.png,3,177.4,191.0,Normal,156.08,146.0,142.0,158.0,0,0,0,10
C13-R5_jpg.rf.c83368c399ed973e91132ef2e67196ba.png,4,204.4,142.6,Sem Hipocótilo,69.95,64.0,61.0,65.0,0,0,0,0
C13-R5_jpg.rf.c83368c399ed973e91132ef2e67196ba.png,5,267.3,135.5,Normal,97.73,90.0,87.0,93.0,0,0,0,1
C13-R5_jpg.rf.c83368c399ed973e91132ef2e67196ba.png,6,324.2,148.0,Normal,71.92,67.0,60.0,74.0,1,3,0,5
C13-R5_jpg.rf.c83368c399ed973e91132ef2e67196ba.png,7,365.1,154.7,Normal,105.59,101.0,99.0,104.0,0,0,0,1
C13-R5_jpg.rf.c83368c399ed973e91132ef2e67196ba.png,8,417.9,165.9,Normal,112.17,99.0,95.0,104.0,0,0,0,0
C13-R5_jpg.rf.c83368c399ed973e91132ef2e67196ba.png,9,521.2,151.3,Normal,39.95,36.0,30.0,45.0,0,0,0,8
C13-R5_jpg.rf.c83368c399ed973e91132ef2e67196ba.png,10,550.0,176.0,Normal,131.42,126.0,120.0,130.0,0,0,0,0
C13-R5_jpg.rf.c83368c399ed973e91132ef2e67196ba.png,11,129.2,220.2,Normal,87.92,82.0,77.0,93.0,0,0,0,3
C13-R5_jpg.rf.c83368c399ed973e91132ef2e67196ba.png,12,212.6,254.3,Normal,108.71,98.0,96.0,103.0,0,0,0,1
C13-R5_jpg.rf.c83368c399ed973e91132ef2e67196ba.png,13,242.2,202.6,Normal,86.29,85.0,79.0,92.0,1,1,0,6
C13-R5_jpg.rf.c83368c399ed973e91132ef2e67196ba.png,14,280.5,260.1,Normal,91.01,83.0,76.0,90.0,1,1,0,5
C13-R5_jpg.rf.c83368c399ed973e91132ef2e67196ba.png,15,319.5,246.1,Normal,79.23,72.0,67.0,74.0,0,0,0,0
C13-R5_jpg.rf.c83368c399ed973e91132ef2e67196ba.png,16,360.8,267.0,Normal,95.67,86.0,79.0,93.0,0,3,0,5
C13-R5_jpg.rf.c83368c399ed973e91132ef2e67196ba.png,17,383.2,215.4,Normal,57.56,54.0,47.0,60.0,0,0,0,1
C13-R5_jpg.rf.c83368c399ed973e91132ef2e67196ba.png,18,431.2,240.9,Normal,41.83,37.0,27.0,45.0,0,0,0,3
C13-R5_jpg.rf.c83368c399ed973e91132ef2e67196ba.png,19,474.3,206.5,Normal,234.66,216.0,200.0,228.0,0,0,0,7
C13-R5_jpg.rf.c83368c399ed973e91132ef2e67196ba.png,20,501.0,244.0,Sem Raiz,24.39,26.0,23.0,29.0,2,4,0,3
C13-R5_jpg.rf.c83368c399ed973e91132ef2e67196ba.png,21,517.8,270.4,Sem Hipocótilo,40.84,37.0,35.0,38.0,0,0,0,0
C13-R5_jpg.rf.c83368c399ed973e91132ef2e67196ba.png,22,572.6,229.2,Normal,109.56,103.0,96.0,110.0,0,0,0,3
C13-R5_jpg.rf.c83368c399ed973e91132ef2e67196ba.png,23,151.5,321.0,Normal,76.73,74.0,66.0,78.0,0,0,0,0
C13-R5_jpg.rf.c83368c399ed973e91132ef2e67196ba.png,24,182.2,293.8,Normal,33.75,31.0,25.0,36.0,0,0,0,2
C13-R5_jpg.rf.c83368c399ed973e91132ef2e67196ba.png,25,235.0,353.8,Sem Raiz,35.17,33.0,30.0,48.0,0,0,0,9
C13-R5_jpg.rf.c83368c399ed973e91132ef2e67196ba.png,26,243.8,311.5,Normal,63.86,59.0,48.0,61.0,0,0,0,0
C13-R5_jpg.rf.c83368c399ed973e91132ef2e67196ba.png,27,268.1,333.8,Normal,49.75,47.0,42.0,51.0,0,0,0,1
C13-R5_jpg.rf.c83368c399ed973e91132ef2e67196ba.png,28,316.2,321.1,Normal,93.81,88.0,85.0,95.0,0,0,0,5
C13-R5_jpg.rf.c83368c399ed973e91132ef2e67196ba.png,29,360.3,320.1,Sem Raiz,13.9,14.0,9.0,18.0,0,0,0,2
C13-R5_jpg.rf.c83368c399ed973e91132ef2e67196ba.png,30,399.1,340.7,Normal,105.21,105.0,96.0,109.0,0,3,0,5
C13-R5_jpg.rf.c83368c399ed973e91132ef2e67196ba.png,31,464.3,296.1,Normal,66.94,61.0,60.0,67.0,0,0,0,4
C13-R5_jpg.rf.c83368c399ed973e91132ef2e67196ba.png,32,501.0,340.4,Normal,101.36,96.0,93.0,106.0,0,0,0,9
C13-R5_jpg.rf.c83368c399ed973e91132ef2e67196ba.png,33,551.4,327.4,Normal,74.68,101.0,86.0,103.0,2,7,0,4
C13-R5_jpg.rf.c83368c399ed973e91132ef2e67196ba.png,34,139.4,408.3,Normal,93.34,84.0,77.0,86.0,0,0,0,0
C13-R5_jpg.rf.c83368c399ed973e91132ef2e67196ba.png,35,171.1,374.0,Normal,137.43,126.0,122.0,132.0,0,0,0,2
C13-R5_jpg.rf.c83368c399ed973e91132ef2e67196ba.png,36,223.3,399.2,Sem Hipocótilo,31.26,29.0,27.0,31.0,0,0,0,1
C13-R5_jpg.rf.c83368c399ed973e91132ef2e67196ba.png,37,268.9,392.2,Sem Raiz,15.87,23.0,18.0,27.0,4,4,0,2
C13-R5_jpg.rf.c83368c399ed973e91132ef2e67196ba.png,38,270.2,423.5,Sem Hipocótilo,12.96,13.0,12.0,15.0,0,0,0,1
C13-R5_jpg.rf.c83368c399ed973e91132ef2e67196ba.png,39,339.2,416.9,Normal,118.25,108.0,100.0,118.0,0,0,0,8
C13-R5_jpg.rf.c83368c399ed973e91132ef2e67196ba.png,40,362.4,369.8,Sem Hipocótilo,45.35,44.0,42.0,44.0,0,0,0,0
C13-R5_jpg.rf.c83368c399ed973e91132ef2e67196ba.png,41,366.5,420.8,Normal,40.24,39.0,38.0,49.0,3,3,3,4
C13-R5_jpg.rf.c83368c399ed973e91132ef2e67196ba.png,42,404.6,396.0,Normal,95.07,92.0,86.0,99.0,0,0,0,2
C13-R5_jpg.rf.c83368c399ed973e91132ef2e67196ba.png,43,480.1,377.3,Normal,67.44,58.0,51.0,62.0,0,0,0,2
C13-R5_jpg.rf.c83368c399ed973e91132ef2e67196ba.png,44,565.2,437.0,Sem Raiz,49.33,44.0,38.0,46.0,0,0,0,0
C13-R5_jpg.rf.c83368c399ed973e91132ef2e67196ba.png,45,570.0,375.0,Normal,68.33,61.0,54.0,69.0,0,0,0,7
C13-R5_jpg.rf.c83368c399ed973e91132ef2e67196ba.png,46,136.4,485.4,Normal,64.23,58.0,53.0,65.0,0,0,0,5
C13-R5_jpg.rf.c83368c399ed973e91132ef2e67196ba.png,47,181.1,450.6,Normal,116.3,109.0,107.0,123.0,0,0,0,4
C13-R5_jpg.rf.c83368c399ed973e91132ef2e67196ba.png,48,221.8,498.7,Normal,94.34,98.0,91.0,106.0,3,10,4,12
C13-R5_jpg.rf.c83368c399ed973e91132ef2e67196ba.png,49,316.8,468.2,Normal,135.14,129.0,123.0,134.0,0,0,0,0
C13-R5_jpg.rf.c83368c399ed973e91132ef2e67196ba.png,50,416.2,510.0,Normal,126.47,122.0,113.0,130.0,0,0,0,6
C13-R5_jpg.rf.c83368c399ed973e91132ef2e67196ba.png,51,438.6,467.7,Normal,141.06,136.0,129.0,141.0,0,0,0,2
C13-R5_jpg.rf.c83368c399ed973e91132ef2e67196ba.png,52,495.6,454.2,Normal,141.91,136.0,131.0,141.0,0,1,0,2
C13-R5_jpg.rf.c83368c399ed973e91132ef2e67196ba.png,53,522.0,490.6,Normal,148.03,140.0,134.0,144.0,0,0,0,1
C13-R5_jpg.rf.c83368c399ed973e91132ef2e67196ba.png,54,560.2,490.5,Sem Hipocótilo,58.76,56.0,55.0,58.0,0,0,0,1
C13-R6_jpg.rf.d9ea5ef9427821131835d7c99e17b0fb.png,1,142.3,175.7,Normal,102.84,97.0,88.0,105.0,0,0,0,7
C13-R6_jpg.rf.d9ea5ef9427821131835d7c99e17b0fb.png,2,178.8,185.9,Sem Raiz,9.42,9.0,5.0,13.0,0,0,0,3
C13-R6_jpg.rf.d9ea5ef9427821131835d7c99e17b0fb.png,3,192.3,127.7,Normal,71.3,65.0,59.0,76.0,0,3,0,9
C13-R6_jpg.rf.d9ea5ef9427821131835d7c99e17b0fb.png,4,229.5,179.3,Normal,141.26,133.0,125.0,136.0,0,3,0,2
C13-R6_jpg.rf.d9ea5ef9427821131835d7c99e17b0fb.png,5,273.5,163.6,Normal,94.51,88.0,84.0,94.0,0,0,0,4
C13-R6_jpg.rf.d9ea5ef9427821131835d7c99e17b0fb.png,6,365.1,189.3,Normal,151.62,142.0,133.0,146.0,0,0,0,3
C13-R6_jpg.rf.d9ea5ef9427821131835d7c99e17b0fb.png,7,421.2,148.0,Normal,55.93,53.0,44.0,51.0,2,4,0,0
C13-R6_jpg.rf.d9ea5ef9427821131835d7c99e17b0fb.png,8,468.9,135.2,Normal,58.15,52.0,45.0,58.0,0,0,0,1
C13-R6_jpg.rf.d9ea5ef9427821131835d7c99e17b0fb.png,9,498.7,182.0,Sem Raiz,30.03,29.0,24.0,32.0,0,3,0,1
C13-R6_jpg.rf.d9ea5ef9427821131835d7c99e17b0fb.png,10,569.2,175.3,Normal,109.82,104.0,96.0,109.0,0,0,0,3
C13-R6_jpg.rf.d9ea5ef9427821131835d7c99e17b0fb.png,11,171.3,248.7,Sem Hipocótilo,95.17,93.0,93.0,93.0,0,0,0,0
C13-R6_jpg.rf.d9ea5ef9427821131835d7c99e17b0fb.png,12,258.0,263.7,Normal,98.22,93.0,89.0,101.0,0,0,0,2
C13-R6_jpg.rf.d9ea5ef9427821131835d7c99e17b0fb.png,13,311.1,226.0,Normal,80.26,73.0,64.0,76.0,0,0,0,1
C13-R6_jpg.rf.d9ea5ef9427821131835d7c99e17b0fb.png,14,334.0,202.7,Normal,127.09,120.0,116.0,126.0,0,0,0,6
C13-R6_jpg.rf.d9ea5ef9427821131835d7c99e17b0fb.png,15,387.3,228.1,Normal,81.96,91.0,86.0,95.0,3,4,1,2
C13-R6_jpg.rf.d9ea5ef9427821131835d7c99e17b0fb.png,16,469.7,244.2,Normal,162.82,162.0,154.0,169.0,0,8,4,5
C13-R6_jpg.rf.d9ea5ef9427821131835d7c99e17b0fb.png,17,507.8,212.1,Sem Hipocótilo,37.78,35.0,33.0,35.0,0,0,0,0
C13-R6_jpg.rf.d9ea5ef9427821131835d7c99e17b0fb.png,18,550.7,241.4,Normal,135.13,123.0,119.0,131.0,0,0,0,5
C13-R6_jpg.rf.d9ea5ef9427821131835d7c99e17b0fb.png,19,126.2,296.2,Normal,132.77,118.0,110.0,127.0,0,0,0,6
C13-R6_jpg.rf.d9ea5ef9427821131835d7c99e17b0fb.png,20,138.2,344.0,Sem Raiz,4.9,5.0,3.0,14.0,0,0,0,1
C13-R6_jpg.rf.d9ea5ef9427821131835d7c99e17b0fb.png,21,186.5,316.8,Normal,137.36,127.0,124.0,138.0,0,0,0,8
C13-R6_jpg.rf.d9ea5ef9427821131835d7c99e17b0fb.png,22,221.0,320.2,Normal,93.72,87.0,82.0,96.0,0,0,0,5
C13-R6_jpg.rf.d9ea5ef9427821131835d7c99e17b0fb.png,23,288.5,296.3,Normal,52.2,49.0,45.0,54.0,0,0,0,2
C13-R6_jpg.rf.d9ea5ef9427821131835d7c99e17b0fb.png,24,289.0,349.4,Sem Raiz,22.85,21.0,19.0,22.0,0,0,0,0
C13-R6_jpg.rf.d9ea5ef9427821131835d7c99e17b0fb.png,25,325.1,346.5,Normal,109.27,113.0,107.0,119.0,3,4,1,5
C13-R6_jpg.rf.d9ea5ef9427821131835d7c99e17b0fb.png,26,353.8,314.4,Normal,108.38,101.0,91.0,111.0,0,0,0,7
C13-R6_jpg.rf.d9ea5ef9427821131835d7c99e17b0fb.png,27,382.8,351.6,Sem Raiz,25.15,29.0,27.0,35.0,0,1,0,4
C13-R6_jpg.rf.d9ea5ef9427821131835d7c99e17b0fb.png,28,415.1,322.5,Normal,90.57,82.0,77.0,88.0,0,0,0,1
C13-R6_jpg.rf.d9ea5ef9427821131835d7c99e17b0fb.png,29,432.5,287.4,Normal,111.55,106.0,97.0,109.0,0,0,0,2
C13-R6_jpg.rf.d9ea5ef9427821131835d7c99e17b0fb.png,30,454.2,342.2,Sem Raiz,31.61,29.0,26.0,33.0,0,0,0,0
C13-R6_jpg.rf.d9ea5ef9427821131835d7c99e17b0fb.png,31,513.7,319.5,Normal,231.83,214.0,202.0,224.0,0,0,0,7
C13-R6_jpg.rf.d9ea5ef9427821131835d7c99e17b0fb.png,32,137.3,406.3,Normal,111.68,105.0,94.0,110.0,0,0,0,3
C13-R6_jpg.rf.d9ea5ef9427821131835d7c99e17b0fb.png,33,246.2,367.9,Normal,129.87,122.0,113.0,125.0,3,4,0,3
C13-R6_jpg.rf.d9ea5ef9427821131835d7c99e17b0fb.png,34,279.5,412.4,Normal,105.32,99.0,88.0,100.0,0,0,0,0
C13-R6_jpg.rf.d9ea5ef9427821131835d7c99e17b0fb.png,35,319.2,413.3,Sem Hipocótilo,38.66,37.0,37.0,37.0,0,0,0,0
C13-R6_jpg.rf.d9ea5ef9427821131835d7c99e17b0fb.png,36,369.8,408.1,Sem Hipocótilo,83.25,76.0,74.0,78.0,0,0,0,1
C13-R6_jpg.rf.d9ea5ef9427821131835d7c99e17b0fb.png,37,475.1,419.2,Normal,44.98,42.0,37.0,47.0,0,0,0,0
C13-R6_jpg.rf.d9ea5ef9427821131835d7c99e17b0fb.png,38,501.0,375.1,Normal,105.41,99.0,94.0,106.0,0,0,0,4
C13-R6_jpg.rf.d9ea5ef9427821131835d7c99e17b0fb.png,39,546.6,381.8,Normal,122.27,116.0,106.0,120.0,0,0,0,3
C13-R6_jpg.rf.d9ea5ef9427821131835d7c99e17b0fb.png,40,567.2,435.4,Normal,119.83,112.0,106.0,116.0,0,0,0,2
C13-R6_jpg.rf.d9ea5ef9427821131835d7c99e17b0fb.png,41,125.7,494.1,Normal,129.62,117.0,114.0,121.0,0,0,0,1
C13-R6_jpg.rf.d9ea5ef9427821131835d7c99e17b0fb.png,42,174.7,501.8,Normal,129.75,127.0,121.0,133.0,0,4,1,5
C13-R6_jpg.rf.d9ea5ef9427821131835d7c99e17b0fb.png,43,213.7,486.6,Normal,142.77,133.0,130.0,144.0,0,0,0,12
C13-R6_jpg.rf.d9ea5ef9427821131835d7c99e17b0fb.png,44,250.9,507.8,Normal,86.5,77.0,74.0,83.0,0,0,0,4
C13-R6_jpg.rf.d9ea5ef9427821131835d7c99e17b0fb.png,45,296.0,497.6,Sem Hipocótilo,72.97,69.0,69.0,70.0,0,0,0,0
C13-R6_jpg.rf.d9ea5ef9427821131835d7c99e17b0fb.png,46,301.9,440.4,Sem Raiz,20.38,19.0,19.0,19.0,0,0,0,0
C13-R6_jpg.rf.d9ea5ef9427821131835d7c99e17b0fb.png,47,320.6,509.8,Normal,94.45,90.0,85.0,93.0,0,0,0,0
C13-R6_jpg.rf.d9ea5ef9427821131835d7c99e17b0fb.png,48,357.5,508.2,Normal,76.7,72.0,66.0,77.0,0,0,0,1
C13-R6_jpg.rf.d9ea5ef9427821131835d7c99e17b0fb.png,49,401.2,464.2,Normal,100.0,100.0,92.0,105.0,6,6,0,2
C13-R6_jpg.rf.d9ea5ef9427821131835d7c99e17b0fb.png,50,426.8,466.0,Normal,177.84,178.0,171.0,188.0,0,11,3,13
C13-R6_jpg.rf.d9ea5ef9427821131835d7c99e17b0fb.png,51,452.0,492.0,Normal,60.99,76.0,74.0,85.0,5,12,12,12
C13-R6_jpg.rf.d9ea5ef9427821131835d7c99e17b0fb.png,52,512.3,493.4,Normal,132.47,126.0,121.0,129.0,0,3,1,4
C13-R6_jpg.rf.d9ea5ef9427821131835d7c99e17b0fb.png,53,543.9,498.0,Normal,50.51,64.0,60.0,70.0,4,10,7,12
C13-R7_jpg.rf.e0a2104c4554eb207e7d8951378b5cea.png,1,462.6,114.0,Normal,72.68,67.0,61.0,73.0,0,0,0,6
C13-R7_jpg.rf.e0a2104c4554eb207e7d8951378b5cea.png,2,137.7,138.8,Normal,85.07,87.0,85.0,93.0,0,8,2,2
C13-R7_jpg.rf.e0a2104c4554eb207e7d8951378b5cea.png,3,177.6,165.2,Normal,127.83,119.0,112.0,127.0,0,0,0,4
C13-R7_jpg.rf.e0a2104c4554eb207e7d8951378b5cea.png,4,211.9,173.8,Normal,94.64,86.0,83.0,92.0,0,0,0,4
C13-R7_jpg.rf.e0a2104c4554eb207e7d8951378b5cea.png,5,236.3,183.6,Sem Raiz,33.63,31.0,27.0,34.0,0,0,0,2
C13-R7_jpg.rf.e0a2104c4554eb207e7d8951378b5cea.png,6,262.6,163.3,Normal,91.1,91.0,85.0,101.0,0,1,0,8
C13-R7_jpg.rf.e0a2104c4554eb207e7d8951378b5cea.png,7,304.4,168.3,Normal,136.01,117.0,115.0,127.0,0,0,0,4
C13-R7_jpg.rf.e0a2104c4554eb207e7d8951378b5cea.png,8,389.9,121.5,Normal,67.24,64.0,59.0,71.0,0,0,0,2
C13-R7_jpg.rf.e0a2104c4554eb207e7d8951378b5cea.png,9,409.7,195.8,Normal,123.38,117.0,114.0,125.0,0,1,0,5
C13-R7_jpg.rf.e0a2104c4554eb207e7d8951378b5cea.png,10,516.8,158.5,Normal,28.88,41.0,30.0,47.0,3,11,1,4
C13-R7_jpg.rf.e0a2104c4554eb207e7d8951378b5cea.png,11,553.4,153.7,Normal,67.58,64.0,52.0,66.0,0,0,0,0
C13-R7_jpg.rf.e0a2104c4554eb207e7d8951378b5cea.png,12,138.4,266.6,Normal,123.82,113.0,109.0,122.0,0,8,2,6
C13-R7_jpg.rf.e0a2104c4554eb207e7d8951378b5cea.png,13,204.9,268.3,Normal,98.34,90.0,89.0,97.0,0,0,0,2
C13-R7_jpg.rf.e0a2104c4554eb207e7d8951378b5cea.png,14,243.1,268.7,Normal,132.56,125.0,119.0,133.0,0,4,0,8
C13-R7_jpg.rf.e0a2104c4554eb207e7d8951378b5cea.png,15,267.9,216.8,Normal,87.02,82.0,80.0,90.0,0,0,0,6
C13-R7_jpg.rf.e0a2104c4554eb207e7d8951378b5cea.png,16,339.0,211.0,Normal,143.78,136.0,132.0,143.0,0,0,0,6
C13-R7_jpg.rf.e0a2104c4554eb207e7d8951378b5cea.png,17,359.3,244.4,Normal,133.54,127.0,125.0,135.0,0,0,0,6
C13-R7_jpg.rf.e0a2104c4554eb207e7d8951378b5cea.png,18,418.0,271.3,Sem Hipocótilo,24.25,21.0,20.0,22.0,0,0,0,0
C13-R7_jpg.rf.e0a2104c4554eb207e7d8951378b5cea.png,19,451.7,261.0,Normal,139.3,129.0,125.0,138.0,0,0,0,3
C13-R7_jpg.rf.e0a2104c4554eb207e7d8951378b5cea.png,20,472.4,219.9,Normal,132.19,120.0,115.0,125.0,0,0,0,3
C13-R7_jpg.rf.e0a2104c4554eb207e7d8951378b5cea.png,21,500.3,274.9,Normal,133.73,127.0,120.0,133.0,0,0,0,7
C13-R7_jpg.rf.e0a2104c4554eb207e7d8951378b5cea.png,22,555.5,262.0,Sem Hipocótilo,59.48,55.0,54.0,56.0,0,0,0,1
C13-R7_jpg.rf.e0a2104c4554eb207e7d8951378b5cea.png,23,564.7,206.6,Sem Raiz,24.86,24.0,25.0,31.0,0,0,0,3
C13-R7_jpg.rf.e0a2104c4554eb207e7d8951378b5cea.png,24,179.7,346.6,Normal,119.52,113.0,103.0,116.0,0,0,0,0
C13-R7_jpg.rf.e0a2104c4554eb207e7d8951378b5cea.png,25,278.9,313.7,Normal,114.64,103.0,100.0,108.0,0,0,0,2
C13-R7_jpg.rf.e0a2104c4554eb207e7d8951378b5cea.png,26,298.9,283.4,Normal,81.6,83.0,74.0,88.0,4,5,0,5
C13-R7_jpg.rf.e0a2104c4554eb207e7d8951378b5cea.png,27,334.0,337.6,Normal,136.2,134.0,123.0,136.0,0,4,0,7
C13-R7_jpg.rf.e0a2104c4554eb207e7d8951378b5cea.png,28,375.8,314.6,Normal,100.96,97.0,96.0,100.0,0,0,0,1
C13-R7_jpg.rf.e0a2104c4554eb207e7d8951378b5cea.png,29,397.3,357.5,Normal,66.23,67.0,62.0,72.0,0,7,2,3
C13-R7_jpg.rf.e0a2104c4554eb207e7d8951378b5cea.png,30,415.6,344.0,Normal,70.49,66.0,66.0,78.0,0,6,6,12
C13-R7_jpg.rf.e0a2104c4554eb207e7d8951378b5cea.png,31,478.1,358.0,Normal,125.97,116.0,108.0,121.0,0,0,0,4
C13-R7_jpg.rf.e0a2104c4554eb207e7d8951378b5cea.png,32,528.7,328.7,Normal,125.04,121.0,116.0,127.0,0,1,0,4
C13-R7_jpg.rf.e0a2104c4554eb207e7d8951378b5cea.png,33,544.0,345.8,Sem Raiz,29.71,27.0,27.0,33.0,0,0,0,0
C13-R7_jpg.rf.e0a2104c4554eb207e7d8951378b5cea.png,34,565.9,317.2,Normal,77.15,72.0,68.0,79.0,0,1,0,7
C13-R7_jpg.rf.e0a2104c4554eb207e7d8951378b5cea.png,35,149.0,389.6,Normal,93.31,78.0,72.0,83.0,0,0,0,1
C13-R7_jpg.rf.e0a2104c4554eb207e7d8951378b5cea.png,36,227.9,364.3,Normal,97.69,93.0,85.0,97.0,0,4,0,1
C13-R7_jpg.rf.e0a2104c4554eb207e7d8951378b5cea.png,37,425.3,411.1,Normal,84.69,82.0,75.0,90.0,0,0,0,5
C13-R7_jpg.rf.e0a2104c4554eb207e7d8951378b5cea.png,38,554.2,395.2,Sem Hipocótilo,58.28,56.0,55.0,59.0,0,0,0,1
C13-R7_jpg.rf.e0a2104c4554eb207e7d8951378b5cea.png,39,157.8,512.5,Normal,135.44,133.0,127.0,142.0,0,3,0,9
C13-R7_jpg.rf.e0a2104c4554eb207e7d8951378b5cea.png,40,204.6,469.9,Normal,141.74,130.0,124.0,131.0,0,0,0,1
C13-R7_jpg.rf.e0a2104c4554eb207e7d8951378b5cea.png,41,242.7,478.8,Normal,70.57,66.0,57.0,73.0,0,0,0,1
C13-R7_jpg.rf.e0a2104c4554eb207e7d8951378b5cea.png,42,266.7,476.4,Normal,94.84,88.0,79.0,91.0,0,0,0,1
C13-R7_jpg.rf.e0a2104c4554eb207e7d8951378b5cea.png,43,311.0,448.7,Normal,204.67,222.0,205.0,228.0,0,24,10,19
C13-R7_jpg.rf.e0a2104c4554eb207e7d8951378b5cea.png,44,355.6,452.9,Normal,193.42,175.0,167.0,180.0,0,0,0,2
C13-R7_jpg.rf.e0a2104c4554eb207e7d8951378b5cea.png,45,404.4,461.4,Normal,61.52,54.0,45.0,63.0,0,0,0,3
C13-R7_jpg.rf.e0a2104c4554eb207e7d8951378b5cea.png,46,453.2,463.5,Normal,94.08,108.0,101.0,120.0,3,9,6,11
C13-R7_jpg.rf.e0a2104c4554eb207e7d8951378b5cea.png,47,484.0,455.3,Normal,142.59,128.0,129.0,134.0,0,0,0,0
C13-R7_jpg.rf.e0a2104c4554eb207e7d8951378b5cea.png,48,506.1,477.9,Normal,85.79,76.0,75.0,81.0,0,0,0,3
C13-R7_jpg.rf.e0a2104c4554eb207e7d8951378b5cea.png,49,534.9,461.1,Normal,145.8,138.0,131.0,143.0,0,0,0,5
C13-R7_jpg.rf.e0a2104c4554eb207e7d8951378b5cea.png,50,280.1,520.3,Sem Hipocótilo,27.37,31.0,30.0,35.0,0,1,0,3
C13-R8_jpg.rf.b23ed21616f5fc4b5c77a68b988d3b60.png,1,116.0,181.0,Normal,149.04,141.0,136.0,146.0,0,0,0,2
C13-R8_jpg.rf.b23ed21616f5fc4b5c77a68b988d3b60.png,2,143.6,151.1,Sem Raiz,19.98,18.0,13.0,20.0,0,0,0,0
C13-R8_jpg.rf.b23ed21616f5fc4b5c77a68b988d3b60.png,3,193.2,146.8,Normal,120.76,116.0,110.0,125.0,0,4,0,2
C13-R8_jpg.rf.b23ed21616f5fc4b5c77a68b988d3b60.png,4,213.9,151.4,Normal,84.45,75.0,73.0,79.0,0,0,0,1
C13-R8_jpg.rf.b23ed21616f5fc4b5c77a68b988d3b60.png,5,267.6,170.5,Normal,118.55,110.0,104.0,116.0,0,0,0,1
C13-R8_jpg.rf.b23ed21616f5fc4b5c77a68b988d3b60.png,6,321.7,156.9,Normal,123.88,108.0,104.0,119.0,0,0,0,7
C13-R8_jpg.rf.b23ed21616f5fc4b5c77a68b988d3b60.png,7,373.2,132.9,Normal,103.94,91.0,90.0,100.0,0,0,0,6
C13-R8_jpg.rf.b23ed21616f5fc4b5c77a68b988d3b60.png,8,410.3,127.8,Normal,94.89,88.0,85.0,94.0,0,0,0,1
C13-R8_jpg.rf.b23ed21616f5fc4b5c77a68b988d3b60.png,9,469.9,143.3,Normal,86.17,81.0,75.0,86.0,0,0,0,2
C13-R8_jpg.rf.b23ed21616f5fc4b5c77a68b988d3b60.png,10,502.8,172.8,Sem Hipocótilo,58.18,56.0,56.0,56.0,0,0,0,0
C13-R8_jpg.rf.b23ed21616f5fc4b5c77a68b988d3b60.png,11,514.0,143.6,Sem Raiz,30.97,28.0,25.0,30.0,0,0,0,3
C13-R8_jpg.rf.b23ed21616f5fc4b5c77a68b988d3b60.png,12,547.9,140.0,Normal,105.55,98.0,94.0,103.0,0,0,0,4
C13-R8_jpg.rf.b23ed21616f5fc4b5c77a68b988d3b60.png,13,166.2,200.2,Normal,137.11,130.0,123.0,134.0,0,1,0,2
C13-R8_jpg.rf.b23ed21616f5fc4b5c77a68b988d3b60.png,14,183.8,277.4,Sem Hipocótilo,23.93,24.0,22.0,24.0,0,0,0,0
C13-R8_jpg.rf.b23ed21616f5fc4b5c77a68b988d3b60.png,15,185.0,236.6,Sem Raiz,45.29,49.0,47.0,53.0,0,15,9,11
C13-R8_jpg.rf.b23ed21616f5fc4b5c77a68b988d3b60.png,16,240.3,254.5,Normal,106.81,96.0,88.0,102.0,0,0,0,1
C13-R8_jpg.rf.b23ed21616f5fc4b5c77a68b988d3b60.png,17,277.4,240.7,Sem Raiz,26.44,28.0,26.0,29.0,3,5,3,1
C13-R8_jpg.rf.b23ed21616f5fc4b5c77a68b988d3b60.png,18,289.7,275.7,Sem Raiz,12.87,12.0,10.0,16.0,0,0,0,3
C13-R8_jpg.rf.b23ed21616f5fc4b5c77a68b988d3b60.png,19,306.4,235.3,Normal,41.98,40.0,39.0,46.0,0,0,0,4
C13-R8_jpg.rf.b23ed21616f5fc4b5c77a68b988d3b60.png,20,363.9,229.8,Sem Hipocótilo,68.15,65.0,63.0,65.0,0,0,0,0
C13-R8_jpg.rf.b23ed21616f5fc4b5c77a68b988d3b60.png,21,383.6,210.8,Sem Raiz,2.41,3.0,1.0,2.0,0,0,0,0
C13-R8_jpg.rf.b23ed21616f5fc4b5c77a68b988d3b60.png,22,421.3,241.6,Normal,90.32,90.0,78.0,94.0,0,6,0,4
C13-R8_jpg.rf.b23ed21616f5fc4b5c77a68b988d3b60.png,23,453.5,200.4,Normal,54.42,71.0,58.0,77.0,4,15,3,11
C13-R8_jpg.rf.b23ed21616f5fc4b5c77a68b988d3b60.png,24,508.0,272.1,Normal,66.39,63.0,59.0,70.0,0,0,0,4
C13-R8_jpg.rf.b23ed21616f5fc4b5c77a68b988d3b60.png,25,569.0,223.0,Normal,124.59,121.0,114.0,125.0,0,1,0,2
C13-R8_jpg.rf.b23ed21616f5fc4b5c77a68b988d3b60.png,26,140.9,282.6,Normal,142.5,137.0,118.0,152.0,4,14,4,14
C13-R8_jpg.rf.b23ed21616f5fc4b5c77a68b988d3b60.png,27,178.3,314.8,Normal,55.32,49.0,45.0,57.0,0,0,0,4
C13-R8_jpg.rf.b23ed21616f5fc4b5c77a68b988d3b60.png,28,215.6,330.6,Normal,107.81,100.0,94.0,102.0,0,0,0,1
C13-R8_jpg.rf.b23ed21616f5fc4b5c77a68b988d3b60.png,29,286.4,320.8,Normal,68.09,62.0,59.0,68.0,0,0,0,5
C13-R8_jpg.rf.b23ed21616f5fc4b5c77a68b988d3b60.png,30,317.5,335.9,Normal,64.93,61.0,57.0,63.0,0,0,0,3
C13-R8_jpg.rf.b23ed21616f5fc4b5c77a68b988d3b60.png,31,347.3,335.0,Normal,96.78,92.0,90.0,98.0,0,7,3,5
C13-R8_jpg.rf.b23ed21616f5fc4b5c77a68b988d3b60.png,32,376.3,327.5,Normal,124.6,116.0,115.0,128.0,0,5,2,9
C13-R8_jpg.rf.b23ed21616f5fc4b5c77a68b988d3b60.png,33,405.1,345.4,Normal,142.81,136.0,133.0,147.0,0,8,2,11
C13-R8_jpg.rf.b23ed21616f5fc4b5c77a68b988d3b60.png,34,470.4,302.3,Normal,123.56,114.0,110.0,122.0,0,0,0,5
C13-R8_jpg.rf.b23ed21616f5fc4b5c77a68b988d3b60.png,35,523.1,301.9,Normal,117.98,110.0,102.0,112.0,0,0,0,3
C13-R8_jpg.rf.b23ed21616f5fc4b5c77a68b988d3b60.png,36,124.1,386.9,Sem Raiz,41.9,37.0,33.0,40.0,0,0,0,4
C13-R8_jpg.rf.b23ed21616f5fc4b5c77a68b988d3b60.png,37,138.1,389.8,Sem Hipocótilo,36.88,36.0,35.0,37.0,0,0,0,0
C13-R8_jpg.rf.b23ed21616f5fc4b5c77a68b988d3b60.png,38,180.5,433.8,Normal,162.3,153.0,150.0,162.0,0,0,0,8
C13-R8_jpg.rf.b23ed21616f5fc4b5c77a68b988d3b60.png,39,237.4,360.2,Sem Raiz,19.4,31.0,32.0,35.0,5,6,6,7
C13-R8_jpg.rf.b23ed21616f5fc4b5c77a68b988d3b60.png,40,259.4,405.3,Normal,155.48,150.0,144.0,161.0,5,5,1,8
C13-R8_jpg.rf.b23ed21616f5fc4b5c77a68b988d3b60.png,41,306.3,414.8,Normal,76.34,69.0,63.0,74.0,0,0,0,3
C13-R8_jpg.rf.b23ed21616f5fc4b5c77a68b988d3b60.png,42,425.4,379.5,Normal,101.3,95.0,93.0,97.0,0,0,0,0
C13-R8_jpg.rf.b23ed21616f5fc4b5c77a68b988d3b60.png,43,496.0,421.4,Normal,130.08,122.0,116.0,128.0,0,0,0,6
C13-R8_jpg.rf.b23ed21616f5fc4b5c77a68b988d3b60.png,44,571.8,420.1,Normal,119.46,108.0,103.0,115.0,0,0,0,3
C13-R8_jpg.rf.b23ed21616f5fc4b5c77a68b988d3b60.png,45,139.4,502.3,Normal,103.25,96.0,89.0,100.0,0,0,0,3
C13-R8_jpg.rf.b23ed21616f5fc4b5c77a68b988d3b60.png,46,217.1,453.2,Normal,67.83,61.0,59.0,67.0,0,0,0,0
C13-R8_jpg.rf.b23ed21616f5fc4b5c77a68b988d3b60.png,47,278.0,474.9,Normal,112.47,105.0,106.0,112.0,0,0,0,1
C13-R8_jpg.rf.b23ed21616f5fc4b5c77a68b988d3b60.png,48,323.1,453.1,Normal,52.28,53.0,44.0,57.0,0,1,0,2
C13-R8_jpg.rf.b23ed21616f5fc4b5c77a68b988d3b60.png,49,359.5,459.1,Normal,99.55,94.0,93.0,106.0,0,0,0,6
C13-R8_jpg.rf.b23ed21616f5fc4b5c77a68b988d3b60.png,50,430.8,485.1,Normal,143.83,129.0,129.0,137.0,0,0,0,2
C13-R8_jpg.rf.b23ed21616f5fc4b5c77a68b988d3b60.png,51,467.9,493.0,Sem Hipocótilo,61.23,59.0,57.0,61.0,0,0,0,1
C13-R8_jpg.rf.b23ed21616f5fc4b5c77a68b988d3b60.png,52,471.1,449.8,Sem Raiz,12.52,13.0,11.0,17.0,0,0,0,2
C13-R8_jpg.rf.b23ed21616f5fc4b5c77a68b988d3b60.png,53,525.9,452.2,Normal,150.59,136.0,130.0,141.0,0,0,0,2
C13-R8_jpg.rf.b23ed21616f5fc4b5c77a68b988d3b60.png,54,386.5,521.0,Normal,100.88,95.0,89.0,108.0,0,0,0,4
C13-R9_jpg.rf.51f2632c34035648e71b943eb54d4dd9.png,1,295.6,111.5,Normal,64.04,65.0,65.0,75.0,4,10,1,6
C13-R9_jpg.rf.51f2632c34035648e71b943eb54d4dd9.png,2,112.6,175.2,Normal,163.1,156.0,153.0,166.0,0,0,0,4
C13-R9_jpg.rf.51f2632c34035648e71b943eb54d4dd9.png,3,136.7,196.3,Sem Raiz,11.46,26.0,23.0,33.0,3,12,9,12
C13-R9_jpg.rf.51f2632c34035648e71b943eb54d4dd9.png,4,161.2,142.5,Normal,146.61,135.0,130.0,139.0,0,0,0,2
C13-R9_jpg.rf.51f2632c34035648e71b943eb54d4dd9.png,5,229.1,155.4,Normal,150.73,144.0,138.0,151.0,0,0,0,3
C13-R9_jpg.rf.51f2632c34035648e71b943eb54d4dd9.png,6,266.1,130.4,Sem Hipocótilo,42.4,38.0,36.0,39.0,0,0,0,1
C13-R9_jpg.rf.51f2632c34035648e71b943eb54d4dd9.png,7,279.3,166.0,Sem Raiz,33.18,30.0,28.0,32.0,0,0,0,1
C13-R9_jpg.rf.51f2632c34035648e71b943eb54d4dd9.png,8,318.4,192.2,Normal,51.15,48.0,47.0,51.0,0,0,0,1
C13-R9_jpg.rf.51f2632c34035648e71b943eb54d4dd9.png,9,371.3,163.5,Normal,147.81,135.0,134.0,152.0,0,12,10,22
C13-R9_jpg.rf.51f2632c34035648e71b943eb54d4dd9.png,10,407.0,183.9,Normal,174.27,169.0,165.0,177.0,2,7,2,8
C13-R9_jpg.rf.51f2632c34035648e71b943eb54d4dd9.png,11,459.4,128.5,Sem Raiz,36.81,35.0,35.0,40.0,0,8,2,4
C13-R9_jpg.rf.51f2632c34035648e71b943eb54d4dd9.png,12,459.4,161.6,Sem Hipocótilo,22.75,19.0,18.0,21.0,0,0,0,0
C13-R9_jpg.rf.51f2632c34035648e71b943eb54d4dd9.png,13,505.7,173.4,Normal,95.35,90.0,84.0,95.0,0,1,0,4
C13-R9_jpg.rf.51f2632c34035648e71b943eb54d4dd9.png,14,569.4,164.1,Normal,80.75,78.0,77.0,85.0,0,0,0,3
C13-R9_jpg.rf.51f2632c34035648e71b943eb54d4dd9.png,15,140.9,249.5,Sem Hipocótilo,54.61,51.0,50.0,53.0,0,0,0,1
C13-R9_jpg.rf.51f2632c34035648e71b943eb54d4dd9.png,16,165.0,263.1,Normal,114.02,105.0,102.0,107.0,0,0,0,0
C13-R9_jpg.rf.51f2632c34035648e71b943eb54d4dd9.png,17,211.4,227.6,Normal,92.68,87.0,77.0,93.0,0,0,0,4
C13-R9_jpg.rf.51f2632c34035648e71b943eb54d4dd9.png,18,272.0,216.1,Sem Hipocótilo,61.06,57.0,55.0,57.0,0,0,0,0
C13-R9_jpg.rf.51f2632c34035648e71b943eb54d4dd9.png,19,431.3,234.8,Normal,72.79,70.0,61.0,78.0,0,0,0,2
C13-R9_jpg.rf.51f2632c34035648e71b943eb54d4dd9.png,20,462.6,204.1,Normal,69.61,60.0,52.0,69.0,3,3,0,6
C13-R9_jpg.rf.51f2632c34035648e71b943eb54d4dd9.png,21,489.3,266.3,Normal,109.66,98.0,94.0,103.0,0,0,0,3
C13-R9_jpg.rf.51f2632c34035648e71b943eb54d4dd9.png,22,539.5,210.2,Normal,95.89,88.0,86.0,93.0,0,0,0,2
C13-R9_jpg.rf.51f2632c34035648e71b943eb54d4dd9.png,23,120.7,340.7,Normal,119.64,113.0,107.0,116.0,0,1,0,2
C13-R9_jpg.rf.51f2632c34035648e71b943eb54d4dd9.png,24,187.9,296.7,Sem Hipocótilo,17.2,15.0,13.0,21.0,0,0,0,5
C13-R9_jpg.rf.51f2632c34035648e71b943eb54d4dd9.png,25,237.7,318.5,Normal,91.69,89.0,83.0,93.0,0,0,0,1
C13-R9_jpg.rf.51f2632c34035648e71b943eb54d4dd9.png,26,262.1,328.1,Normal,121.05,112.0,106.0,117.0,0,0,0,2
C13-R9_jpg.rf.51f2632c34035648e71b943eb54d4dd9.png,27,292.9,312.5,Normal,83.51,80.0,80.0,86.0,0,0,0,3
C13-R9_jpg.rf.51f2632c34035648e71b943eb54d4dd9.png,28,328.2,290.1,Normal,138.2,130.0,130.0,135.0,0,0,0,1
C13-R9_jpg.rf.51f2632c34035648e71b943eb54d4dd9.png,29,375.8,311.2,Normal,122.58,110.0,110.0,124.0,0,4,3,8
C13-R9_jpg.rf.51f2632c34035648e71b943eb54d4dd9.png,30,404.7,322.1,Normal,74.84,66.0,63.0,72.0,0,0,0,4
C13-R9_jpg.rf.51f2632c34035648e71b943eb54d4dd9.png,31,462.8,303.9,Normal,86.63,89.0,89.0,100.0,0,3,1,6
C13-R9_jpg.rf.51f2632c34035648e71b943eb54d4dd9.png,32,522.4,309.5,Sem Raiz,41.07,37.0,32.0,45.0,0,0,0,7
C13-R9_jpg.rf.51f2632c34035648e71b943eb54d4dd9.png,33,563.5,287.1,Normal,77.92,72.0,62.0,82.0,4,5,0,4
C13-R9_jpg.rf.51f2632c34035648e71b943eb54d4dd9.png,34,181.4,373.7,Normal,99.77,91.0,87.0,93.0,0,0,0,0
C13-R9_jpg.rf.51f2632c34035648e71b943eb54d4dd9.png,35,201.4,425.5,Normal,183.44,164.0,159.0,176.0,0,0,0,10
C13-R9_jpg.rf.51f2632c34035648e71b943eb54d4dd9.png,36,313.1,415.7,Normal,94.9,89.0,81.0,97.0,0,0,0,2
C13-R9_jpg.rf.51f2632c34035648e71b943eb54d4dd9.png,37,347.0,383.5,Normal,70.34,60.0,55.0,65.0,0,0,0,1
C13-R9_jpg.rf.51f2632c34035648e71b943eb54d4dd9.png,38,516.4,408.2,Normal,133.58,126.0,125.0,130.0,0,0,0,3
C13-R9_jpg.rf.51f2632c34035648e71b943eb54d4dd9.png,39,122.6,481.6,Normal,104.68,100.0,87.0,105.0,1,1,0,2
C13-R9_jpg.rf.51f2632c34035648e71b943eb54d4dd9.png,40,162.5,444.0,Normal,143.64,140.0,133.0,143.0,0,0,0,1
C13-R9_jpg.rf.51f2632c34035648e71b943eb54d4dd9.png,41,230.2,481.6,Normal,134.63,125.0,120.0,135.0,0,0,0,9
C13-R9_jpg.rf.51f2632c34035648e71b943eb54d4dd9.png,42,274.1,453.6,Normal,230.4,215.0,200.0,220.0,1,4,0,5
C13-R9_jpg.rf.51f2632c34035648e71b943eb54d4dd9.png,43,322.2,514.3,Normal,107.67,101.0,92.0,102.0,0,0,0,0
C13-R9_jpg.rf.51f2632c34035648e71b943eb54d4dd9.png,44,376.8,454.9,Normal,163.81,204.0,201.0,216.0,3,9,7,9
C13-R9_jpg.rf.51f2632c34035648e71b943eb54d4dd9.png,45,422.6,460.8,Normal,145.4,140.0,134.0,150.0,0,8,2,6
C13-R9_jpg.rf.51f2632c34035648e71b943eb54d4dd9.png,46,442.5,452.3,Normal,100.44,94.0,89.0,98.0,0,0,0,2
C13-R9_jpg.rf.51f2632c34035648e71b943eb54d4dd9.png,47,481.5,448.0,Normal,221.43,205.0,200.0,218.0,0,0,0,4
C13-R9_jpg.rf.51f2632c34035648e71b943eb54d4dd9.png,48,537.4,463.0,Normal,164.64,155.0,146.0,162.0,0,0,0,7
C14-R10_jpg.rf.6c68cd9bce94e990ae6f39c293b0d7f8.png,1,108.3,118.4,Normal,151.33,159.0,152.0,163.0,5,5,0,3
C14-R10_jpg.rf.6c68cd9bce94e990ae6f39c293b0d7f8.png,2,545.0,75.0,Sem Raiz,11.04,11.0,9.0,13.0,0,0,0,0
C14-R10_jpg.rf.6c68cd9bce94e990ae6f39c293b0d7f8.png,3,140.3,163.7,Normal,116.59,119.0,106.0,124.0,2,8,0,12
C14-R10_jpg.rf.6c68cd9bce94e990ae6f39c293b0d7f8.png,4,172.5,136.8,Normal,186.64,175.0,172.0,183.0,0,0,0,2
C14-R10_jpg.rf.6c68cd9bce94e990ae6f39c293b0d7f8.png,5,221.4,129.1,Normal,130.94,125.0,118.0,130.0,0,0,0,2
C14-R10_jpg.rf.6c68cd9bce94e990ae6f39c293b0d7f8.png,6,266.4,142.0,Normal,154.08,147.0,143.0,152.0,0,0,0,4
C14-R10_jpg.rf.6c68cd9bce94e990ae6f39c293b0d7f8.png,7,303.4,152.0,Normal,134.4,128.0,124.0,130.0,0,0,0,1
C14-R10_jpg.rf.6c68cd9bce94e990ae6f39c293b0d7f8.png,8,335.8,182.8,Normal,101.68,88.0,88.0,93.0,0,0,0,1
C14-R10_jpg.rf.6c68cd9bce94e990ae6f39c293b0d7f8.png,9,362.5,139.7,Normal,138.7,127.0,123.0,134.0,0,0,0,5
C14-R10_jpg.rf.6c68cd9bce94e990ae6f39c293b0d7f8.png,10,391.8,145.0,Normal,188.88,179.0,178.0,185.0,0,0,0,6
C14-R10_jpg.rf.6c68cd9bce94e990ae6f39c293b0d7f8.png,11,417.8,187.2,Normal,168.01,153.0,145.0,158.0,2,4,0,1
C14-R10_jpg.rf.6c68cd9bce94e990ae6f39c293b0d7f8.png,12,441.3,132.4,Normal,116.15,105.0,100.0,109.0,0,0,0,1
C14-R10_jpg.rf.6c68cd9bce94e990ae6f39c293b0d7f8.png,13,484.8,197.1,Normal,319.29,305.0,291.0,314.0,0,0,0,2
C14-R10_jpg.rf.6c68cd9bce94e990ae6f39c293b0d7f8.png,14,525.9,166.0,Normal,170.36,161.0,156.0,165.0,0,0,0,3
C14-R10_jpg.rf.6c68cd9bce94e990ae6f39c293b0d7f8.png,15,572.1,190.7,Normal,181.67,171.0,165.0,179.0,0,0,0,4
C14-R10_jpg.rf.6c68cd9bce94e990ae6f39c293b0d7f8.png,16,98.2,243.4,Normal,51.68,49.0,47.0,56.0,0,8,1,4
C14-R10_jpg.rf.6c68cd9bce94e990ae6f39c293b0d7f8.png,17,206.3,261.3,Normal,174.61,166.0,159.0,171.0,0,0,0,0
C14-R10_jpg.rf.6c68cd9bce94e990ae6f39c293b0d7f8.png,18,373.3,273.7,Normal,146.08,127.0,123.0,134.0,0,0,0,3
C14-R10_jpg.rf.6c68cd9bce94e990ae6f39c293b0d7f8.png,19,104.7,294.7,Sem Hipocótilo,20.45,30.0,26.0,36.0,6,9,4,13
C14-R10_jpg.rf.6c68cd9bce94e990ae6f39c293b0d7f8.png,20,176.8,316.0,Normal,96.52,86.0,84.0,98.0,0,0,0,7
C14-R10_jpg.rf.6c68cd9bce94e990ae6f39c293b0d7f8.png,21,272.0,291.7,Normal,100.13,100.0,96.0,104.0,0,4,0,4
C14-R10_jpg.rf.6c68cd9bce94e990ae6f39c293b0d7f8.png,22,298.5,341.7,Normal,226.53,211.0,203.0,223.0,0,1,0,9
C14-R10_jpg.rf.6c68cd9bce94e990ae6f39c293b0d7f8.png,23,407.5,311.4,Normal,99.67,93.0,91.0,101.0,0,0,0,3
C14-R10_jpg.rf.6c68cd9bce94e990ae6f39c293b0d7f8.png,24,444.5,291.5,Normal,290.02,279.0,273.0,294.0,1,7,6,11
C14-R10_jpg.rf.6c68cd9bce94e990ae6f39c293b0d7f8.png,25,518.7,351.4,Normal,146.58,142.0,138.0,150.0,0,0,0,2
C14-R10_jpg.rf.6c68cd9bce94e990ae6f39c293b0d7f8.png,26,552.2,290.8,Normal,184.09,172.0,165.0,174.0,0,0,0,0
C14-R10_jpg.rf.6c68cd9bce94e990ae6f39c293b0d7f8.png,27,104.3,416.3,Normal,188.13,169.0,164.0,179.0,0,1,0,8
C14-R10_jpg.rf.6c68cd9bce94e990ae6f39c293b0d7f8.png,28,201.4,412.6,Sem Hipocótilo,20.0,21.0,20.0,22.0,0,0,0,0
C14-R10_jpg.rf.6c68cd9bce94e990ae6f39c293b0d7f8.png,29,204.1,380.3,Sem Raiz,27.06,23.0,22.0,34.0,0,0,0,5
C14-R10_jpg.rf.6c68cd9bce94e990ae6f39c293b0d7f8.png,30,238.1,381.2,Normal,489.16,463.0,451.0,480.0,0,0,0,12
C14-R10_jpg.rf.6c68cd9bce94e990ae6f39c293b0d7f8.png,31,262.5,407.4,Normal,137.16,128.0,128.0,135.0,0,0,0,4
C14-R10_jpg.rf.6c68cd9bce94e990ae6f39c293b0d7f8.png,32,303.1,414.4,Normal,36.02,34.0,34.0,40.0,0,0,0,3
C14-R10_jpg.rf.6c68cd9bce94e990ae6f39c293b0d7f8.png,33,347.1,385.2,Normal,153.96,169.0,163.0,185.0,8,13,1,10
C14-R10_jpg.rf.6c68cd9bce94e990ae6f39c293b0d7f8.png,34,380.0,406.8,Sem Hipocótilo,4.9,5.0,2.0,7.0,0,0,0,0
C14-R10_jpg.rf.6c68cd9bce94e990ae6f39c293b0d7f8.png,35,418.3,418.9,Sem Raiz,11.49,11.0,8.0,11.0,0,0,0,0
C14-R10_jpg.rf.6c68cd9bce94e990ae6f39c293b0d7f8.png,36,496.1,388.7,Normal,177.68,164.0,159.0,170.0,0,0,0,3
C14-R10_jpg.rf.6c68cd9bce94e990ae6f39c293b0d7f8.png,37,138.1,461.4,Normal,284.74,262.0,249.0,279.0,4,4,0,15
C14-R10_jpg.rf.6c68cd9bce94e990ae6f39c293b0d7f8.png,38,179.0,478.4,Normal,106.6,98.0,95.0,106.0,0,0,0,9
C14-R10_jpg.rf.6c68cd9bce94e990ae6f39c293b0d7f8.png,39,195.5,511.0,Normal,154.66,152.0,147.0,156.0,3,3,0,3
C14-R10_jpg.rf.6c68cd9bce94e990ae6f39c293b0d7f8.png,40,291.9,518.9,Normal,157.09,153.0,146.0,154.0,0,1,0,1
C14-R10_jpg.rf.6c68cd9bce94e990ae6f39c293b0d7f8.png,41,332.2,454.7,Sem Hipocótilo,50.88,50.0,49.0,51.0,0,0,0,0
C14-R10_jpg.rf.6c68cd9bce94e990ae6f39c293b0d7f8.png,42,399.9,504.9,Sem Hipocótilo,158.25,152.0,148.0,154.0,0,0,0,1
C14-R10_jpg.rf.6c68cd9bce94e990ae6f39c293b0d7f8.png,43,447.0,482.4,Normal,202.36,193.0,189.0,200.0,0,0,0,6
C14-R10_jpg.rf.6c68cd9bce94e990ae6f39c293b0d7f8.png,44,482.5,461.7,Normal,229.91,209.0,200.0,227.0,0,0,0,8
C14-R10_jpg.rf.6c68cd9bce94e990ae6f39c293b0d7f8.png,45,536.0,460.2,Normal,138.97,131.0,127.0,144.0,0,0,0,10
C14-R10_jpg.rf.6c68cd9bce94e990ae6f39c293b0d7f8.png,46,557.4,472.9,Normal,134.76,127.0,120.0,133.0,0,0,0,3
C14-R10_jpg.rf.6c68cd9bce94e990ae6f39c293b0d7f8.png,47,465.3,532.8,Sem Hipocótilo,125.52,115.0,115.0,116.0,0,0,0,0
C14-R1_jpg.rf.07f8cfb53b834a585bbd5d848dc0e1f6.png,1,172.3,171.2,Normal,269.31,251.0,238.0,267.0,0,1,0,8
C14-R1_jpg.rf.07f8cfb53b834a585bbd5d848dc0e1f6.png,2,199.9,128.3,Normal,114.92,108.0,106.0,111.0,0,0,0,1
C14-R1_jpg.rf.07f8cfb53b834a585bbd5d848dc0e1f6.png,3,222.5,143.1,Sem Raiz,37.2,37.0,38.0,40.0,0,0,0,3
C14-R1_jpg.rf.07f8cfb53b834a585bbd5d848dc0e1f6.png,4,247.2,184.0,Normal,157.45,149.0,148.0,154.0,0,0,0,1
C14-R1_jpg.rf.07f8cfb53b834a585bbd5d848dc0e1f6.png,5,275.3,188.2,Normal,114.63,109.0,110.0,117.0,0,0,0,3
C14-R1_jpg.rf.07f8cfb53b834a585bbd5d848dc0e1f6.png,6,408.7,166.1,Normal,134.74,133.0,129.0,134.0,3,3,0,1
C14-R1_jpg.rf.07f8cfb53b834a585bbd5d848dc0e1f6.png,7,435.4,165.4,Normal,115.26,107.0,100.0,113.0,0,0,0,4
C14-R1_jpg.rf.07f8cfb53b834a585bbd5d848dc0e1f6.png,8,471.5,166.2,Normal,149.37,152.0,146.0,156.0,1,1,0,8
C14-R1_jpg.rf.07f8cfb53b834a585bbd5d848dc0e1f6.png,9,541.8,199.4,Normal,123.88,117.0,112.0,126.0,0,0,0,3
C14-R1_jpg.rf.07f8cfb53b834a585bbd5d848dc0e1f6.png,10,563.8,157.7,Normal,169.15,158.0,153.0,160.0,0,0,0,0
C14-R1_jpg.rf.07f8cfb53b834a585bbd5d848dc0e1f6.png,11,100.3,203.5,Normal,272.98,262.0,246.0,268.0,2,12,0,9
C14-R1_jpg.rf.07f8cfb53b834a585bbd5d848dc0e1f6.png,12,219.0,220.1,Sem Hipocótilo,108.0,96.0,94.0,99.0,0,0,0,0
C14-R1_jpg.rf.07f8cfb53b834a585bbd5d848dc0e1f6.png,13,310.6,200.6,Normal,290.83,276.0,261.0,282.0,1,1,0,4
C14-R1_jpg.rf.07f8cfb53b834a585bbd5d848dc0e1f6.png,14,341.2,271.5,Normal,481.42,454.0,440.0,476.0,0,0,0,11
C14-R1_jpg.rf.07f8cfb53b834a585bbd5d848dc0e1f6.png,15,383.8,238.4,Normal,242.42,243.0,236.0,256.0,0,4,3,9
C14-R1_jpg.rf.07f8cfb53b834a585bbd5d848dc0e1f6.png,16,496.9,207.2,Normal,174.87,163.0,157.0,167.0,0,0,0,1
C14-R1_jpg.rf.07f8cfb53b834a585bbd5d848dc0e1f6.png,17,137.3,285.6,Normal,139.34,129.0,123.0,135.0,0,0,0,2
C14-R1_jpg.rf.07f8cfb53b834a585bbd5d848dc0e1f6.png,18,165.9,318.7,Normal,167.83,160.0,157.0,171.0,0,0,0,9
C14-R1_jpg.rf.07f8cfb53b834a585bbd5d848dc0e1f6.png,19,183.7,339.1,Normal,138.18,142.0,137.0,149.0,4,13,7,10
C14-R1_jpg.rf.07f8cfb53b834a585bbd5d848dc0e1f6.png,20,225.6,313.7,Normal,151.96,143.0,136.0,150.0,3,3,0,5
C14-R1_jpg.rf.07f8cfb53b834a585bbd5d848dc0e1f6.png,21,250.4,303.6,Normal,100.58,100.0,92.0,105.0,3,3,3,6
C14-R1_jpg.rf.07f8cfb53b834a585bbd5d848dc0e1f6.png,22,289.7,281.7,Normal,150.22,138.0,131.0,139.0,0,0,0,0
C14-R1_jpg.rf.07f8cfb53b834a585bbd5d848dc0e1f6.png,23,294.0,352.0,Normal,133.94,127.0,122.0,134.0,0,0,0,5
C14-R1_jpg.rf.07f8cfb53b834a585bbd5d848dc0e1f6.png,24,414.0,288.3,Normal,138.95,130.0,124.0,133.0,0,0,0,3
C14-R1_jpg.rf.07f8cfb53b834a585bbd5d848dc0e1f6.png,25,457.5,300.0,Normal,123.2,119.0,109.0,127.0,0,7,1,4
C14-R1_jpg.rf.07f8cfb53b834a585bbd5d848dc0e1f6.png,26,474.5,357.1,Normal,136.21,133.0,122.0,134.0,0,0,0,0
C14-R1_jpg.rf.07f8cfb53b834a585bbd5d848dc0e1f6.png,27,534.3,305.4,Normal,59.8,52.0,50.0,59.0,0,0,0,4
C14-R1_jpg.rf.07f8cfb53b834a585bbd5d848dc0e1f6.png,28,549.0,349.0,Normal,49.12,46.0,41.0,54.0,0,0,0,5
C14-R1_jpg.rf.07f8cfb53b834a585bbd5d848dc0e1f6.png,29,581.9,317.6,Normal,107.41,99.0,92.0,102.0,0,0,0,1
C14-R1_jpg.rf.07f8cfb53b834a585bbd5d848dc0e1f6.png,30,117.9,428.1,Normal,134.16,191.0,176.0,190.0,5,12,2,3
C14-R1_jpg.rf.07f8cfb53b834a585bbd5d848dc0e1f6.png,31,135.0,373.6,Sem Raiz,17.19,15.0,12.0,25.0,0,0,0,5
C14-R1_jpg.rf.07f8cfb53b834a585bbd5d848dc0e1f6.png,32,434.9,418.6,Normal,189.36,289.0,284.0,299.0,3,11,10,11
C14-R1_jpg.rf.07f8cfb53b834a585bbd5d848dc0e1f6.png,33,493.6,434.0,Normal,133.07,125.0,119.0,127.0,0,4,0,1
C14-R1_jpg.rf.07f8cfb53b834a585bbd5d848dc0e1f6.png,34,99.1,493.5,Normal,37.82,38.0,32.0,46.0,2,4,0,6
C14-R1_jpg.rf.07f8cfb53b834a585bbd5d848dc0e1f6.png,35,154.8,483.9,Normal,151.71,145.0,141.0,147.0,0,0,0,1
C14-R1_jpg.rf.07f8cfb53b834a585bbd5d848dc0e1f6.png,36,192.0,511.3,Normal,172.97,167.0,163.0,175.0,0,0,0,7
C14-R1_jpg.rf.07f8cfb53b834a585bbd5d848dc0e1f6.png,37,237.2,464.8,Normal,273.82,268.0,256.0,279.0,0,13,7,17
C14-R1_jpg.rf.07f8cfb53b834a585bbd5d848dc0e1f6.png,38,285.7,485.8,Normal,174.34,153.0,144.0,158.0,3,3,0,7
C14-R1_jpg.rf.07f8cfb53b834a585bbd5d848dc0e1f6.png,39,343.5,449.9,Normal,140.1,131.0,129.0,136.0,0,0,0,1
C14-R1_jpg.rf.07f8cfb53b834a585bbd5d848dc0e1f6.png,40,368.5,492.3,Normal,158.56,152.0,145.0,158.0,0,3,0,2
C14-R1_jpg.rf.07f8cfb53b834a585bbd5d848dc0e1f6.png,41,401.5,452.9,Normal,127.59,120.0,114.0,128.0,0,0,0,6
C14-R1_jpg.rf.07f8cfb53b834a585bbd5d848dc0e1f6.png,42,532.8,503.7,Normal,192.39,184.0,182.0,192.0,0,0,0,2
C14-R1_jpg.rf.07f8cfb53b834a585bbd5d848dc0e1f6.png,43,556.1,476.7,Normal,178.99,168.0,162.0,173.0,0,0,0,1
C14-R2_jpg.rf.5ee92f2d1ab83c3d0da42d59a23cdab4.png,1,107.5,175.1,Normal,149.08,138.0,131.0,141.0,0,0,0,0
C14-R2_jpg.rf.5ee92f2d1ab83c3d0da42d59a23cdab4.png,2,181.9,171.7,Normal,108.39,98.0,87.0,102.0,0,0,0,1
C14-R2_jpg.rf.5ee92f2d1ab83c3d0da42d59a23cdab4.png,3,288.9,168.3,Normal,99.85,93.0,86.0,98.0,0,0,0,3
C14-R2_jpg.rf.5ee92f2d1ab83c3d0da42d59a23cdab4.png,4,321.9,183.5,Normal,170.18,164.0,154.0,168.0,3,6,0,5
C14-R2_jpg.rf.5ee92f2d1ab83c3d0da42d59a23cdab4.png,5,349.4,194.6,Normal,173.99,164.0,160.0,171.0,0,0,0,6
C14-R2_jpg.rf.5ee92f2d1ab83c3d0da42d59a23cdab4.png,6,388.2,181.0,Sem Hipocótilo,64.47,57.0,57.0,59.0,0,0,0,0
C14-R2_jpg.rf.5ee92f2d1ab83c3d0da42d59a23cdab4.png,7,395.0,126.4,Sem Raiz,31.35,43.0,43.0,43.0,0,3,3,3
C14-R2_jpg.rf.5ee92f2d1ab83c3d0da42d59a23cdab4.png,8,433.7,190.8,Normal,207.02,185.0,177.0,202.0,0,0,0,9
C14-R2_jpg.rf.5ee92f2d1ab83c3d0da42d59a23cdab4.png,9,464.7,181.2,Normal,200.34,191.0,185.0,197.0,0,1,0,4
C14-R2_jpg.rf.5ee92f2d1ab83c3d0da42d59a23cdab4.png,10,495.3,173.1,Normal,157.96,150.0,148.0,161.0,0,0,0,3
C14-R2_jpg.rf.5ee92f2d1ab83c3d0da42d59a23cdab4.png,11,143.1,276.5,Normal,156.9,158.0,149.0,161.0,4,8,2,3
C14-R2_jpg.rf.5ee92f2d1ab83c3d0da42d59a23cdab4.png,12,212.5,253.3,Sem Raiz,38.03,33.0,33.0,35.0,0,0,0,1
C14-R2_jpg.rf.5ee92f2d1ab83c3d0da42d59a23cdab4.png,13,231.1,232.5,Normal,313.92,298.0,286.0,306.0,0,3,0,7
C14-R2_jpg.rf.5ee92f2d1ab83c3d0da42d59a23cdab4.png,14,272.5,227.8,Normal,166.97,153.0,146.0,157.0,0,0,0,1
C14-R2_jpg.rf.5ee92f2d1ab83c3d0da42d59a23cdab4.png,15,366.1,272.3,Normal,131.4,121.0,112.0,129.0,0,0,0,4
C14-R2_jpg.rf.5ee92f2d1ab83c3d0da42d59a23cdab4.png,16,406.5,229.8,Normal,127.99,116.0,109.0,120.0,0,0,0,1
C14-R2_jpg.rf.5ee92f2d1ab83c3d0da42d59a23cdab4.png,17,432.3,262.3,Sem Hipocótilo,26.85,26.0,27.0,29.0,0,0,0,0
C14-R2_jpg.rf.5ee92f2d1ab83c3d0da42d59a23cdab4.png,18,545.3,213.9,Normal,256.07,239.0,232.0,253.0,0,0,0,6
C14-R2_jpg.rf.5ee92f2d1ab83c3d0da42d59a23cdab4.png,19,100.7,312.0,Normal,117.67,110.0,98.0,113.0,0,0,0,0
C14-R2_jpg.rf.5ee92f2d1ab83c3d0da42d59a23cdab4.png,20,188.9,318.3,Normal,116.5,108.0,100.0,110.0,1,1,0,1
C14-R2_jpg.rf.5ee92f2d1ab83c3d0da42d59a23cdab4.png,21,210.1,309.3,Sem Hipocótilo,74.32,70.0,70.0,72.0,0,0,0,1
C14-R2_jpg.rf.5ee92f2d1ab83c3d0da42d59a23cdab4.png,22,312.3,314.2,Normal,128.29,128.0,120.0,129.0,6,7,0,2
C14-R2_jpg.rf.5ee92f2d1ab83c3d0da42d59a23cdab4.png,23,334.3,312.3,Normal,43.98,40.0,36.0,54.0,0,0,0,4
C14-R2_jpg.rf.5ee92f2d1ab83c3d0da42d59a23cdab4.png,24,437.0,352.3,Normal,158.94,148.0,141.0,152.0,0,0,0,0
C14-R2_jpg.rf.5ee92f2d1ab83c3d0da42d59a23cdab4.png,25,481.2,316.1,Sem Raiz,38.88,34.0,36.0,37.0,0,0,0,1
C14-R2_jpg.rf.5ee92f2d1ab83c3d0da42d59a23cdab4.png,26,507.8,307.7,Normal,135.73,128.0,124.0,135.0,0,0,0,6
C14-R2_jpg.rf.5ee92f2d1ab83c3d0da42d59a23cdab4.png,27,565.9,313.1,Normal,149.56,138.0,135.0,151.0,0,0,0,5
C14-R2_jpg.rf.5ee92f2d1ab83c3d0da42d59a23cdab4.png,28,188.2,422.6,Normal,157.76,154.0,149.0,160.0,0,3,0,5
C14-R2_jpg.rf.5ee92f2d1ab83c3d0da42d59a23cdab4.png,29,227.1,426.0,Normal,119.04,111.0,108.0,118.0,0,0,0,4
C14-R2_jpg.rf.5ee92f2d1ab83c3d0da42d59a23cdab4.png,30,246.4,390.3,Normal,147.85,138.0,130.0,145.0,0,0,0,5
C14-R2_jpg.rf.5ee92f2d1ab83c3d0da42d59a23cdab4.png,31,281.0,397.8,Normal,293.72,291.0,281.0,296.0,3,11,5,11
C14-R2_jpg.rf.5ee92f2d1ab83c3d0da42d59a23cdab4.png,32,326.1,418.4,Normal,42.41,38.0,37.0,57.0,0,0,0,10
C14-R2_jpg.rf.5ee92f2d1ab83c3d0da42d59a23cdab4.png,33,346.6,363.3,Sem Hipocótilo,72.69,68.0,67.0,69.0,0,0,0,0
C14-R2_jpg.rf.5ee92f2d1ab83c3d0da42d59a23cdab4.png,34,370.8,370.5,Sem Raiz,48.94,43.0,41.0,48.0,0,0,0,5
C14-R2_jpg.rf.5ee92f2d1ab83c3d0da42d59a23cdab4.png,35,418.8,373.6,Normal,148.21,132.0,123.0,139.0,0,0,0,2
C14-R2_jpg.rf.5ee92f2d1ab83c3d0da42d59a23cdab4.png,36,537.3,376.3,Normal,95.04,91.0,85.0,104.0,2,2,0,8
C14-R2_jpg.rf.5ee92f2d1ab83c3d0da42d59a23cdab4.png,37,106.5,446.7,Normal,113.18,110.0,103.0,118.0,0,0,0,7
C14-R2_jpg.rf.5ee92f2d1ab83c3d0da42d59a23cdab4.png,38,138.3,463.8,Normal,170.31,156.0,146.0,157.0,0,0,0,0
C14-R2_jpg.rf.5ee92f2d1ab83c3d0da42d59a23cdab4.png,39,165.8,473.5,Normal,69.63,66.0,59.0,72.0,0,0,0,1
C14-R2_jpg.rf.5ee92f2d1ab83c3d0da42d59a23cdab4.png,40,213.5,448.0,Sem Raiz,46.98,43.0,42.0,45.0,0,0,0,1
C14-R2_jpg.rf.5ee92f2d1ab83c3d0da42d59a23cdab4.png,41,252.2,505.3,Normal,132.54,119.0,108.0,121.0,0,0,0,0
C14-R2_jpg.rf.5ee92f2d1ab83c3d0da42d59a23cdab4.png,42,310.9,516.0,Normal,148.87,140.0,136.0,148.0,0,0,0,4
C14-R2_jpg.rf.5ee92f2d1ab83c3d0da42d59a23cdab4.png,43,334.5,467.4,Sem Hipocótilo,59.8,58.0,56.0,58.0,0,0,0,0
C14-R2_jpg.rf.5ee92f2d1ab83c3d0da42d59a23cdab4.png,44,355.9,480.7,Normal,269.2,254.0,245.0,259.0,0,0,0,1
C14-R2_jpg.rf.5ee92f2d1ab83c3d0da42d59a23cdab4.png,45,405.8,487.5,Normal,159.45,153.0,144.0,158.0,0,4,0,3
C14-R2_jpg.rf.5ee92f2d1ab83c3d0da42d59a23cdab4.png,46,461.6,455.5,Normal,266.1,249.0,242.0,256.0,0,0,0,3
C14-R2_jpg.rf.5ee92f2d1ab83c3d0da42d59a23cdab4.png,47,487.2,516.2,Normal,162.23,151.0,150.0,158.0,0,0,0,6
C14-R2_jpg.rf.5ee92f2d1ab83c3d0da42d59a23cdab4.png,48,522.1,471.4,Normal,105.34,100.0,98.0,103.0,0,0,0,0
C14-R2_jpg.rf.5ee92f2d1ab83c3d0da42d59a23cdab4.png,49,553.5,471.0,Normal,122.93,118.0,106.0,125.0,4,4,0,7
C14-R2_jpg.rf.5ee92f2d1ab83c3d0da42d59a23cdab4.png,50,562.7,521.9,Normal,72.73,67.0,62.0,70.0,0,0,0,1
C14-R3_jpg.rf.0205926be11fdf6605aa97f29cffb02c.png,1,469.9,117.0,Normal,101.42,93.0,86.0,98.0,0,0,0,2
C14-R3_jpg.rf.0205926be11fdf6605aa97f29cffb02c.png,2,114.1,147.2,Normal,168.33,168.0,162.0,179.0,0,8,3,14
C14-R3_jpg.rf.0205926be11fdf6605aa97f29cffb02c.png,3,157.0,165.8,Normal,176.44,177.0,174.0,184.0,4,4,0,5
C14-R3_jpg.rf.0205926be11fdf6605aa97f29cffb02c.png,4,218.8,131.4,Normal,135.92,129.0,126.0,139.0,0,0,0,5
C14-R3_jpg.rf.0205926be11fdf6605aa97f29cffb02c.png,5,238.3,175.3,Normal,39.75,36.0,33.0,44.0,0,0,0,3
C14-R3_jpg.rf.0205926be11fdf6605aa97f29cffb02c.png,6,280.3,127.7,Normal,147.68,147.0,137.0,151.0,0,7,0,5
C14-R3_jpg.rf.0205926be11fdf6605aa97f29cffb02c.png,7,302.3,183.8,Normal,42.68,57.0,53.0,66.0,4,0,0,6
C14-R3_jpg.rf.0205926be11fdf6605aa97f29cffb02c.png,8,334.0,158.0,Normal,128.9,120.0,118.0,129.0,0,0,0,6
C14-R3_jpg.rf.0205926be11fdf6605aa97f29cffb02c.png,9,368.0,192.2,Normal,61.43,52.0,47.0,59.0,0,0,0,4
C14-R3_jpg.rf.0205926be11fdf6605aa97f29cffb02c.png,10,393.7,150.5,Normal,183.76,172.0,169.0,184.0,0,0,0,7
C14-R3_jpg.rf.0205926be11fdf6605aa97f29cffb02c.png,11,431.0,124.4,Normal,119.59,111.0,107.0,116.0,0,0,0,3
C14-R3_jpg.rf.0205926be11fdf6605aa97f29cffb02c.png,12,561.6,191.0,Normal,127.83,122.0,113.0,133.0,0,0,0,3
C14-R3_jpg.rf.0205926be11fdf6605aa97f29cffb02c.png,13,187.8,221.0,Normal,142.52,128.0,125.0,138.0,0,0,0,5
C14-R3_jpg.rf.0205926be11fdf6605aa97f29cffb02c.png,14,238.5,254.8,Normal,119.12,111.0,105.0,116.0,0,0,0,0
C14-R3_jpg.rf.0205926be11fdf6605aa97f29cffb02c.png,15,347.9,258.0,Sem Raiz,32.62,45.0,43.0,49.0,5,7,2,6
C14-R3_jpg.rf.0205926be11fdf6605aa97f29cffb02c.png,16,453.1,232.4,Normal,114.96,109.0,106.0,122.0,0,4,0,9
C14-R3_jpg.rf.0205926be11fdf6605aa97f29cffb02c.png,17,487.9,247.9,Normal,146.5,137.0,132.0,145.0,0,0,0,5
C14-R3_jpg.rf.0205926be11fdf6605aa97f29cffb02c.png,18,521.6,201.1,Normal,175.27,163.0,155.0,170.0,0,0,0,4
C14-R3_jpg.rf.0205926be11fdf6605aa97f29cffb02c.png,19,118.5,339.3,Normal,160.79,147.0,143.0,158.0,0,0,0,3
C14-R3_jpg.rf.0205926be11fdf6605aa97f29cffb02c.png,20,216.5,282.3,Normal,144.4,132.0,130.0,144.0,0,0,0,6
C14-R3_jpg.rf.0205926be11fdf6605aa97f29cffb02c.png,21,258.5,322.3,Normal,86.42,79.0,70.0,84.0,0,0,0,2
C14-R3_jpg.rf.0205926be11fdf6605aa97f29cffb02c.png,22,308.3,348.1,Normal,111.01,120.0,113.0,127.0,2,27,15,18
C14-R3_jpg.rf.0205926be11fdf6605aa97f29cffb02c.png,23,321.1,309.9,Normal,176.84,162.0,156.0,171.0,0,0,0,3
C14-R3_jpg.rf.0205926be11fdf6605aa97f29cffb02c.png,24,345.2,318.6,Sem Hipocótilo,60.72,58.0,55.0,59.0,0,0,0,0
C14-R3_jpg.rf.0205926be11fdf6605aa97f29cffb02c.png,25,369.8,332.8,Normal,83.37,75.0,67.0,80.0,0,0,0,1
C14-R3_jpg.rf.0205926be11fdf6605aa97f29cffb02c.png,26,426.2,325.5,Normal,297.78,280.0,256.0,299.0,3,7,3,19
C14-R3_jpg.rf.0205926be11fdf6605aa97f29cffb02c.png,27,531.7,349.0,Normal,139.9,125.0,122.0,135.0,0,0,0,7
C14-R3_jpg.rf.0205926be11fdf6605aa97f29cffb02c.png,28,566.3,349.1,Normal,151.74,143.0,136.0,150.0,0,0,0,3
C14-R3_jpg.rf.0205926be11fdf6605aa97f29cffb02c.png,29,154.9,428.8,Normal,324.09,340.0,322.0,352.0,9,10,3,16
C14-R3_jpg.rf.0205926be11fdf6605aa97f29cffb02c.png,30,185.9,408.0,Normal,156.06,153.0,146.0,156.0,0,6,0,6
C14-R3_jpg.rf.0205926be11fdf6605aa97f29cffb02c.png,31,213.9,366.0,Sem Raiz,31.26,27.0,24.0,31.0,0,0,0,2
C14-R3_jpg.rf.0205926be11fdf6605aa97f29cffb02c.png,32,258.0,374.2,Sem Hipocótilo,14.87,27.0,28.0,32.0,0,15,9,10
C14-R3_jpg.rf.0205926be11fdf6605aa97f29cffb02c.png,33,371.7,420.2,Normal,64.84,60.0,59.0,64.0,0,0,0,3
C14-R3_jpg.rf.0205926be11fdf6605aa97f29cffb02c.png,34,404.3,406.5,Normal,156.9,156.0,147.0,165.0,0,3,0,7
C14-R3_jpg.rf.0205926be11fdf6605aa97f29cffb02c.png,35,441.3,422.8,Sem Hipocótilo,88.45,80.0,78.0,80.0,0,0,0,0
C14-R3_jpg.rf.0205926be11fdf6605aa97f29cffb02c.png,36,475.1,363.3,Normal,136.01,124.0,118.0,131.0,0,0,0,6
C14-R3_jpg.rf.0205926be11fdf6605aa97f29cffb02c.png,37,508.3,431.7,Sem Hipocótilo,109.09,98.0,97.0,99.0,0,0,0,0
C14-R3_jpg.rf.0205926be11fdf6605aa97f29cffb02c.png,38,510.0,360.9,Sem Raiz,31.96,28.0,22.0,30.0,0,0,0,0
C14-R3_jpg.rf.0205926be11fdf6605aa97f29cffb02c.png,39,102.4,495.1,Normal,116.13,111.0,106.0,117.0,0,7,4,5
C14-R3_jpg.rf.0205926be11fdf6605aa97f29cffb02c.png,40,123.0,463.2,Normal,188.1,194.0,194.0,205.0,0,9,5,7
C14-R3_jpg.rf.0205926be11fdf6605aa97f29cffb02c.png,41,209.0,490.6,Normal,180.54,171.0,164.0,175.0,0,0,0,1
C14-R3_jpg.rf.0205926be11fdf6605aa97f29cffb02c.png,42,224.5,450.5,Normal,135.45,131.0,130.0,136.0,0,0,0,3
C14-R3_jpg.rf.0205926be11fdf6605aa97f29cffb02c.png,43,260.9,483.4,Normal,122.18,116.0,110.0,117.0,0,4,0,1
C14-R3_jpg.rf.0205926be11fdf6605aa97f29cffb02c.png,44,312.5,447.0,Normal,95.92,93.0,88.0,101.0,0,3,0,5
C14-R3_jpg.rf.0205926be11fdf6605aa97f29cffb02c.png,45,339.8,476.4,Normal,172.36,163.0,158.0,167.0,0,0,0,0
C14-R3_jpg.rf.0205926be11fdf6605aa97f29cffb02c.png,46,375.9,515.9,Normal,153.41,145.0,140.0,152.0,0,0,0,1
C14-R3_jpg.rf.0205926be11fdf6605aa97f29cffb02c.png,47,434.4,502.3,Normal,160.37,154.0,150.0,159.0,0,13,4,6
C14-R3_jpg.rf.0205926be11fdf6605aa97f29cffb02c.png,48,463.9,483.5,Sem Hipocótilo,49.59,46.0,46.0,46.0,0,0,0,0
C14-R3_jpg.rf.0205926be11fdf6605aa97f29cffb02c.png,49,482.7,454.0,Normal,35.1,41.0,38.0,54.0,4,10,5,11
C14-R3_jpg.rf.0205926be11fdf6605aa97f29cffb02c.png,50,538.4,471.9,Normal,141.48,135.0,126.0,136.0,0,3,0,0
C14-R3_jpg.rf.0205926be11fdf6605aa97f29cffb02c.png,51,288.1,526.6,Normal,131.9,118.0,113.0,126.0,0,0,0,3
C14-R4_jpg.rf.34f77bd8ed9a049675f1a21296541fab.png,1,264.8,106.0,Normal,66.08,58.0,54.0,61.0,0,0,0,2
C14-R4_jpg.rf.34f77bd8ed9a049675f1a21296541fab.png,2,433.5,102.0,Sem Raiz,32.29,38.0,32.0,43.0,1,1,0,2
C14-R4_jpg.rf.34f77bd8ed9a049675f1a21296541fab.png,3,115.4,156.7,Normal,139.97,128.0,123.0,136.0,0,0,0,4
C14-R4_jpg.rf.34f77bd8ed9a049675f1a21296541fab.png,4,155.4,170.4,Normal,175.21,181.0,178.0,190.0,3,10,5,6
C14-R4_jpg.rf.34f77bd8ed9a049675f1a21296541fab.png,5,192.9,145.2,Normal,134.42,121.0,116.0,122.0,0,0,0,0
C14-R4_jpg.rf.34f77bd8ed9a049675f1a21296541fab.png,6,225.3,140.9,Normal,133.96,128.0,122.0,139.0,0,0,0,5
C14-R4_jpg.rf.34f77bd8ed9a049675f1a21296541fab.png,7,296.1,156.9,Normal,122.05,115.0,112.0,124.0,0,0,0,7
C14-R4_jpg.rf.34f77bd8ed9a049675f1a21296541fab.png,8,402.8,152.4,Normal,110.62,103.0,96.0,107.0,0,0,0,1
C14-R4_jpg.rf.34f77bd8ed9a049675f1a21296541fab.png,9,430.6,180.5,Sem Hipocótilo,107.39,102.0,102.0,103.0,0,0,0,0
C14-R4_jpg.rf.34f77bd8ed9a049675f1a21296541fab.png,10,486.4,186.2,Normal,36.07,35.0,34.0,40.0,0,0,0,2
C14-R4_jpg.rf.34f77bd8ed9a049675f1a21296541fab.png,11,531.1,197.2,Normal,171.28,165.0,159.0,168.0,0,0,0,1
C14-R4_jpg.rf.34f77bd8ed9a049675f1a21296541fab.png,12,560.8,150.1,Normal,82.55,79.0,71.0,83.0,0,0,0,1
C14-R4_jpg.rf.34f77bd8ed9a049675f1a21296541fab.png,13,104.9,229.3,Normal,107.31,99.0,91.0,107.0,0,0,0,2
C14-R4_jpg.rf.34f77bd8ed9a049675f1a21296541fab.png,14,170.6,279.3,Normal,169.46,156.0,147.0,161.0,3,3,0,1
C14-R4_jpg.rf.34f77bd8ed9a049675f1a21296541fab.png,15,224.6,243.8,Sem Raiz,21.79,20.0,16.0,21.0,0,0,0,0
C14-R4_jpg.rf.34f77bd8ed9a049675f1a21296541fab.png,16,268.6,224.9,Normal,147.9,139.0,128.0,143.0,0,0,0,1
C14-R4_jpg.rf.34f77bd8ed9a049675f1a21296541fab.png,17,313.1,228.8,Normal,136.6,125.0,118.0,128.0,0,0,0,1
C14-R4_jpg.rf.34f77bd8ed9a049675f1a21296541fab.png,18,340.9,231.4,Normal,330.2,307.0,295.0,318.0,4,5,0,7
C14-R4_jpg.rf.34f77bd8ed9a049675f1a21296541fab.png,19,364.9,220.8,Sem Raiz,17.44,20.0,23.0,25.0,0,4,3,1
C14-R4_jpg.rf.34f77bd8ed9a049675f1a21296541fab.png,20,473.9,238.2,Normal,479.53,455.0,443.0,477.0,4,3,1,16
C14-R4_jpg.rf.34f77bd8ed9a049675f1a21296541fab.png,21,572.8,228.1,Normal,99.94,92.0,85.0,98.0,0,0,0,1
C14-R4_jpg.rf.34f77bd8ed9a049675f1a21296541fab.png,22,137.8,306.7,Normal,159.56,149.0,143.0,157.0,0,0,0,2
C14-R4_jpg.rf.34f77bd8ed9a049675f1a21296541fab.png,23,226.9,358.2,Normal,133.37,127.0,122.0,134.0,4,4,3,3
C14-R4_jpg.rf.34f77bd8ed9a049675f1a21296541fab.png,24,282.6,352.7,Sem Raiz,22.41,19.0,19.0,25.0,0,0,0,4
C14-R4_jpg.rf.34f77bd8ed9a049675f1a21296541fab.png,25,391.6,283.9,Normal,156.18,146.0,139.0,150.0,1,1,0,4
C14-R4_jpg.rf.34f77bd8ed9a049675f1a21296541fab.png,26,392.7,350.3,Normal,124.83,118.0,113.0,126.0,0,0,0,4
C14-R4_jpg.rf.34f77bd8ed9a049675f1a21296541fab.png,27,443.8,334.8,Sem Raiz,34.38,29.0,24.0,34.0,0,0,0,2
C14-R4_jpg.rf.34f77bd8ed9a049675f1a21296541fab.png,28,504.1,341.7,Normal,94.13,86.0,84.0,94.0,0,0,0,4
C14-R4_jpg.rf.34f77bd8ed9a049675f1a21296541fab.png,29,117.9,373.2,Normal,160.98,153.0,146.0,157.0,0,0,0,0
C14-R4_jpg.rf.34f77bd8ed9a049675f1a21296541fab.png,30,174.4,415.0,Normal,166.01,154.0,148.0,161.0,0,8,2,5
C14-R4_jpg.rf.34f77bd8ed9a049675f1a21296541fab.png,31,263.9,421.6,Sem Hipocótilo,110.63,102.0,101.0,106.0,0,0,0,3
C14-R4_jpg.rf.34f77bd8ed9a049675f1a21296541fab.png,32,311.5,404.2,Normal,353.92,330.0,319.0,342.0,0,1,0,10
C14-R4_jpg.rf.34f77bd8ed9a049675f1a21296541fab.png,33,352.9,417.8,Normal,138.52,134.0,125.0,138.0,0,1,0,4
C14-R4_jpg.rf.34f77bd8ed9a049675f1a21296541fab.png,34,471.8,430.4,Normal,247.81,227.0,221.0,236.0,0,0,0,5
C14-R4_jpg.rf.34f77bd8ed9a049675f1a21296541fab.png,35,526.2,386.8,Normal,162.76,152.0,149.0,157.0,0,0,0,3
C14-R4_jpg.rf.34f77bd8ed9a049675f1a21296541fab.png,36,567.5,398.8,Normal,162.55,154.0,150.0,164.0,0,0,0,4
C14-R4_jpg.rf.34f77bd8ed9a049675f1a21296541fab.png,37,142.6,488.0,Normal,179.97,166.0,162.0,174.0,0,0,0,5
C14-R4_jpg.rf.34f77bd8ed9a049675f1a21296541fab.png,38,190.7,492.4,Normal,327.43,314.0,306.0,330.0,5,18,12,15
C14-R4_jpg.rf.34f77bd8ed9a049675f1a21296541fab.png,39,215.3,441.1,Normal,164.39,150.0,145.0,153.0,0,0,0,3
C14-R4_jpg.rf.34f77bd8ed9a049675f1a21296541fab.png,40,267.6,513.6,Normal,49.14,46.0,44.0,54.0,0,0,0,6
C14-R4_jpg.rf.34f77bd8ed9a049675f1a21296541fab.png,41,322.3,482.2,Normal,24.16,31.0,23.0,39.0,0,6,0,5
C14-R4_jpg.rf.34f77bd8ed9a049675f1a21296541fab.png,42,369.3,480.3,Normal,185.51,176.0,174.0,185.0,0,1,0,4
C14-R4_jpg.rf.34f77bd8ed9a049675f1a21296541fab.png,43,399.3,497.2,Normal,121.21,113.0,103.0,119.0,0,0,0,4
C14-R4_jpg.rf.34f77bd8ed9a049675f1a21296541fab.png,44,415.5,442.9,Normal,187.46,180.0,174.0,183.0,0,0,0,0
C14-R4_jpg.rf.34f77bd8ed9a049675f1a21296541fab.png,45,445.9,496.6,Normal,180.21,178.0,168.0,182.0,3,3,0,4
C14-R4_jpg.rf.34f77bd8ed9a049675f1a21296541fab.png,46,501.3,515.1,Normal,121.85,118.0,115.0,123.0,1,1,0,2
C14-R4_jpg.rf.34f77bd8ed9a049675f1a21296541fab.png,47,536.6,483.4,Normal,157.72,150.0,140.0,156.0,0,0,0,4
C14-R5_jpg.rf.5fcd02f092beb24fd26ab790b95f27ef.png,1,299.6,120.0,Normal,114.73,106.0,99.0,111.0,0,0,0,6
C14-R5_jpg.rf.5fcd02f092beb24fd26ab790b95f27ef.png,2,106.0,168.9,Normal,331.96,316.0,303.0,321.0,0,3,0,4
C14-R5_jpg.rf.5fcd02f092beb24fd26ab790b95f27ef.png,3,162.9,127.6,Normal,133.7,114.0,108.0,119.0,0,0,0,1
C14-R5_jpg.rf.5fcd02f092beb24fd26ab790b95f27ef.png,4,212.4,121.3,Normal,140.65,132.0,129.0,139.0,0,0,0,3
C14-R5_jpg.rf.5fcd02f092beb24fd26ab790b95f27ef.png,5,265.6,125.5,Normal,149.23,137.0,131.0,149.0,3,3,0,8
C14-R5_jpg.rf.5fcd02f092beb24fd26ab790b95f27ef.png,6,340.1,186.4,Normal,314.43,294.0,282.0,300.0,0,0,0,4
C14-R5_jpg.rf.5fcd02f092beb24fd26ab790b95f27ef.png,7,394.4,131.2,Normal,111.47,107.0,107.0,114.0,0,0,0,3
C14-R5_jpg.rf.5fcd02f092beb24fd26ab790b95f27ef.png,8,436.6,196.4,Sem Raiz,11.07,16.0,10.0,18.0,0,1,0,1
C14-R5_jpg.rf.5fcd02f092beb24fd26ab790b95f27ef.png,9,454.7,139.3,Normal,175.58,168.0,163.0,181.0,0,0,0,8
C14-R5_jpg.rf.5fcd02f092beb24fd26ab790b95f27ef.png,10,488.5,133.3,Normal,139.53,129.0,119.0,131.0,0,3,0,3
C14-R5_jpg.rf.5fcd02f092beb24fd26ab790b95f27ef.png,11,538.5,187.8,Normal,168.0,169.0,157.0,169.0,0,4,0,1
C14-R5_jpg.rf.5fcd02f092beb24fd26ab790b95f27ef.png,12,231.4,219.5,Normal,137.76,126.0,118.0,131.0,0,0,0,4
C14-R5_jpg.rf.5fcd02f092beb24fd26ab790b95f27ef.png,13,266.4,272.5,Normal,152.33,141.0,134.0,149.0,0,0,0,2
C14-R5_jpg.rf.5fcd02f092beb24fd26ab790b95f27ef.png,14,315.0,243.5,Normal,145.64,134.0,131.0,143.0,0,0,0,4
C14-R5_jpg.rf.5fcd02f092beb24fd26ab790b95f27ef.png,15,373.0,262.7,Normal,147.15,133.0,130.0,141.0,0,0,0,1
C14-R5_jpg.rf.5fcd02f092beb24fd26ab790b95f27ef.png,16,416.0,263.3,Normal,128.13,116.0,106.0,123.0,0,0,0,4
C14-R5_jpg.rf.5fcd02f092beb24fd26ab790b95f27ef.png,17,443.7,275.1,Sem Hipocótilo,121.74,115.0,112.0,117.0,0,0,0,1
C14-R5_jpg.rf.5fcd02f092beb24fd26ab790b95f27ef.png,18,513.7,215.7,Normal,302.99,288.0,278.0,299.0,0,0,0,3
C14-R5_jpg.rf.5fcd02f092beb24fd26ab790b95f27ef.png,19,563.1,267.3,Normal,81.55,77.0,71.0,87.0,0,0,0,7
C14-R5_jpg.rf.5fcd02f092beb24fd26ab790b95f27ef.png,20,96.3,286.5,Sem Raiz,26.52,24.0,20.0,27.0,0,0,0,3
C14-R5_jpg.rf.5fcd02f092beb24fd26ab790b95f27ef.png,21,144.7,300.5,Normal,348.42,330.0,324.0,354.0,4,4,0,13
C14-R5_jpg.rf.5fcd02f092beb24fd26ab790b95f27ef.png,22,196.0,306.3,Normal,247.71,223.0,212.0,234.0,0,3,0,6
C14-R5_jpg.rf.5fcd02f092beb24fd26ab790b95f27ef.png,23,236.7,342.8,Normal,102.28,97.0,91.0,100.0,0,0,0,0
C14-R5_jpg.rf.5fcd02f092beb24fd26ab790b95f27ef.png,24,292.3,330.2,Normal,71.45,67.0,62.0,73.0,0,0,0,4
C14-R5_jpg.rf.5fcd02f092beb24fd26ab790b95f27ef.png,25,322.4,355.0,Sem Raiz,34.38,31.0,27.0,32.0,0,0,0,0
C14-R5_jpg.rf.5fcd02f092beb24fd26ab790b95f27ef.png,26,347.2,319.3,Normal,83.46,80.0,76.0,83.0,0,0,0,0
C14-R5_jpg.rf.5fcd02f092beb24fd26ab790b95f27ef.png,27,385.4,329.1,Normal,112.31,106.0,98.0,111.0,0,7,0,3
C14-R5_jpg.rf.5fcd02f092beb24fd26ab790b95f27ef.png,28,473.2,287.8,Normal,143.2,132.0,125.0,143.0,0,0,0,7
C14-R5_jpg.rf.5fcd02f092beb24fd26ab790b95f27ef.png,29,552.2,351.0,Sem Hipocótilo,28.9,27.0,22.0,28.0,0,0,0,0
C14-R5_jpg.rf.5fcd02f092beb24fd26ab790b95f27ef.png,30,107.0,360.2,Normal,120.64,113.0,105.0,121.0,0,0,0,7
C14-R5_jpg.rf.5fcd02f092beb24fd26ab790b95f27ef.png,31,230.3,437.3,Normal,165.41,159.0,155.0,166.0,0,0,0,3
C14-R5_jpg.rf.5fcd02f092beb24fd26ab790b95f27ef.png,32,261.4,429.0,Normal,158.26,143.0,138.0,151.0,0,0,0,2
C14-R5_jpg.rf.5fcd02f092beb24fd26ab790b95f27ef.png,33,328.3,431.1,Sem Hipocótilo,103.56,99.0,96.0,100.0,0,0,0,0
C14-R5_jpg.rf.5fcd02f092beb24fd26ab790b95f27ef.png,34,479.4,369.3,Sem Raiz,15.99,31.0,25.0,35.0,4,14,4,8
C14-R5_jpg.rf.5fcd02f092beb24fd26ab790b95f27ef.png,35,95.4,476.1,Normal,176.88,170.0,162.0,174.0,0,4,0,2
C14-R5_jpg.rf.5fcd02f092beb24fd26ab790b95f27ef.png,36,138.7,447.4,Normal,190.02,165.0,159.0,168.0,0,0,0,1
C14-R5_jpg.rf.5fcd02f092beb24fd26ab790b95f27ef.png,37,153.6,483.5,Normal,187.76,169.0,163.0,177.0,0,0,0,4
C14-R5_jpg.rf.5fcd02f092beb24fd26ab790b95f27ef.png,38,200.5,500.0,Normal,160.93,147.0,145.0,151.0,0,0,0,1
C14-R5_jpg.rf.5fcd02f092beb24fd26ab790b95f27ef.png,39,260.0,508.6,Sem Hipocótilo,131.19,124.0,122.0,124.0,0,0,0,0
C14-R5_jpg.rf.5fcd02f092beb24fd26ab790b95f27ef.png,40,281.0,459.1,Sem Raiz,14.44,13.0,11.0,20.0,0,0,0,7
C14-R5_jpg.rf.5fcd02f092beb24fd26ab790b95f27ef.png,41,304.9,464.7,Normal,315.64,304.0,298.0,321.0,0,1,0,10
C14-R5_jpg.rf.5fcd02f092beb24fd26ab790b95f27ef.png,42,352.6,473.4,Normal,141.49,132.0,130.0,139.0,0,0,0,4
C14-R5_jpg.rf.5fcd02f092beb24fd26ab790b95f27ef.png,43,376.2,454.9,Normal,170.15,168.0,163.0,175.0,0,0,0,4
C14-R5_jpg.rf.5fcd02f092beb24fd26ab790b95f27ef.png,44,409.6,507.4,Normal,142.11,136.0,131.0,144.0,0,0,0,4
C14-R5_jpg.rf.5fcd02f092beb24fd26ab790b95f27ef.png,45,432.6,464.9,Normal,143.01,135.0,129.0,142.0,0,0,0,3
C14-R5_jpg.rf.5fcd02f092beb24fd26ab790b95f27ef.png,46,471.2,502.9,Normal,143.33,137.0,134.0,142.0,0,0,0,2
C14-R5_jpg.rf.5fcd02f092beb24fd26ab790b95f27ef.png,47,504.1,473.3,Normal,215.65,204.0,200.0,210.0,0,0,0,2
C14-R5_jpg.rf.5fcd02f092beb24fd26ab790b95f27ef.png,48,538.7,466.0,Normal,148.28,134.0,130.0,144.0,0,0,0,9
C14-R6_jpg.rf.ade1541f55fdf3b82132f75e76369e8a.png,1,211.0,99.7,Normal,106.32,112.0,107.0,124.0,1,1,3,3
C14-R6_jpg.rf.ade1541f55fdf3b82132f75e76369e8a.png,2,311.9,105.0,Normal,144.02,134.0,125.0,136.0,0,1,0,1
C14-R6_jpg.rf.ade1541f55fdf3b82132f75e76369e8a.png,3,348.0,80.9,Sem Raiz,35.27,32.0,30.0,35.0,0,0,0,3
C14-R6_jpg.rf.ade1541f55fdf3b82132f75e76369e8a.png,4,96.2,131.5,Normal,103.25,97.0,93.0,103.0,0,0,0,4
C14-R6_jpg.rf.ade1541f55fdf3b82132f75e76369e8a.png,5,134.2,147.9,Normal,178.13,166.0,155.0,169.0,0,0,0,3
C14-R6_jpg.rf.ade1541f55fdf3b82132f75e76369e8a.png,6,164.6,132.1,Normal,125.57,121.0,114.0,126.0,0,0,0,3
C14-R6_jpg.rf.ade1541f55fdf3b82132f75e76369e8a.png,7,183.7,182.5,Sem Raiz,31.4,30.0,27.0,35.0,0,0,0,1
C14-R6_jpg.rf.ade1541f55fdf3b82132f75e76369e8a.png,8,266.9,153.2,Normal,168.45,164.0,157.0,169.0,0,0,0,6
C14-R6_jpg.rf.ade1541f55fdf3b82132f75e76369e8a.png,9,338.4,121.6,Sem Raiz,28.91,27.0,24.0,30.0,0,0,0,1
C14-R6_jpg.rf.ade1541f55fdf3b82132f75e76369e8a.png,10,355.0,190.9,Sem Hipocótilo,100.71,98.0,95.0,98.0,0,0,0,0
C14-R6_jpg.rf.ade1541f55fdf3b82132f75e76369e8a.png,11,381.0,123.2,Normal,159.78,156.0,146.0,160.0,0,4,0,3
C14-R6_jpg.rf.ade1541f55fdf3b82132f75e76369e8a.png,12,424.0,124.9,Normal,296.55,320.0,306.0,329.0,6,14,6,16
C14-R6_jpg.rf.ade1541f55fdf3b82132f75e76369e8a.png,13,482.0,137.7,Normal,179.58,166.0,161.0,170.0,0,0,0,1
C14-R6_jpg.rf.ade1541f55fdf3b82132f75e76369e8a.png,14,500.7,181.9,Sem Raiz,33.01,33.0,29.0,36.0,0,0,0,0
C14-R6_jpg.rf.ade1541f55fdf3b82132f75e76369e8a.png,15,533.7,122.5,Normal,101.39,90.0,85.0,96.0,0,0,0,6
C14-R6_jpg.rf.ade1541f55fdf3b82132f75e76369e8a.png,16,213.4,243.2,Sem Raiz,23.65,21.0,18.0,22.0,0,0,0,0
C14-R6_jpg.rf.ade1541f55fdf3b82132f75e76369e8a.png,17,249.0,249.0,Normal,168.13,153.0,153.0,165.0,0,6,4,8
C14-R6_jpg.rf.ade1541f55fdf3b82132f75e76369e8a.png,18,309.2,224.2,Normal,137.76,125.0,121.0,132.0,0,0,0,4
C14-R6_jpg.rf.ade1541f55fdf3b82132f75e76369e8a.png,19,332.9,221.1,Normal,98.25,89.0,85.0,96.0,0,0,0,2
C14-R6_jpg.rf.ade1541f55fdf3b82132f75e76369e8a.png,20,385.2,273.7,Normal,124.09,122.0,116.0,124.0,3,3,0,0
C14-R6_jpg.rf.ade1541f55fdf3b82132f75e76369e8a.png,21,438.3,249.0,Sem Raiz,26.07,23.0,19.0,28.0,0,0,0,2
C14-R6_jpg.rf.ade1541f55fdf3b82132f75e76369e8a.png,22,493.7,227.1,Sem Raiz,23.0,22.0,19.0,28.0,0,0,0,2
C14-R6_jpg.rf.ade1541f55fdf3b82132f75e76369e8a.png,23,528.8,279.6,Normal,162.46,163.0,160.0,170.0,3,3,3,7
C14-R6_jpg.rf.ade1541f55fdf3b82132f75e76369e8a.png,24,565.7,213.8,Normal,170.97,158.0,152.0,162.0,0,0,0,6
C14-R6_jpg.rf.ade1541f55fdf3b82132f75e76369e8a.png,25,107.1,295.4,Normal,359.75,343.0,335.0,362.0,3,8,4,13
C14-R6_jpg.rf.ade1541f55fdf3b82132f75e76369e8a.png,26,238.6,318.7,Normal,132.1,124.0,120.0,128.0,0,0,0,0
C14-R6_jpg.rf.ade1541f55fdf3b82132f75e76369e8a.png,27,290.4,323.2,Normal,191.02,182.0,180.0,188.0,0,0,0,5
C14-R6_jpg.rf.ade1541f55fdf3b82132f75e76369e8a.png,28,309.2,355.4,Sem Raiz,20.78,20.0,19.0,21.0,0,0,0,0
C14-R6_jpg.rf.ade1541f55fdf3b82132f75e76369e8a.png,29,332.2,314.9,Sem Raiz,14.39,14.0,6.0,16.0,0,0,0,0
C14-R6_jpg.rf.ade1541f55fdf3b82132f75e76369e8a.png,30,366.9,330.9,Normal,166.78,154.0,147.0,160.0,0,4,1,8
C14-R6_jpg.rf.ade1541f55fdf3b82132f75e76369e8a.png,31,431.4,296.8,Sem Hipocótilo,64.14,63.0,59.0,63.0,0,3,0,3
C14-R6_jpg.rf.ade1541f55fdf3b82132f75e76369e8a.png,32,465.5,345.7,Normal,213.62,205.0,200.0,212.0,0,0,0,3
C14-R6_jpg.rf.ade1541f55fdf3b82132f75e76369e8a.png,33,503.1,303.3,Normal,122.45,115.0,113.0,125.0,0,0,0,5
C14-R6_jpg.rf.ade1541f55fdf3b82132f75e76369e8a.png,34,159.2,375.3,Normal,289.82,270.0,264.0,287.0,0,0,0,7
C14-R6_jpg.rf.ade1541f55fdf3b82132f75e76369e8a.png,35,206.1,365.2,Normal,146.41,137.0,133.0,140.0,0,0,0,2
C14-R6_jpg.rf.ade1541f55fdf3b82132f75e76369e8a.png,36,296.8,428.4,Normal,123.05,114.0,112.0,118.0,0,0,0,3
C14-R6_jpg.rf.ade1541f55fdf3b82132f75e76369e8a.png,37,356.4,394.2,Normal,148.45,131.0,129.0,135.0,0,0,0,3
C14-R6_jpg.rf.ade1541f55fdf3b82132f75e76369e8a.png,38,450.4,402.1,Normal,126.95,126.0,125.0,129.0,0,7,3,3
C14-R6_jpg.rf.ade1541f55fdf3b82132f75e76369e8a.png,39,540.6,399.3,Sem Raiz,11.48,10.0,4.0,12.0,0,0,0,0
C14-R6_jpg.rf.ade1541f55fdf3b82132f75e76369e8a.png,40,570.4,378.3,Normal,170.61,151.0,144.0,154.0,0,0,0,1
C14-R6_jpg.rf.ade1541f55fdf3b82132f75e76369e8a.png,41,86.4,467.1,Normal,226.87,217.0,213.0,225.0,0,0,0,4
C14-R6_jpg.rf.ade1541f55fdf3b82132f75e76369e8a.png,42,129.3,461.3,Normal,36.23,45.0,36.0,51.0,2,4,0,3
C14-R6_jpg.rf.ade1541f55fdf3b82132f75e76369e8a.png,43,178.2,473.2,Normal,183.22,169.0,168.0,174.0,0,0,0,2
C14-R6_jpg.rf.ade1541f55fdf3b82132f75e76369e8a.png,44,236.0,483.2,Normal,184.5,168.0,163.0,176.0,0,0,0,6
C14-R6_jpg.rf.ade1541f55fdf3b82132f75e76369e8a.png,45,258.4,477.2,Normal,137.69,135.0,127.0,140.0,0,0,0,6
C14-R6_jpg.rf.ade1541f55fdf3b82132f75e76369e8a.png,46,312.9,479.1,Normal,195.59,184.0,181.0,186.0,0,0,0,0
C14-R6_jpg.rf.ade1541f55fdf3b82132f75e76369e8a.png,47,334.7,464.4,Normal,134.29,130.0,125.0,134.0,0,0,0,1
C14-R6_jpg.rf.ade1541f55fdf3b82132f75e76369e8a.png,48,394.2,461.1,Normal,194.49,179.0,177.0,184.0,0,0,0,3
C14-R6_jpg.rf.ade1541f55fdf3b82132f75e76369e8a.png,49,438.2,459.7,Normal,154.34,144.0,145.0,154.0,0,0,0,6
C14-R6_jpg.rf.ade1541f55fdf3b82132f75e76369e8a.png,50,480.0,446.3,Normal,174.07,177.0,172.0,187.0,4,4,0,5
C14-R6_jpg.rf.ade1541f55fdf3b82132f75e76369e8a.png,51,504.5,490.4,Normal,183.08,176.0,169.0,185.0,0,3,0,4
C14-R6_jpg.rf.ade1541f55fdf3b82132f75e76369e8a.png,52,525.9,463.9,Sem Hipocótilo,124.14,116.0,114.0,117.0,0,0,0,0
C14-R6_jpg.rf.ade1541f55fdf3b82132f75e76369e8a.png,53,555.3,508.9,Normal,95.42,84.0,80.0,89.0,0,0,0,0
C14-R7_jpg.rf.4bdbc8bd90ed2f193ae82764f1d6f35d.png,1,144.9,112.8,Sem Raiz,21.64,20.0,18.0,20.0,0,0,0,0
C14-R7_jpg.rf.4bdbc8bd90ed2f193ae82764f1d6f35d.png,2,163.9,116.4,Normal,172.45,160.0,154.0,169.0,0,0,0,2
C14-R7_jpg.rf.4bdbc8bd90ed2f193ae82764f1d6f35d.png,3,207.3,117.4,Normal,172.84,162.0,155.0,171.0,1,2,0,4
C14-R7_jpg.rf.4bdbc8bd90ed2f193ae82764f1d6f35d.png,4,265.5,99.5,Normal,111.45,103.0,94.0,106.0,0,3,0,1
C14-R7_jpg.rf.4bdbc8bd90ed2f193ae82764f1d6f35d.png,5,326.9,115.2,Normal,155.02,161.0,149.0,164.0,4,11,3,6
C14-R7_jpg.rf.4bdbc8bd90ed2f193ae82764f1d6f35d.png,6,413.5,104.6,Normal,111.87,106.0,107.0,114.0,0,0,0,4
C14-R7_jpg.rf.4bdbc8bd90ed2f193ae82764f1d6f35d.png,7,455.3,116.2,Normal,113.56,108.0,103.0,113.0,0,0,0,2
C14-R7_jpg.rf.4bdbc8bd90ed2f193ae82764f1d6f35d.png,8,550.0,95.4,Normal,85.27,79.0,75.0,83.0,0,0,0,2
C14-R7_jpg.rf.4bdbc8bd90ed2f193ae82764f1d6f35d.png,9,122.0,122.9,Normal,122.34,110.0,104.0,115.0,0,0,0,2
C14-R7_jpg.rf.4bdbc8bd90ed2f193ae82764f1d6f35d.png,10,235.3,149.5,Normal,124.38,115.0,111.0,117.0,0,0,0,2
C14-R7_jpg.rf.4bdbc8bd90ed2f193ae82764f1d6f35d.png,11,360.9,146.1,Normal,185.39,180.0,176.0,189.0,0,0,0,7
C14-R7_jpg.rf.4bdbc8bd90ed2f193ae82764f1d6f35d.png,12,504.6,151.6,Normal,168.69,161.0,156.0,172.0,0,0,0,6
C14-R7_jpg.rf.4bdbc8bd90ed2f193ae82764f1d6f35d.png,13,125.4,243.9,Normal,77.3,81.0,73.0,93.0,1,1,3,9
C14-R7_jpg.rf.4bdbc8bd90ed2f193ae82764f1d6f35d.png,14,266.6,201.1,Normal,27.39,24.0,19.0,30.0,0,0,0,1
C14-R7_jpg.rf.4bdbc8bd90ed2f193ae82764f1d6f35d.png,15,299.7,218.6,Normal,96.88,89.0,82.0,92.0,0,0,0,1
C14-R7_jpg.rf.4bdbc8bd90ed2f193ae82764f1d6f35d.png,16,328.8,265.5,Normal,39.58,40.0,27.0,48.0,2,4,0,3
C14-R7_jpg.rf.4bdbc8bd90ed2f193ae82764f1d6f35d.png,17,385.5,262.3,Normal,153.4,152.0,148.0,158.0,0,6,4,6
C14-R7_jpg.rf.4bdbc8bd90ed2f193ae82764f1d6f35d.png,18,469.6,249.2,Normal,304.04,282.0,274.0,295.0,0,0,0,7
C14-R7_jpg.rf.4bdbc8bd90ed2f193ae82764f1d6f35d.png,19,543.1,258.2,Normal,192.79,176.0,166.0,177.0,2,4,0,1
C14-R7_jpg.rf.4bdbc8bd90ed2f193ae82764f1d6f35d.png,20,566.0,227.0,Normal,186.07,174.0,171.0,182.0,0,0,0,4
C14-R7_jpg.rf.4bdbc8bd90ed2f193ae82764f1d6f35d.png,21,114.4,356.6,Normal,105.34,98.0,94.0,108.0,3,3,1,12
C14-R7_jpg.rf.4bdbc8bd90ed2f193ae82764f1d6f35d.png,22,152.0,300.5,Normal,164.53,157.0,151.0,168.0,0,0,0,5
C14-R7_jpg.rf.4bdbc8bd90ed2f193ae82764f1d6f35d.png,23,176.7,317.1,Normal,127.33,123.0,118.0,125.0,0,1,0,1
C14-R7_jpg.rf.4bdbc8bd90ed2f193ae82764f1d6f35d.png,24,235.3,297.9,Normal,281.51,256.0,249.0,266.0,0,0,0,4
C14-R7_jpg.rf.4bdbc8bd90ed2f193ae82764f1d6f35d.png,25,277.1,300.3,Normal,136.27,131.0,126.0,135.0,0,1,0,1
C14-R7_jpg.rf.4bdbc8bd90ed2f193ae82764f1d6f35d.png,26,364.0,297.1,Normal,101.99,105.0,95.0,108.0,0,6,0,2
C14-R7_jpg.rf.4bdbc8bd90ed2f193ae82764f1d6f35d.png,27,405.6,289.5,Normal,140.26,134.0,128.0,139.0,0,0,0,4
C14-R7_jpg.rf.4bdbc8bd90ed2f193ae82764f1d6f35d.png,28,450.1,317.0,Normal,148.36,147.0,138.0,152.0,4,4,0,7
C14-R7_jpg.rf.4bdbc8bd90ed2f193ae82764f1d6f35d.png,29,188.3,406.0,Normal,140.11,138.0,128.0,147.0,0,3,0,3
C14-R7_jpg.rf.4bdbc8bd90ed2f193ae82764f1d6f35d.png,30,209.5,418.6,Normal,171.1,160.0,153.0,171.0,0,0,0,6
C14-R7_jpg.rf.4bdbc8bd90ed2f193ae82764f1d6f35d.png,31,267.2,367.7,Normal,99.78,97.0,88.0,103.0,0,1,0,1
C14-R7_jpg.rf.4bdbc8bd90ed2f193ae82764f1d6f35d.png,32,316.6,414.1,Normal,328.58,428.0,406.0,444.0,15,27,9,23
C14-R7_jpg.rf.4bdbc8bd90ed2f193ae82764f1d6f35d.png,33,356.4,397.0,Normal,189.07,175.0,168.0,184.0,0,3,0,3
C14-R7_jpg.rf.4bdbc8bd90ed2f193ae82764f1d6f35d.png,34,400.6,415.6,Normal,87.32,80.0,73.0,91.0,4,4,0,6
C14-R7_jpg.rf.4bdbc8bd90ed2f193ae82764f1d6f35d.png,35,464.3,410.8,Normal,180.08,157.0,151.0,161.0,0,0,0,1
C14-R7_jpg.rf.4bdbc8bd90ed2f193ae82764f1d6f35d.png,36,513.9,393.0,Normal,320.75,306.0,299.0,314.0,0,0,0,7
C14-R7_jpg.rf.4bdbc8bd90ed2f193ae82764f1d6f35d.png,37,532.9,381.0,Sem Raiz,22.88,22.0,19.0,24.0,0,0,0,1
C14-R7_jpg.rf.4bdbc8bd90ed2f193ae82764f1d6f35d.png,38,576.1,367.0,Sem Raiz,11.87,17.0,15.0,22.0,0,6,3,8
C14-R7_jpg.rf.4bdbc8bd90ed2f193ae82764f1d6f35d.png,39,132.3,501.1,Normal,137.4,129.0,126.0,135.0,0,0,0,1
C14-R7_jpg.rf.4bdbc8bd90ed2f193ae82764f1d6f35d.png,40,163.6,451.6,Normal,145.89,144.0,129.0,145.0,0,4,0,1
C14-R7_jpg.rf.4bdbc8bd90ed2f193ae82764f1d6f35d.png,41,225.8,469.6,Normal,187.12,175.0,174.0,183.0,0,0,0,3
C14-R7_jpg.rf.4bdbc8bd90ed2f193ae82764f1d6f35d.png,42,250.4,454.7,Normal,96.15,94.0,87.0,98.0,0,0,0,1
C14-R7_jpg.rf.4bdbc8bd90ed2f193ae82764f1d6f35d.png,43,380.2,468.5,Sem Raiz,31.73,29.0,29.0,35.0,0,0,0,0
C14-R7_jpg.rf.4bdbc8bd90ed2f193ae82764f1d6f35d.png,44,423.0,442.5,Normal,124.21,111.0,108.0,120.0,0,0,0,7
C14-R7_jpg.rf.4bdbc8bd90ed2f193ae82764f1d6f35d.png,45,475.0,487.8,Normal,160.67,158.0,149.0,164.0,0,3,0,2
C14-R7_jpg.rf.4bdbc8bd90ed2f193ae82764f1d6f35d.png,46,551.3,450.5,Normal,287.44,276.0,264.0,283.0,0,1,0,8
C14-R7_jpg.rf.4bdbc8bd90ed2f193ae82764f1d6f35d.png,47,388.6,536.1,Sem Hipocótilo,90.9,85.0,82.0,86.0,0,0,0,0
C14-R8_jpg.rf.16e0d119fd21bdc8a1ac25192834eeeb.png,1,135.8,99.7,Normal,139.06,130.0,128.0,132.0,0,0,0,0
C14-R8_jpg.rf.16e0d119fd21bdc8a1ac25192834eeeb.png,2,257.5,110.7,Normal,151.7,143.0,142.0,148.0,0,0,0,2
C14-R8_jpg.rf.16e0d119fd21bdc8a1ac25192834eeeb.png,3,511.0,80.3,Sem Raiz,39.12,36.0,34.0,39.0,0,0,0,1
C14-R8_jpg.rf.16e0d119fd21bdc8a1ac25192834eeeb.png,4,107.5,150.0,Normal,116.19,109.0,105.0,115.0,0,0,0,3
C14-R8_jpg.rf.16e0d119fd21bdc8a1ac25192834eeeb.png,5,168.5,120.6,Normal,122.13,114.0,107.0,121.0,0,0,0,2
C14-R8_jpg.rf.16e0d119fd21bdc8a1ac25192834eeeb.png,6,227.9,122.6,Normal,152.07,140.0,141.0,150.0,0,0,0,6
C14-R8_jpg.rf.16e0d119fd21bdc8a1ac25192834eeeb.png,7,298.6,122.2,Normal,112.4,104.0,99.0,108.0,0,0,0,3
C14-R8_jpg.rf.16e0d119fd21bdc8a1ac25192834eeeb.png,8,336.2,143.8,Normal,163.79,157.0,152.0,158.0,0,0,0,1
C14-R8_jpg.rf.16e0d119fd21bdc8a1ac25192834eeeb.png,9,353.5,181.0,Sem Raiz,9.13,15.0,7.0,17.0,1,5,0,4
C14-R8_jpg.rf.16e0d119fd21bdc8a1ac25192834eeeb.png,10,387.3,154.6,Normal,166.2,160.0,156.0,162.0,0,0,0,4
C14-R8_jpg.rf.16e0d119fd21bdc8a1ac25192834eeeb.png,11,524.2,177.9,Normal,124.03,116.0,112.0,122.0,0,0,0,6
C14-R8_jpg.rf.16e0d119fd21bdc8a1ac25192834eeeb.png,12,568.9,159.3,Normal,301.59,279.0,269.0,287.0,0,0,0,10
C14-R8_jpg.rf.16e0d119fd21bdc8a1ac25192834eeeb.png,13,139.4,243.8,Normal,153.59,146.0,144.0,149.0,0,0,0,0
C14-R8_jpg.rf.16e0d119fd21bdc8a1ac25192834eeeb.png,14,194.8,201.9,Normal,138.8,125.0,120.0,131.0,0,0,0,3
C14-R8_jpg.rf.16e0d119fd21bdc8a1ac25192834eeeb.png,15,221.8,245.1,Normal,68.52,62.0,57.0,69.0,0,3,0,6
C14-R8_jpg.rf.16e0d119fd21bdc8a1ac25192834eeeb.png,16,263.2,216.4,Sem Raiz,46.09,41.0,39.0,42.0,0,0,0,0
C14-R8_jpg.rf.16e0d119fd21bdc8a1ac25192834eeeb.png,17,348.1,270.2,Normal,153.31,143.0,139.0,148.0,0,0,0,4
C14-R8_jpg.rf.16e0d119fd21bdc8a1ac25192834eeeb.png,18,448.1,201.7,Normal,497.58,469.0,461.0,484.0,0,0,0,7
C14-R8_jpg.rf.16e0d119fd21bdc8a1ac25192834eeeb.png,19,496.5,218.6,Normal,383.23,354.0,351.0,366.0,0,0,0,3
C14-R8_jpg.rf.16e0d119fd21bdc8a1ac25192834eeeb.png,20,99.0,325.0,Normal,181.03,164.0,155.0,169.0,0,0,0,3
C14-R8_jpg.rf.16e0d119fd21bdc8a1ac25192834eeeb.png,21,179.6,290.2,Sem Raiz,31.02,29.0,28.0,32.0,0,0,0,3
C14-R8_jpg.rf.16e0d119fd21bdc8a1ac25192834eeeb.png,22,231.3,345.9,Normal,149.58,145.0,141.0,149.0,0,0,0,2
C14-R8_jpg.rf.16e0d119fd21bdc8a1ac25192834eeeb.png,23,262.1,281.3,Normal,108.87,101.0,98.0,109.0,0,5,2,9
C14-R8_jpg.rf.16e0d119fd21bdc8a1ac25192834eeeb.png,24,381.8,291.0,Normal,108.81,93.0,93.0,99.0,0,0,0,3
C14-R8_jpg.rf.16e0d119fd21bdc8a1ac25192834eeeb.png,25,415.2,341.1,Normal,110.36,96.0,91.0,105.0,0,0,0,3
C14-R8_jpg.rf.16e0d119fd21bdc8a1ac25192834eeeb.png,26,546.9,294.5,Normal,112.49,109.0,107.0,115.0,0,0,0,2
C14-R8_jpg.rf.16e0d119fd21bdc8a1ac25192834eeeb.png,27,567.0,356.9,Normal,157.22,151.0,144.0,153.0,0,1,0,2
C14-R8_jpg.rf.16e0d119fd21bdc8a1ac25192834eeeb.png,28,114.9,415.6,Normal,157.39,148.0,141.0,156.0,0,0,0,3
C14-R8_jpg.rf.16e0d119fd21bdc8a1ac25192834eeeb.png,29,145.0,404.5,Normal,146.41,146.0,140.0,150.0,4,4,3,3
C14-R8_jpg.rf.16e0d119fd21bdc8a1ac25192834eeeb.png,30,172.7,430.9,Sem Raiz,18.1,16.0,15.0,19.0,0,0,0,1
C14-R8_jpg.rf.16e0d119fd21bdc8a1ac25192834eeeb.png,31,214.5,385.8,Normal,150.7,143.0,138.0,148.0,0,0,0,4
C14-R8_jpg.rf.16e0d119fd21bdc8a1ac25192834eeeb.png,32,249.9,409.6,Normal,165.46,155.0,147.0,160.0,2,2,0,3
C14-R8_jpg.rf.16e0d119fd21bdc8a1ac25192834eeeb.png,33,304.3,365.5,Normal,297.33,275.0,271.0,288.0,0,0,0,6
C14-R8_jpg.rf.16e0d119fd21bdc8a1ac25192834eeeb.png,34,330.1,422.8,Normal,337.3,327.0,315.0,341.0,4,4,0,14
C14-R8_jpg.rf.16e0d119fd21bdc8a1ac25192834eeeb.png,35,366.8,362.0,Sem Raiz,16.87,16.0,12.0,19.0,0,0,0,3
C14-R8_jpg.rf.16e0d119fd21bdc8a1ac25192834eeeb.png,36,380.7,430.6,Normal,143.64,131.0,127.0,137.0,0,0,0,5
C14-R8_jpg.rf.16e0d119fd21bdc8a1ac25192834eeeb.png,37,444.1,424.9,Sem Hipocótilo,97.87,92.0,89.0,92.0,0,0,0,0
C14-R8_jpg.rf.16e0d119fd21bdc8a1ac25192834eeeb.png,38,503.5,385.1,Sem Raiz,9.67,13.0,2.0,11.0,3,3,0,0
C14-R8_jpg.rf.16e0d119fd21bdc8a1ac25192834eeeb.png,39,517.4,398.3,Normal,185.87,185.0,185.0,198.0,0,14,10,18
C14-R8_jpg.rf.16e0d119fd21bdc8a1ac25192834eeeb.png,40,157.3,490.1,Sem Hipocótilo,120.26,118.0,114.0,119.0,0,0,0,0
C14-R8_jpg.rf.16e0d119fd21bdc8a1ac25192834eeeb.png,41,195.7,484.1,Normal,131.98,129.0,124.0,136.0,0,0,0,6
C14-R8_jpg.rf.16e0d119fd21bdc8a1ac25192834eeeb.png,42,262.2,454.2,Normal,160.79,152.0,150.0,158.0,0,0,0,1
C14-R8_jpg.rf.16e0d119fd21bdc8a1ac25192834eeeb.png,43,393.4,454.9,Normal,215.49,201.0,198.0,209.0,0,0,0,7
C14-R8_jpg.rf.16e0d119fd21bdc8a1ac25192834eeeb.png,44,419.1,483.2,Normal,115.69,112.0,105.0,122.0,0,1,0,5
C14-R8_jpg.rf.16e0d119fd21bdc8a1ac25192834eeeb.png,45,482.2,478.1,Normal,355.86,338.0,323.0,346.0,0,1,0,7
C14-R8_jpg.rf.16e0d119fd21bdc8a1ac25192834eeeb.png,46,540.6,480.3,Normal,189.27,185.0,179.0,194.0,0,0,0,3
C14-R9_jpg.rf.9bb1a25ea61fb4dd4b73e97f43c3f043.png,1,179.3,110.5,Normal,116.49,106.0,103.0,115.0,0,0,0,8
C14-R9_jpg.rf.9bb1a25ea61fb4dd4b73e97f43c3f043.png,2,272.2,66.9,Sem Raiz,37.5,34.0,32.0,37.0,0,0,0,0
C14-R9_jpg.rf.9bb1a25ea61fb4dd4b73e97f43c3f043.png,3,431.8,118.2,Normal,131.67,124.0,123.0,128.0,0,0,0,1
C14-R9_jpg.rf.9bb1a25ea61fb4dd4b73e97f43c3f043.png,4,550.2,113.3,Sem Raiz,49.45,43.0,42.0,43.0,0,0,0,0
C14-R9_jpg.rf.9bb1a25ea61fb4dd4b73e97f43c3f043.png,5,142.4,129.6,Normal,143.61,132.0,128.0,139.0,0,0,0,7
C14-R9_jpg.rf.9bb1a25ea61fb4dd4b73e97f43c3f043.png,6,202.6,142.6,Sem Raiz,28.61,38.0,29.0,39.0,3,12,3,10
C14-R9_jpg.rf.9bb1a25ea61fb4dd4b73e97f43c3f043.png,7,228.9,149.3,Normal,149.89,147.0,137.0,154.0,3,3,1,10
C14-R9_jpg.rf.9bb1a25ea61fb4dd4b73e97f43c3f043.png,8,269.2,149.6,Sem Hipocótilo,114.5,110.0,109.0,111.0,0,0,0,1
C14-R9_jpg.rf.9bb1a25ea61fb4dd4b73e97f43c3f043.png,9,298.4,197.0,Normal,182.83,177.0,173.0,186.0,2,2,0,9
C14-R9_jpg.rf.9bb1a25ea61fb4dd4b73e97f43c3f043.png,10,313.1,142.1,Normal,185.6,173.0,172.0,178.0,0,0,0,1
C14-R9_jpg.rf.9bb1a25ea61fb4dd4b73e97f43c3f043.png,11,376.1,133.3,Normal,175.31,165.0,158.0,170.0,0,0,0,3
C14-R9_jpg.rf.9bb1a25ea61fb4dd4b73e97f43c3f043.png,12,401.7,151.6,Normal,183.01,174.0,169.0,179.0,0,0,0,1
C14-R9_jpg.rf.9bb1a25ea61fb4dd4b73e97f43c3f043.png,13,471.6,146.9,Normal,176.36,167.0,159.0,172.0,0,0,0,2
C14-R9_jpg.rf.9bb1a25ea61fb4dd4b73e97f43c3f043.png,14,516.2,138.7,Normal,164.09,151.0,146.0,157.0,0,0,0,6
C14-R9_jpg.rf.9bb1a25ea61fb4dd4b73e97f43c3f043.png,15,562.8,165.3,Sem Hipocótilo,59.91,59.0,58.0,60.0,0,0,0,0
C14-R9_jpg.rf.9bb1a25ea61fb4dd4b73e97f43c3f043.png,16,115.5,258.7,Normal,136.37,148.0,142.0,156.0,3,6,6,7
C14-R9_jpg.rf.9bb1a25ea61fb4dd4b73e97f43c3f043.png,17,164.8,237.3,Normal,97.42,89.0,85.0,99.0,0,0,0,4
C14-R9_jpg.rf.9bb1a25ea61fb4dd4b73e97f43c3f043.png,18,233.4,276.5,Normal,85.14,82.0,73.0,85.0,0,0,0,2
C14-R9_jpg.rf.9bb1a25ea61fb4dd4b73e97f43c3f043.png,19,341.4,226.7,Normal,379.88,360.0,354.0,375.0,0,0,0,7
C14-R9_jpg.rf.9bb1a25ea61fb4dd4b73e97f43c3f043.png,20,365.1,214.4,Sem Raiz,38.84,33.0,28.0,36.0,0,0,0,1
C14-R9_jpg.rf.9bb1a25ea61fb4dd4b73e97f43c3f043.png,21,381.8,262.1,Sem Hipocótilo,63.93,58.0,57.0,59.0,0,0,0,0
C14-R9_jpg.rf.9bb1a25ea61fb4dd4b73e97f43c3f043.png,22,564.8,211.8,Sem Raiz,37.57,34.0,34.0,40.0,0,0,0,5
C14-R9_jpg.rf.9bb1a25ea61fb4dd4b73e97f43c3f043.png,23,136.1,339.7,Normal,175.03,163.0,157.0,166.0,0,0,0,3
C14-R9_jpg.rf.9bb1a25ea61fb4dd4b73e97f43c3f043.png,24,171.6,346.9,Normal,474.75,448.0,431.0,454.0,0,1,0,9
C14-R9_jpg.rf.9bb1a25ea61fb4dd4b73e97f43c3f043.png,25,257.6,320.7,Sem Raiz,13.24,12.0,12.0,17.0,0,0,0,3
C14-R9_jpg.rf.9bb1a25ea61fb4dd4b73e97f43c3f043.png,26,296.7,358.6,Normal,317.6,309.0,299.0,318.0,0,4,1,3
C14-R9_jpg.rf.9bb1a25ea61fb4dd4b73e97f43c3f043.png,27,366.6,286.1,Sem Raiz,38.19,32.0,29.0,37.0,0,0,0,2
C14-R9_jpg.rf.9bb1a25ea61fb4dd4b73e97f43c3f043.png,28,382.1,337.2,Sem Hipocótilo,66.72,60.0,59.0,62.0,0,0,0,0
C14-R9_jpg.rf.9bb1a25ea61fb4dd4b73e97f43c3f043.png,29,416.4,315.7,Normal,164.62,157.0,152.0,162.0,0,0,0,3
C14-R9_jpg.rf.9bb1a25ea61fb4dd4b73e97f43c3f043.png,30,442.8,331.9,Normal,328.5,308.0,297.0,315.0,0,1,0,5
C14-R9_jpg.rf.9bb1a25ea61fb4dd4b73e97f43c3f043.png,31,488.9,285.5,Normal,157.31,153.0,149.0,160.0,0,10,5,11
C14-R9_jpg.rf.9bb1a25ea61fb4dd4b73e97f43c3f043.png,32,525.7,293.8,Sem Raiz,6.52,7.0,7.0,15.0,0,0,0,0
C14-R9_jpg.rf.9bb1a25ea61fb4dd4b73e97f43c3f043.png,33,551.5,293.2,Normal,120.76,110.0,104.0,115.0,0,0,0,3
C14-R9_jpg.rf.9bb1a25ea61fb4dd4b73e97f43c3f043.png,34,577.0,287.8,Sem Hipocótilo,120.34,117.0,115.0,120.0,0,0,0,1
C14-R9_jpg.rf.9bb1a25ea61fb4dd4b73e97f43c3f043.png,35,111.6,385.8,Sem Raiz,32.47,29.0,27.0,30.0,0,0,0,0
C14-R9_jpg.rf.9bb1a25ea61fb4dd4b73e97f43c3f043.png,36,207.8,365.9,Normal,120.43,113.0,108.0,121.0,0,0,0,9
C14-R9_jpg.rf.9bb1a25ea61fb4dd4b73e97f43c3f043.png,37,220.2,434.8,Normal,155.09,159.0,151.0,169.0,1,11,4,9
C14-R9_jpg.rf.9bb1a25ea61fb4dd4b73e97f43c3f043.png,38,250.2,390.4,Normal,127.33,127.0,119.0,141.0,0,3,0,12
C14-R9_jpg.rf.9bb1a25ea61fb4dd4b73e97f43c3f043.png,39,369.1,419.6,Normal,168.68,154.0,152.0,158.0,0,0,0,1
C14-R9_jpg.rf.9bb1a25ea61fb4dd4b73e97f43c3f043.png,40,516.7,361.1,Sem Hipocótilo,113.54,108.0,106.0,110.0,0,0,0,1
C14-R9_jpg.rf.9bb1a25ea61fb4dd4b73e97f43c3f043.png,41,103.9,470.8,Sem Hipocótilo,136.42,123.0,121.0,123.0,0,0,0,0
C14-R9_jpg.rf.9bb1a25ea61fb4dd4b73e97f43c3f043.png,42,184.3,455.7,Normal,342.79,323.0,314.0,340.0,7,8,1,9
C14-R9_jpg.rf.9bb1a25ea61fb4dd4b73e97f43c3f043.png,43,270.9,494.6,Sem Hipocótilo,114.94,110.0,106.0,111.0,0,0,0,0
C14-R9_jpg.rf.9bb1a25ea61fb4dd4b73e97f43c3f043.png,44,291.7,483.5,Normal,188.4,177.0,172.0,182.0,0,0,0,2
C14-R9_jpg.rf.9bb1a25ea61fb4dd4b73e97f43c3f043.png,45,338.4,459.9,Normal,196.8,188.0,182.0,196.0,0,1,0,5
C14-R9_jpg.rf.9bb1a25ea61fb4dd4b73e97f43c3f043.png,46,380.5,511.1,Normal,70.25,69.0,63.0,74.0,3,3,0,1
C14-R9_jpg.rf.9bb1a25ea61fb4dd4b73e97f43c3f043.png,47,398.6,476.8,Normal,169.31,164.0,157.0,165.0,0,0,0,1
C14-R9_jpg.rf.9bb1a25ea61fb4dd4b73e97f43c3f043.png,48,466.3,444.2,Normal,152.92,151.0,142.0,154.0,0,3,0,2
C14-R9_jpg.rf.9bb1a25ea61fb4dd4b73e97f43c3f043.png,49,486.3,444.2,Normal,174.63,162.0,157.0,166.0,0,0,0,1
C14-R9_jpg.rf.9bb1a25ea61fb4dd4b73e97f43c3f043.png,50,513.6,505.6,Normal,128.42,123.0,117.0,127.0,0,1,0,5
C14-R9_jpg.rf.9bb1a25ea61fb4dd4b73e97f43c3f043.png,51,548.4,458.9,Normal,218.31,211.0,210.0,217.0,0,0,0,1
C14-R9_jpg.rf.9bb1a25ea61fb4dd4b73e97f43c3f043.png,52,569.4,479.8,Normal,164.36,153.0,151.0,155.0,0,0,0,2
C14-R9_jpg.rf.9bb1a25ea61fb4dd4b73e97f43c3f043.png,53,429.8,545.4,Normal,25.35,24.0,19.0,33.0,0,0,0,5
C15-R10_jpg.rf.edd328cd443a43c5ad4baec929da9b10.png,1,192.0,119.0,Normal,70.56,68.0,59.0,73.0,3,5,0,4
C15-R10_jpg.rf.edd328cd443a43c5ad4baec929da9b10.png,2,108.2,161.8,Normal,91.78,85.0,77.0,88.0,0,0,0,2
C15-R10_jpg.rf.edd328cd443a43c5ad4baec929da9b10.png,3,141.8,189.6,Normal,78.44,72.0,68.0,75.0,0,0,0,0
C15-R10_jpg.rf.edd328cd443a43c5ad4baec929da9b10.png,4,142.9,144.3,Sem Raiz,3.5,4.0,1.0,7.0,0,0,0,1
C15-R10_jpg.rf.edd328cd443a43c5ad4baec929da9b10.png,5,176.7,192.0,Normal,132.11,124.0,118.0,131.0,0,0,0,4
C15-R10_jpg.rf.edd328cd443a43c5ad4baec929da9b10.png,6,229.9,146.7,Normal,76.45,71.0,64.0,75.0,0,0,0,4
C15-R10_jpg.rf.edd328cd443a43c5ad4baec929da9b10.png,7,270.5,134.5,Normal,74.43,66.0,57.0,72.0,4,4,0,4
C15-R10_jpg.rf.edd328cd443a43c5ad4baec929da9b10.png,8,293.6,189.0,Normal,72.06,78.0,70.0,85.0,4,8,0,4
C15-R10_jpg.rf.edd328cd443a43c5ad4baec929da9b10.png,9,316.4,131.8,Normal,125.29,115.0,109.0,124.0,0,0,0,5
C15-R10_jpg.rf.edd328cd443a43c5ad4baec929da9b10.png,10,374.9,123.6,Normal,107.92,99.0,98.0,110.0,0,0,0,1
C15-R10_jpg.rf.edd328cd443a43c5ad4baec929da9b10.png,11,415.3,142.8,Normal,105.96,101.0,93.0,106.0,3,3,0,4
C15-R10_jpg.rf.edd328cd443a43c5ad4baec929da9b10.png,12,443.1,136.8,Normal,88.38,84.0,77.0,88.0,0,1,0,2
C15-R10_jpg.rf.edd328cd443a43c5ad4baec929da9b10.png,13,468.6,185.9,Normal,76.53,79.0,62.0,87.0,3,6,0,9
C15-R10_jpg.rf.edd328cd443a43c5ad4baec929da9b10.png,14,495.2,142.9,Normal,42.45,38.0,29.0,50.0,1,1,0,5
C15-R10_jpg.rf.edd328cd443a43c5ad4baec929da9b10.png,15,509.3,175.2,Sem Hipocótilo,40.21,38.0,37.0,38.0,0,0,0,0
C15-R10_jpg.rf.edd328cd443a43c5ad4baec929da9b10.png,16,532.5,168.2,Normal,81.71,88.0,81.0,94.0,0,3,0,4
C15-R10_jpg.rf.edd328cd443a43c5ad4baec929da9b10.png,17,573.4,181.2,Normal,128.09,116.0,113.0,121.0,0,0,0,4
C15-R10_jpg.rf.edd328cd443a43c5ad4baec929da9b10.png,18,238.5,238.2,Normal,113.45,102.0,98.0,107.0,0,0,0,1
C15-R10_jpg.rf.edd328cd443a43c5ad4baec929da9b10.png,19,332.3,231.4,Normal,99.35,91.0,82.0,96.0,0,0,0,2
C15-R10_jpg.rf.edd328cd443a43c5ad4baec929da9b10.png,20,370.3,222.5,Normal,94.54,85.0,81.0,91.0,0,0,0,1
C15-R10_jpg.rf.edd328cd443a43c5ad4baec929da9b10.png,21,403.6,233.9,Sem Raiz,6.07,15.0,8.0,17.0,2,4,0,3
C15-R10_jpg.rf.edd328cd443a43c5ad4baec929da9b10.png,22,423.1,240.6,Normal,80.49,75.0,72.0,82.0,0,0,0,4
C15-R10_jpg.rf.edd328cd443a43c5ad4baec929da9b10.png,23,479.5,238.4,Normal,45.13,44.0,35.0,54.0,0,4,0,5
C15-R10_jpg.rf.edd328cd443a43c5ad4baec929da9b10.png,24,508.5,270.0,Sem Hipocótilo,40.58,33.0,31.0,34.0,0,0,0,0
C15-R10_jpg.rf.edd328cd443a43c5ad4baec929da9b10.png,25,517.2,226.3,Normal,48.33,42.0,31.0,50.0,0,0,0,4
C15-R10_jpg.rf.edd328cd443a43c5ad4baec929da9b10.png,26,117.7,286.5,Normal,88.93,82.0,81.0,91.0,0,0,0,2
C15-R10_jpg.rf.edd328cd443a43c5ad4baec929da9b10.png,27,142.8,293.5,Sem Raiz,41.99,37.0,33.0,40.0,0,0,0,1
C15-R10_jpg.rf.edd328cd443a43c5ad4baec929da9b10.png,28,150.8,329.9,Sem Hipocótilo,29.32,28.0,24.0,28.0,0,0,0,0
C15-R10_jpg.rf.edd328cd443a43c5ad4baec929da9b10.png,29,213.9,284.1,Normal,104.46,93.0,93.0,102.0,0,0,0,3
C15-R10_jpg.rf.edd328cd443a43c5ad4baec929da9b10.png,30,244.6,323.9,Normal,44.29,39.0,39.0,53.0,0,0,0,7
C15-R10_jpg.rf.edd328cd443a43c5ad4baec929da9b10.png,31,294.2,293.6,Normal,76.19,70.0,67.0,76.0,0,0,0,1
C15-R10_jpg.rf.edd328cd443a43c5ad4baec929da9b10.png,32,340.7,297.7,Normal,52.9,48.0,41.0,51.0,0,0,0,0
C15-R10_jpg.rf.edd328cd443a43c5ad4baec929da9b10.png,33,381.3,359.6,Normal,69.35,71.0,61.0,79.0,4,8,4,9
C15-R10_jpg.rf.edd328cd443a43c5ad4baec929da9b10.png,34,395.0,284.7,Sem Hipocótilo,78.14,69.0,65.0,71.0,0,0,0,3
C15-R10_jpg.rf.edd328cd443a43c5ad4baec929da9b10.png,35,437.1,356.6,Normal,151.48,138.0,135.0,148.0,0,0,0,5
C15-R10_jpg.rf.edd328cd443a43c5ad4baec929da9b10.png,36,480.0,288.0,Sem Hipocótilo,37.95,37.0,36.0,39.0,0,0,0,1
C15-R10_jpg.rf.edd328cd443a43c5ad4baec929da9b10.png,37,502.4,342.5,Normal,78.89,72.0,62.0,82.0,0,0,0,2
C15-R10_jpg.rf.edd328cd443a43c5ad4baec929da9b10.png,38,555.7,305.0,Normal,100.9,85.0,79.0,90.0,0,0,0,3
C15-R10_jpg.rf.edd328cd443a43c5ad4baec929da9b10.png,39,227.6,389.9,Normal,42.64,44.0,34.0,49.0,0,0,0,3
C15-R10_jpg.rf.edd328cd443a43c5ad4baec929da9b10.png,40,287.0,388.6,Sem Hipocótilo,22.77,21.0,13.0,21.0,0,0,0,0
C15-R10_jpg.rf.edd328cd443a43c5ad4baec929da9b10.png,41,390.1,388.2,Sem Raiz,23.84,21.0,19.0,28.0,0,0,0,4
C15-R10_jpg.rf.edd328cd443a43c5ad4baec929da9b10.png,42,451.6,427.9,Sem Raiz,28.98,29.0,26.0,32.0,0,3,0,3
C15-R10_jpg.rf.edd328cd443a43c5ad4baec929da9b10.png,43,529.9,378.0,Normal,73.36,71.0,62.0,72.0,0,4,0,1
C15-R10_jpg.rf.edd328cd443a43c5ad4baec929da9b10.png,44,546.2,412.1,Normal,75.63,73.0,70.0,82.0,0,0,0,5
C15-R10_jpg.rf.edd328cd443a43c5ad4baec929da9b10.png,45,114.8,481.1,Normal,130.11,114.0,111.0,119.0,0,0,0,1
C15-R10_jpg.rf.edd328cd443a43c5ad4baec929da9b10.png,46,154.6,440.6,Normal,133.57,128.0,120.0,133.0,0,0,0,3
C15-R10_jpg.rf.edd328cd443a43c5ad4baec929da9b10.png,47,200.3,471.1,Normal,92.79,82.0,76.0,84.0,0,0,0,1
C15-R10_jpg.rf.edd328cd443a43c5ad4baec929da9b10.png,48,247.5,459.3,Normal,100.87,98.0,95.0,99.0,0,0,0,0
C15-R10_jpg.rf.edd328cd443a43c5ad4baec929da9b10.png,49,263.9,443.9,Normal,78.26,73.0,69.0,86.0,0,0,0,7
C15-R10_jpg.rf.edd328cd443a43c5ad4baec929da9b10.png,50,305.0,472.7,Normal,62.93,59.0,57.0,64.0,0,0,0,0
C15-R10_jpg.rf.edd328cd443a43c5ad4baec929da9b10.png,51,328.4,447.1,Normal,92.52,89.0,80.0,104.0,0,0,0,3
C15-R10_jpg.rf.edd328cd443a43c5ad4baec929da9b10.png,52,368.2,450.4,Sem Hipocótilo,81.83,73.0,69.0,74.0,0,0,0,0
C15-R10_jpg.rf.edd328cd443a43c5ad4baec929da9b10.png,53,407.2,476.4,Normal,109.98,101.0,95.0,104.0,0,0,0,0
C15-R10_jpg.rf.edd328cd443a43c5ad4baec929da9b10.png,54,433.6,496.0,Sem Hipocótilo,104.82,94.0,93.0,95.0,0,0,0,1
C15-R10_jpg.rf.edd328cd443a43c5ad4baec929da9b10.png,55,478.8,473.3,Normal,205.73,190.0,177.0,203.0,0,0,0,9
C15-R10_jpg.rf.edd328cd443a43c5ad4baec929da9b10.png,56,563.3,461.2,Normal,145.43,129.0,117.0,130.0,0,0,0,0
C15-R1_jpg.rf.bc5539f9d9de157c002bba13562a831e.png,1,177.6,109.5,Sem Raiz,21.4,34.0,35.0,44.0,0,9,3,6
C15-R1_jpg.rf.bc5539f9d9de157c002bba13562a831e.png,2,513.2,108.3,Normal,77.54,75.0,66.0,83.0,0,4,0,7
C15-R1_jpg.rf.bc5539f9d9de157c002bba13562a831e.png,3,113.3,129.4,Normal,135.19,127.0,125.0,134.0,0,0,0,4
C15-R1_jpg.rf.bc5539f9d9de157c002bba13562a831e.png,4,215.4,174.6,Normal,86.63,86.0,88.0,94.0,0,4,3,2
C15-R1_jpg.rf.bc5539f9d9de157c002bba13562a831e.png,5,260.7,153.8,Normal,79.61,74.0,73.0,83.0,0,0,0,4
C15-R1_jpg.rf.bc5539f9d9de157c002bba13562a831e.png,6,295.0,169.7,Normal,70.37,64.0,55.0,71.0,0,0,0,7
C15-R1_jpg.rf.bc5539f9d9de157c002bba13562a831e.png,7,341.7,154.9,Normal,73.43,70.0,67.0,78.0,0,0,0,2
C15-R1_jpg.rf.bc5539f9d9de157c002bba13562a831e.png,8,412.6,171.0,Normal,68.0,63.0,53.0,71.0,0,0,0,4
C15-R1_jpg.rf.bc5539f9d9de157c002bba13562a831e.png,9,444.4,166.9,Normal,124.02,114.0,111.0,126.0,0,0,0,4
C15-R1_jpg.rf.bc5539f9d9de157c002bba13562a831e.png,10,484.3,167.1,Normal,49.77,47.0,46.0,58.0,0,0,0,3
C15-R1_jpg.rf.bc5539f9d9de157c002bba13562a831e.png,11,542.6,151.2,Normal,80.55,70.0,62.0,83.0,0,3,0,5
C15-R1_jpg.rf.bc5539f9d9de157c002bba13562a831e.png,12,126.1,213.6,Sem Hipocótilo,62.02,59.0,57.0,66.0,0,0,0,3
C15-R1_jpg.rf.bc5539f9d9de157c002bba13562a831e.png,13,171.5,204.9,Normal,99.73,94.0,91.0,103.0,0,0,0,4
C15-R1_jpg.rf.bc5539f9d9de157c002bba13562a831e.png,14,245.8,220.0,Normal,66.14,59.0,50.0,64.0,0,0,0,2
C15-R1_jpg.rf.bc5539f9d9de157c002bba13562a831e.png,15,264.2,278.7,Sem Raiz,27.65,25.0,25.0,27.0,0,0,0,0
C15-R1_jpg.rf.bc5539f9d9de157c002bba13562a831e.png,16,302.6,279.9,Normal,100.4,94.0,86.0,95.0,0,3,0,3
C15-R1_jpg.rf.bc5539f9d9de157c002bba13562a831e.png,17,347.5,236.5,Normal,79.35,72.0,67.0,83.0,0,0,0,6
C15-R1_jpg.rf.bc5539f9d9de157c002bba13562a831e.png,18,399.3,253.9,Normal,51.56,51.0,45.0,55.0,0,1,0,2
C15-R1_jpg.rf.bc5539f9d9de157c002bba13562a831e.png,19,441.7,258.0,Normal,97.03,86.0,84.0,95.0,0,0,0,2
C15-R1_jpg.rf.bc5539f9d9de157c002bba13562a831e.png,20,482.8,272.9,Normal,76.74,73.0,67.0,79.0,3,3,0,4
C15-R1_jpg.rf.bc5539f9d9de157c002bba13562a831e.png,21,537.0,243.5,Normal,70.99,62.0,55.0,66.0,0,0,0,2
C15-R1_jpg.rf.bc5539f9d9de157c002bba13562a831e.png,22,144.9,294.3,Normal,71.34,69.0,69.0,91.0,0,8,0,11
C15-R1_jpg.rf.bc5539f9d9de157c002bba13562a831e.png,23,225.4,323.7,Normal,97.82,91.0,84.0,99.0,0,0,0,5
C15-R1_jpg.rf.bc5539f9d9de157c002bba13562a831e.png,24,244.3,300.8,Sem Hipocótilo,37.6,34.0,35.0,35.0,0,0,0,0
C15-R1_jpg.rf.bc5539f9d9de157c002bba13562a831e.png,25,333.6,348.3,Normal,81.02,77.0,70.0,84.0,0,0,0,0
C15-R1_jpg.rf.bc5539f9d9de157c002bba13562a831e.png,26,434.1,290.5,Normal,66.98,62.0,56.0,66.0,0,0,0,3
C15-R1_jpg.rf.bc5539f9d9de157c002bba13562a831e.png,27,466.5,349.5,Sem Raiz,7.82,7.0,6.0,10.0,0,0,0,0
C15-R1_jpg.rf.bc5539f9d9de157c002bba13562a831e.png,28,539.2,331.8,Sem Hipocótilo,52.16,49.0,43.0,50.0,0,0,0,0
C15-R1_jpg.rf.bc5539f9d9de157c002bba13562a831e.png,29,121.2,372.1,Normal,219.85,198.0,187.0,211.0,0,0,0,5
C15-R1_jpg.rf.bc5539f9d9de157c002bba13562a831e.png,30,182.8,376.4,Normal,121.46,119.0,113.0,126.0,0,3,0,4
C15-R1_jpg.rf.bc5539f9d9de157c002bba13562a831e.png,31,267.8,366.5,Normal,118.12,114.0,110.0,125.0,0,0,0,3
C15-R1_jpg.rf.bc5539f9d9de157c002bba13562a831e.png,32,298.2,401.8,Normal,136.37,119.0,114.0,128.0,3,3,0,7
C15-R1_jpg.rf.bc5539f9d9de157c002bba13562a831e.png,33,333.2,438.7,Normal,76.16,72.0,67.0,76.0,0,0,0,1
C15-R1_jpg.rf.bc5539f9d9de157c002bba13562a831e.png,34,358.2,385.6,Normal,85.68,82.0,74.0,87.0,0,0,0,1
C15-R1_jpg.rf.bc5539f9d9de157c002bba13562a831e.png,35,383.6,361.2,Normal,94.19,95.0,88.0,102.0,0,4,0,4
C15-R1_jpg.rf.bc5539f9d9de157c002bba13562a831e.png,36,407.0,431.0,Normal,130.89,129.0,109.0,132.0,4,4,0,1
C15-R1_jpg.rf.bc5539f9d9de157c002bba13562a831e.png,37,456.8,406.0,Normal,98.25,97.0,87.0,105.0,0,0,0,2
C15-R1_jpg.rf.bc5539f9d9de157c002bba13562a831e.png,38,491.7,388.9,Normal,128.04,120.0,115.0,128.0,0,0,0,1
C15-R1_jpg.rf.bc5539f9d9de157c002bba13562a831e.png,39,505.2,410.4,Normal,78.57,76.0,75.0,78.0,0,0,0,0
C15-R1_jpg.rf.bc5539f9d9de157c002bba13562a831e.png,40,556.4,374.2,Sem Raiz,24.62,21.0,19.0,25.0,0,0,0,1
C15-R1_jpg.rf.bc5539f9d9de157c002bba13562a831e.png,41,114.4,484.8,Sem Raiz,17.35,16.0,14.0,19.0,0,0,0,3
C15-R1_jpg.rf.bc5539f9d9de157c002bba13562a831e.png,42,163.7,456.7,Normal,80.53,82.0,76.0,87.0,2,7,0,4
C15-R1_jpg.rf.bc5539f9d9de157c002bba13562a831e.png,43,183.4,501.7,Normal,112.27,100.0,92.0,107.0,3,3,0,4
C15-R1_jpg.rf.bc5539f9d9de157c002bba13562a831e.png,44,233.6,474.4,Normal,78.65,72.0,69.0,76.0,0,0,0,1
C15-R1_jpg.rf.bc5539f9d9de157c002bba13562a831e.png,45,261.9,446.4,Normal,97.04,92.0,88.0,98.0,0,0,0,4
C15-R1_jpg.rf.bc5539f9d9de157c002bba13562a831e.png,46,288.3,477.9,Normal,133.19,121.0,111.0,122.0,0,0,0,0
C15-R1_jpg.rf.bc5539f9d9de157c002bba13562a831e.png,47,376.9,483.3,Normal,61.91,61.0,47.0,63.0,0,3,0,1
C15-R1_jpg.rf.bc5539f9d9de157c002bba13562a831e.png,48,436.0,447.0,Normal,99.61,95.0,88.0,98.0,0,4,0,3
C15-R1_jpg.rf.bc5539f9d9de157c002bba13562a831e.png,49,518.2,502.3,Normal,81.37,73.0,63.0,75.0,0,0,0,0
C15-R1_jpg.rf.bc5539f9d9de157c002bba13562a831e.png,50,553.3,482.4,Normal,142.24,131.0,122.0,134.0,0,0,0,1
C15-R2_jpg.rf.3a9920e83663e5ccaba89201b21cdf50.png,1,196.1,117.3,Normal,84.22,73.0,62.0,79.0,0,3,0,4
C15-R2_jpg.rf.3a9920e83663e5ccaba89201b21cdf50.png,2,110.7,150.9,Normal,65.78,63.0,55.0,71.0,0,0,0,4
C15-R2_jpg.rf.3a9920e83663e5ccaba89201b21cdf50.png,3,163.0,197.2,Normal,117.95,108.0,104.0,115.0,0,0,0,2
C15-R2_jpg.rf.3a9920e83663e5ccaba89201b21cdf50.png,4,253.4,158.6,Normal,118.75,106.0,100.0,110.0,0,0,0,2
C15-R2_jpg.rf.3a9920e83663e5ccaba89201b21cdf50.png,5,274.6,198.0,Sem Raiz,24.66,22.0,16.0,25.0,0,0,0,1
C15-R2_jpg.rf.3a9920e83663e5ccaba89201b21cdf50.png,6,311.6,192.6,Normal,67.87,62.0,57.0,63.0,0,0,0,0
C15-R2_jpg.rf.3a9920e83663e5ccaba89201b21cdf50.png,7,340.7,156.4,Normal,75.76,67.0,62.0,72.0,0,0,0,4
C15-R2_jpg.rf.3a9920e83663e5ccaba89201b21cdf50.png,8,374.0,126.3,Sem Raiz,29.15,26.0,23.0,33.0,0,0,0,4
C15-R2_jpg.rf.3a9920e83663e5ccaba89201b21cdf50.png,9,402.9,156.4,Normal,89.74,85.0,78.0,93.0,0,3,0,6
C15-R2_jpg.rf.3a9920e83663e5ccaba89201b21cdf50.png,10,444.1,197.3,Normal,79.75,75.0,66.0,76.0,2,4,0,4
C15-R2_jpg.rf.3a9920e83663e5ccaba89201b21cdf50.png,11,464.8,160.3,Normal,118.9,111.0,106.0,120.0,0,0,0,5
C15-R2_jpg.rf.3a9920e83663e5ccaba89201b21cdf50.png,12,507.8,197.2,Normal,65.98,59.0,53.0,69.0,0,0,0,4
C15-R2_jpg.rf.3a9920e83663e5ccaba89201b21cdf50.png,13,536.6,124.2,Normal,85.36,81.0,78.0,84.0,0,0,0,1
C15-R2_jpg.rf.3a9920e83663e5ccaba89201b21cdf50.png,14,146.7,241.9,Sem Raiz,32.87,39.0,36.0,43.0,1,1,0,1
C15-R2_jpg.rf.3a9920e83663e5ccaba89201b21cdf50.png,15,207.1,248.2,Sem Raiz,31.1,28.0,29.0,32.0,0,0,0,1
C15-R2_jpg.rf.3a9920e83663e5ccaba89201b21cdf50.png,16,226.7,220.6,Sem Hipocótilo,19.49,19.0,16.0,20.0,0,0,0,0
C15-R2_jpg.rf.3a9920e83663e5ccaba89201b21cdf50.png,17,277.0,243.5,Sem Hipocótilo,49.32,48.0,46.0,49.0,0,0,0,0
C15-R2_jpg.rf.3a9920e83663e5ccaba89201b21cdf50.png,18,363.7,234.3,Normal,63.12,58.0,51.0,65.0,0,0,0,4
C15-R2_jpg.rf.3a9920e83663e5ccaba89201b21cdf50.png,19,537.6,222.5,Normal,53.08,51.0,45.0,57.0,0,0,0,6
C15-R2_jpg.rf.3a9920e83663e5ccaba89201b21cdf50.png,20,114.5,284.9,Normal,107.4,102.0,93.0,106.0,0,0,0,0
C15-R2_jpg.rf.3a9920e83663e5ccaba89201b21cdf50.png,21,146.7,293.5,Sem Hipocótilo,48.3,45.0,43.0,46.0,0,0,0,0
C15-R2_jpg.rf.3a9920e83663e5ccaba89201b21cdf50.png,22,213.6,297.6,Sem Hipocótilo,44.64,59.0,53.0,63.0,3,3,0,4
C15-R2_jpg.rf.3a9920e83663e5ccaba89201b21cdf50.png,23,257.4,357.0,Normal,69.22,66.0,60.0,73.0,3,3,0,1
C15-R2_jpg.rf.3a9920e83663e5ccaba89201b21cdf50.png,24,296.6,311.7,Normal,53.05,49.0,44.0,53.0,0,0,0,3
C15-R2_jpg.rf.3a9920e83663e5ccaba89201b21cdf50.png,25,324.6,281.2,Normal,86.37,84.0,79.0,96.0,0,0,0,5
C15-R2_jpg.rf.3a9920e83663e5ccaba89201b21cdf50.png,26,352.9,308.6,Normal,72.01,73.0,57.0,77.0,0,4,0,3
C15-R2_jpg.rf.3a9920e83663e5ccaba89201b21cdf50.png,27,421.6,338.2,Normal,64.46,60.0,57.0,63.0,0,0,0,1
C15-R2_jpg.rf.3a9920e83663e5ccaba89201b21cdf50.png,28,457.2,338.4,Normal,235.95,222.0,202.0,235.0,1,2,0,9
C15-R2_jpg.rf.3a9920e83663e5ccaba89201b21cdf50.png,29,485.2,290.9,Normal,41.97,38.0,31.0,45.0,0,0,0,3
C15-R2_jpg.rf.3a9920e83663e5ccaba89201b21cdf50.png,30,508.6,284.8,Normal,81.81,88.0,72.0,91.0,4,5,0,4
C15-R2_jpg.rf.3a9920e83663e5ccaba89201b21cdf50.png,31,536.5,309.6,Normal,59.15,63.0,54.0,66.0,2,5,0,5
C15-R2_jpg.rf.3a9920e83663e5ccaba89201b21cdf50.png,32,560.4,358.4,Normal,48.62,43.0,39.0,53.0,0,0,0,6
C15-R2_jpg.rf.3a9920e83663e5ccaba89201b21cdf50.png,33,98.9,422.5,Normal,117.62,102.0,97.0,112.0,0,0,0,9
C15-R2_jpg.rf.3a9920e83663e5ccaba89201b21cdf50.png,34,126.1,413.3,Normal,129.37,122.0,112.0,132.0,4,4,0,5
C15-R2_jpg.rf.3a9920e83663e5ccaba89201b21cdf50.png,35,185.0,372.2,Normal,98.72,96.0,88.0,100.0,0,3,0,5
C15-R2_jpg.rf.3a9920e83663e5ccaba89201b21cdf50.png,36,224.2,428.8,Sem Raiz,20.19,20.0,11.0,22.0,4,4,0,1
C15-R2_jpg.rf.3a9920e83663e5ccaba89201b21cdf50.png,37,224.3,367.2,Sem Raiz,14.29,23.0,20.0,27.0,4,4,0,4
C15-R2_jpg.rf.3a9920e83663e5ccaba89201b21cdf50.png,38,322.4,389.0,Sem Raiz,22.22,21.0,18.0,20.0,0,0,0,0
C15-R2_jpg.rf.3a9920e83663e5ccaba89201b21cdf50.png,39,342.4,403.3,Sem Raiz,30.37,27.0,23.0,28.0,0,0,0,1
C15-R2_jpg.rf.3a9920e83663e5ccaba89201b21cdf50.png,40,375.5,396.4,Normal,92.59,85.0,72.0,89.0,0,0,0,1
C15-R2_jpg.rf.3a9920e83663e5ccaba89201b21cdf50.png,41,404.0,395.5,Normal,79.06,72.0,69.0,84.0,0,0,0,7
C15-R2_jpg.rf.3a9920e83663e5ccaba89201b21cdf50.png,42,440.8,436.7,Sem Raiz,29.58,26.0,23.0,32.0,0,0,0,3
C15-R2_jpg.rf.3a9920e83663e5ccaba89201b21cdf50.png,43,506.6,417.8,Normal,117.27,110.0,103.0,114.0,0,0,0,2
C15-R2_jpg.rf.3a9920e83663e5ccaba89201b21cdf50.png,44,154.8,450.3,Normal,81.77,75.0,74.0,82.0,0,0,0,4
C15-R2_jpg.rf.3a9920e83663e5ccaba89201b21cdf50.png,45,186.9,505.3,Normal,59.0,59.0,47.0,62.0,0,3,0,1
C15-R2_jpg.rf.3a9920e83663e5ccaba89201b21cdf50.png,46,229.2,500.0,Sem Hipocótilo,71.29,70.0,68.0,72.0,0,0,0,3
C15-R2_jpg.rf.3a9920e83663e5ccaba89201b21cdf50.png,47,267.2,467.7,Normal,118.96,121.0,109.0,124.0,0,5,0,5
C15-R2_jpg.rf.3a9920e83663e5ccaba89201b21cdf50.png,48,299.5,471.0,Normal,125.45,121.0,115.0,126.0,0,0,0,3
C15-R2_jpg.rf.3a9920e83663e5ccaba89201b21cdf50.png,49,326.1,499.1,Sem Hipocótilo,32.93,33.0,32.0,35.0,0,0,0,1
C15-R2_jpg.rf.3a9920e83663e5ccaba89201b21cdf50.png,50,347.1,489.9,Normal,187.66,180.0,173.0,192.0,0,0,0,3
C15-R2_jpg.rf.3a9920e83663e5ccaba89201b21cdf50.png,51,412.5,515.2,Normal,72.88,60.0,57.0,68.0,0,0,0,0
C15-R2_jpg.rf.3a9920e83663e5ccaba89201b21cdf50.png,52,435.5,462.5,Sem Hipocótilo,17.39,17.0,16.0,17.0,0,0,0,0
C15-R2_jpg.rf.3a9920e83663e5ccaba89201b21cdf50.png,53,480.3,472.9,Normal,188.44,180.0,174.0,189.0,0,1,0,6
C15-R2_jpg.rf.3a9920e83663e5ccaba89201b21cdf50.png,54,537.0,476.5,Normal,128.28,120.0,114.0,127.0,0,0,0,4
C15-R3_jpg.rf.81db370179487f3bb8ce89b5eb681237.png,1,124.1,113.7,Normal,101.53,95.0,88.0,101.0,3,3,0,4
C15-R3_jpg.rf.81db370179487f3bb8ce89b5eb681237.png,2,197.3,112.1,Normal,113.65,107.0,103.0,109.0,0,0,0,4
C15-R3_jpg.rf.81db370179487f3bb8ce89b5eb681237.png,3,345.6,82.4,Sem Raiz,8.96,9.0,6.0,12.0,0,0,0,1
C15-R3_jpg.rf.81db370179487f3bb8ce89b5eb681237.png,4,531.2,117.3,Sem Raiz,19.82,18.0,18.0,23.0,0,0,0,1
C15-R3_jpg.rf.81db370179487f3bb8ce89b5eb681237.png,5,150.7,179.9,Normal,45.52,49.0,38.0,54.0,0,4,0,4
C15-R3_jpg.rf.81db370179487f3bb8ce89b5eb681237.png,6,176.7,198.5,Normal,43.68,41.0,33.0,51.0,0,4,0,5
C15-R3_jpg.rf.81db370179487f3bb8ce89b5eb681237.png,7,191.5,184.3,Sem Hipocótilo,41.22,39.0,39.0,39.0,0,0,0,0
C15-R3_jpg.rf.81db370179487f3bb8ce89b5eb681237.png,8,250.6,120.8,Normal,83.42,78.0,74.0,86.0,0,0,0,6
C15-R3_jpg.rf.81db370179487f3bb8ce89b5eb681237.png,9,301.8,135.9,Normal,117.15,116.0,107.0,122.0,3,4,0,4
C15-R3_jpg.rf.81db370179487f3bb8ce89b5eb681237.png,10,328.8,141.1,Normal,96.06,87.0,82.0,95.0,0,0,0,4
C15-R3_jpg.rf.81db370179487f3bb8ce89b5eb681237.png,11,354.1,183.0,Sem Raiz,18.7,18.0,16.0,23.0,0,0,0,4
C15-R3_jpg.rf.81db370179487f3bb8ce89b5eb681237.png,12,393.8,133.6,Normal,84.19,78.0,69.0,83.0,0,0,0,4
C15-R3_jpg.rf.81db370179487f3bb8ce89b5eb681237.png,13,411.8,199.6,Sem Raiz,21.31,20.0,20.0,27.0,0,0,0,1
C15-R3_jpg.rf.81db370179487f3bb8ce89b5eb681237.png,14,434.0,173.0,Normal,79.67,69.0,66.0,78.0,0,0,0,2
C15-R3_jpg.rf.81db370179487f3bb8ce89b5eb681237.png,15,474.2,155.0,Normal,119.33,110.0,105.0,120.0,0,0,0,2
C15-R3_jpg.rf.81db370179487f3bb8ce89b5eb681237.png,16,506.9,122.8,Normal,72.09,74.0,69.0,82.0,3,6,1,6
C15-R3_jpg.rf.81db370179487f3bb8ce89b5eb681237.png,17,537.2,177.4,Sem Hipocótilo,70.19,67.0,66.0,69.0,0,0,0,1
C15-R3_jpg.rf.81db370179487f3bb8ce89b5eb681237.png,18,560.9,152.3,Normal,141.52,133.0,128.0,138.0,0,0,0,6
C15-R3_jpg.rf.81db370179487f3bb8ce89b5eb681237.png,19,155.5,241.1,Sem Raiz,14.4,13.0,13.0,15.0,0,0,0,1
C15-R3_jpg.rf.81db370179487f3bb8ce89b5eb681237.png,20,186.3,249.7,Normal,45.79,40.0,38.0,47.0,0,0,0,1
C15-R3_jpg.rf.81db370179487f3bb8ce89b5eb681237.png,21,248.9,218.6,Normal,106.58,101.0,96.0,103.0,0,0,0,0
C15-R3_jpg.rf.81db370179487f3bb8ce89b5eb681237.png,22,274.9,204.3,Normal,82.63,78.0,70.0,81.0,0,8,4,4
C15-R3_jpg.rf.81db370179487f3bb8ce89b5eb681237.png,23,298.9,273.3,Normal,56.26,49.0,47.0,54.0,0,0,0,2
C15-R3_jpg.rf.81db370179487f3bb8ce89b5eb681237.png,24,356.9,228.6,Sem Hipocótilo,39.39,39.0,38.0,40.0,0,0,0,0
C15-R3_jpg.rf.81db370179487f3bb8ce89b5eb681237.png,25,444.8,251.5,Normal,55.9,50.0,44.0,59.0,0,0,0,2
C15-R3_jpg.rf.81db370179487f3bb8ce89b5eb681237.png,26,479.6,257.6,Normal,94.15,90.0,84.0,96.0,0,1,0,4
C15-R3_jpg.rf.81db370179487f3bb8ce89b5eb681237.png,27,517.9,258.8,Normal,74.09,74.0,69.0,81.0,0,1,0,2
C15-R3_jpg.rf.81db370179487f3bb8ce89b5eb681237.png,28,143.7,313.4,Normal,123.15,115.0,107.0,119.0,0,0,0,2
C15-R3_jpg.rf.81db370179487f3bb8ce89b5eb681237.png,29,196.8,325.7,Normal,47.14,45.0,42.0,48.0,0,0,0,0
C15-R3_jpg.rf.81db370179487f3bb8ce89b5eb681237.png,30,205.9,291.6,Sem Hipocótilo,37.75,33.0,31.0,34.0,0,0,0,0
C15-R3_jpg.rf.81db370179487f3bb8ce89b5eb681237.png,31,240.3,305.6,Normal,55.11,50.0,42.0,57.0,0,0,0,1
C15-R3_jpg.rf.81db370179487f3bb8ce89b5eb681237.png,32,332.6,326.4,Normal,82.42,83.0,74.0,89.0,3,4,0,4
C15-R3_jpg.rf.81db370179487f3bb8ce89b5eb681237.png,33,354.0,357.0,Sem Raiz,18.89,18.0,18.0,20.0,0,0,0,0
C15-R3_jpg.rf.81db370179487f3bb8ce89b5eb681237.png,34,384.7,359.2,Normal,86.59,83.0,75.0,89.0,0,2,0,8
C15-R3_jpg.rf.81db370179487f3bb8ce89b5eb681237.png,35,401.0,296.2,Normal,105.73,103.0,100.0,110.0,0,0,0,6
C15-R3_jpg.rf.81db370179487f3bb8ce89b5eb681237.png,36,441.4,325.1,Normal,79.2,74.0,70.0,81.0,0,0,0,2
C15-R3_jpg.rf.81db370179487f3bb8ce89b5eb681237.png,37,463.4,355.0,Normal,93.72,83.0,75.0,87.0,0,0,0,2
C15-R3_jpg.rf.81db370179487f3bb8ce89b5eb681237.png,38,517.4,349.2,Normal,118.95,117.0,107.0,121.0,0,1,0,2
C15-R3_jpg.rf.81db370179487f3bb8ce89b5eb681237.png,39,548.3,288.3,Normal,50.76,43.0,42.0,52.0,0,0,0,1
C15-R3_jpg.rf.81db370179487f3bb8ce89b5eb681237.png,40,176.1,420.1,Normal,102.57,100.0,91.0,107.0,0,0,0,9
C15-R3_jpg.rf.81db370179487f3bb8ce89b5eb681237.png,41,242.1,427.2,Normal,116.01,104.0,102.0,112.0,0,0,0,3
C15-R3_jpg.rf.81db370179487f3bb8ce89b5eb681237.png,42,294.8,363.7,Normal,107.94,99.0,90.0,103.0,0,0,0,1
C15-R3_jpg.rf.81db370179487f3bb8ce89b5eb681237.png,43,429.8,419.5,Normal,149.44,137.0,125.0,151.0,0,1,0,4
C15-R3_jpg.rf.81db370179487f3bb8ce89b5eb681237.png,44,570.1,364.7,Normal,52.57,51.0,44.0,62.0,0,1,0,5
C15-R3_jpg.rf.81db370179487f3bb8ce89b5eb681237.png,45,129.4,442.9,Normal,154.3,145.0,140.0,153.0,0,0,0,7
C15-R3_jpg.rf.81db370179487f3bb8ce89b5eb681237.png,46,168.9,494.4,Sem Raiz,33.65,32.0,31.0,37.0,0,0,0,5
C15-R3_jpg.rf.81db370179487f3bb8ce89b5eb681237.png,47,219.8,485.6,Normal,68.85,64.0,56.0,68.0,0,0,0,1
C15-R3_jpg.rf.81db370179487f3bb8ce89b5eb681237.png,48,272.5,441.5,Normal,123.32,123.0,121.0,135.0,0,3,3,5
C15-R3_jpg.rf.81db370179487f3bb8ce89b5eb681237.png,49,330.1,445.1,Normal,101.39,95.0,90.0,101.0,0,0,0,2
C15-R3_jpg.rf.81db370179487f3bb8ce89b5eb681237.png,50,372.2,454.8,Normal,83.44,76.0,71.0,82.0,0,0,0,2
C15-R3_jpg.rf.81db370179487f3bb8ce89b5eb681237.png,51,465.5,459.0,Normal,63.18,59.0,54.0,62.0,0,0,0,0
C15-R3_jpg.rf.81db370179487f3bb8ce89b5eb681237.png,52,498.9,485.4,Normal,107.45,99.0,98.0,107.0,0,0,0,3
C15-R3_jpg.rf.81db370179487f3bb8ce89b5eb681237.png,53,537.1,496.0,Normal,37.29,36.0,31.0,40.0,0,0,0,6
C15-R3_jpg.rf.81db370179487f3bb8ce89b5eb681237.png,54,558.3,458.3,Normal,30.41,29.0,20.0,37.0,0,0,0,5
C15-R3_jpg.rf.81db370179487f3bb8ce89b5eb681237.png,55,169.9,533.1,Sem Hipocótilo,37.73,35.0,34.0,36.0,0,0,0,0
C15-R4_jpg.rf.a41e7db41cac11b3ec371221fb8469e2.png,1,138.9,102.3,Normal,96.8,91.0,86.0,96.0,0,0,0,1
C15-R4_jpg.rf.a41e7db41cac11b3ec371221fb8469e2.png,2,200.3,102.4,Sem Raiz,22.67,25.0,20.0,28.0,0,0,0,3
C15-R4_jpg.rf.a41e7db41cac11b3ec371221fb8469e2.png,3,273.3,113.6,Normal,69.02,65.0,59.0,68.0,0,0,0,2
C15-R4_jpg.rf.a41e7db41cac11b3ec371221fb8469e2.png,4,370.6,116.2,Normal,80.13,79.0,71.0,87.0,0,1,0,5
C15-R4_jpg.rf.a41e7db41cac11b3ec371221fb8469e2.png,5,483.2,86.8,Sem Raiz,40.56,37.0,32.0,44.0,0,0,0,4
C15-R4_jpg.rf.a41e7db41cac11b3ec371221fb8469e2.png,6,182.8,175.0,Normal,87.96,90.0,81.0,94.0,4,4,0,4
C15-R4_jpg.rf.a41e7db41cac11b3ec371221fb8469e2.png,7,234.7,199.2,Normal,79.02,80.0,76.0,99.0,3,4,1,14
C15-R4_jpg.rf.a41e7db41cac11b3ec371221fb8469e2.png,8,347.6,198.3,Normal,98.69,99.0,100.0,111.0,3,6,4,5
C15-R4_jpg.rf.a41e7db41cac11b3ec371221fb8469e2.png,9,438.1,120.0,Normal,112.34,105.0,97.0,114.0,0,0,0,4
C15-R4_jpg.rf.a41e7db41cac11b3ec371221fb8469e2.png,10,461.9,188.1,Normal,40.49,41.0,40.0,50.0,0,7,1,5
C15-R4_jpg.rf.a41e7db41cac11b3ec371221fb8469e2.png,11,487.2,137.7,Sem Hipocótilo,42.72,40.0,36.0,41.0,0,0,0,0
C15-R4_jpg.rf.a41e7db41cac11b3ec371221fb8469e2.png,12,529.6,143.8,Normal,133.01,124.0,121.0,130.0,0,0,0,6
C15-R4_jpg.rf.a41e7db41cac11b3ec371221fb8469e2.png,13,581.6,128.6,Normal,61.84,65.0,56.0,72.0,0,4,0,9
C15-R4_jpg.rf.a41e7db41cac11b3ec371221fb8469e2.png,14,130.5,202.6,Normal,94.97,86.0,76.0,88.0,0,0,0,0
C15-R4_jpg.rf.a41e7db41cac11b3ec371221fb8469e2.png,15,218.5,272.1,Normal,74.39,75.0,55.0,77.0,3,6,0,2
C15-R4_jpg.rf.a41e7db41cac11b3ec371221fb8469e2.png,16,278.9,219.7,Normal,64.97,61.0,59.0,70.0,0,0,0,1
C15-R4_jpg.rf.a41e7db41cac11b3ec371221fb8469e2.png,17,325.9,255.8,Normal,89.73,82.0,77.0,89.0,0,0,0,2
C15-R4_jpg.rf.a41e7db41cac11b3ec371221fb8469e2.png,18,369.2,210.1,Normal,51.42,49.0,47.0,49.0,0,3,0,1
C15-R4_jpg.rf.a41e7db41cac11b3ec371221fb8469e2.png,19,382.2,248.8,Sem Raiz,27.09,23.0,26.0,30.0,0,0,0,6
C15-R4_jpg.rf.a41e7db41cac11b3ec371221fb8469e2.png,20,431.8,250.7,Normal,67.17,70.0,56.0,70.0,2,8,0,2
C15-R4_jpg.rf.a41e7db41cac11b3ec371221fb8469e2.png,21,509.2,221.2,Normal,114.2,107.0,101.0,109.0,0,0,0,0
C15-R4_jpg.rf.a41e7db41cac11b3ec371221fb8469e2.png,22,554.9,227.0,Normal,87.77,90.0,83.0,102.0,4,10,0,9
C15-R4_jpg.rf.a41e7db41cac11b3ec371221fb8469e2.png,23,114.7,314.4,Normal,70.17,64.0,58.0,73.0,0,0,0,4
C15-R4_jpg.rf.a41e7db41cac11b3ec371221fb8469e2.png,24,210.5,351.6,Normal,83.07,81.0,75.0,87.0,0,0,0,6
C15-R4_jpg.rf.a41e7db41cac11b3ec371221fb8469e2.png,25,258.8,336.0,Sem Hipocótilo,72.51,67.0,65.0,67.0,0,0,0,0
C15-R4_jpg.rf.a41e7db41cac11b3ec371221fb8469e2.png,26,267.2,285.9,Sem Raiz,12.73,12.0,11.0,16.0,0,0,0,3
C15-R4_jpg.rf.a41e7db41cac11b3ec371221fb8469e2.png,27,301.4,291.3,Normal,62.85,58.0,54.0,69.0,0,0,0,6
C15-R4_jpg.rf.a41e7db41cac11b3ec371221fb8469e2.png,28,346.6,325.1,Normal,79.62,80.0,70.0,83.0,0,4,0,2
C15-R4_jpg.rf.a41e7db41cac11b3ec371221fb8469e2.png,29,368.0,292.9,Sem Hipocótilo,38.2,36.0,34.0,36.0,0,0,0,0
C15-R4_jpg.rf.a41e7db41cac11b3ec371221fb8469e2.png,30,372.7,345.0,Normal,82.73,80.0,73.0,90.0,0,0,0,8
C15-R4_jpg.rf.a41e7db41cac11b3ec371221fb8469e2.png,31,437.3,342.4,Normal,102.65,95.0,87.0,100.0,0,0,0,0
C15-R4_jpg.rf.a41e7db41cac11b3ec371221fb8469e2.png,32,473.0,284.6,Normal,99.6,96.0,87.0,100.0,0,4,0,2
C15-R4_jpg.rf.a41e7db41cac11b3ec371221fb8469e2.png,33,520.1,311.3,Normal,127.41,120.0,114.0,130.0,0,0,0,6
C15-R4_jpg.rf.a41e7db41cac11b3ec371221fb8469e2.png,34,567.9,290.9,Normal,97.87,92.0,89.0,97.0,0,0,0,2
C15-R4_jpg.rf.a41e7db41cac11b3ec371221fb8469e2.png,35,132.7,408.1,Sem Raiz,8.64,8.0,3.0,11.0,0,0,0,0
C15-R4_jpg.rf.a41e7db41cac11b3ec371221fb8469e2.png,36,160.3,417.0,Normal,90.9,84.0,79.0,93.0,0,0,0,10
C15-R4_jpg.rf.a41e7db41cac11b3ec371221fb8469e2.png,37,242.3,412.2,Normal,67.01,56.0,52.0,60.0,0,0,0,4
C15-R4_jpg.rf.a41e7db41cac11b3ec371221fb8469e2.png,38,279.7,360.9,Sem Raiz,16.53,14.0,12.0,18.0,0,0,0,1
C15-R4_jpg.rf.a41e7db41cac11b3ec371221fb8469e2.png,39,289.6,406.0,Sem Hipocótilo,48.88,47.0,45.0,48.0,0,0,0,0
C15-R4_jpg.rf.a41e7db41cac11b3ec371221fb8469e2.png,40,330.8,360.1,Sem Raiz,20.94,17.0,17.0,22.0,0,0,0,1
C15-R4_jpg.rf.a41e7db41cac11b3ec371221fb8469e2.png,41,420.9,397.5,Normal,49.37,62.0,53.0,68.0,3,9,6,7
C15-R4_jpg.rf.a41e7db41cac11b3ec371221fb8469e2.png,42,462.9,383.8,Normal,40.32,46.0,39.0,54.0,0,6,0,3
C15-R4_jpg.rf.a41e7db41cac11b3ec371221fb8469e2.png,43,493.2,435.3,Normal,108.66,100.0,93.0,105.0,0,0,0,6
C15-R4_jpg.rf.a41e7db41cac11b3ec371221fb8469e2.png,44,546.9,378.7,Normal,83.74,79.0,72.0,87.0,0,0,0,4
C15-R4_jpg.rf.a41e7db41cac11b3ec371221fb8469e2.png,45,134.2,467.3,Normal,102.94,98.0,90.0,103.0,0,0,0,6
C15-R4_jpg.rf.a41e7db41cac11b3ec371221fb8469e2.png,46,191.3,460.7,Normal,121.87,112.0,105.0,119.0,0,0,0,4
C15-R4_jpg.rf.a41e7db41cac11b3ec371221fb8469e2.png,47,236.3,489.1,Normal,109.59,101.0,95.0,107.0,0,0,0,2
C15-R4_jpg.rf.a41e7db41cac11b3ec371221fb8469e2.png,48,277.3,472.3,Normal,79.75,72.0,67.0,81.0,0,0,0,5
C15-R4_jpg.rf.a41e7db41cac11b3ec371221fb8469e2.png,49,330.8,457.1,Normal,98.05,93.0,90.0,98.0,0,0,0,1
C15-R4_jpg.rf.a41e7db41cac11b3ec371221fb8469e2.png,50,367.4,461.6,Sem Hipocótilo,19.99,16.0,16.0,17.0,0,0,0,0
C15-R4_jpg.rf.a41e7db41cac11b3ec371221fb8469e2.png,51,388.4,444.6,Sem Raiz,25.8,28.0,24.0,34.0,0,3,0,4
C15-R4_jpg.rf.a41e7db41cac11b3ec371221fb8469e2.png,52,431.8,504.2,Normal,94.37,85.0,79.0,88.0,0,0,0,3
C15-R4_jpg.rf.a41e7db41cac11b3ec371221fb8469e2.png,53,533.4,460.1,Normal,107.34,104.0,100.0,109.0,0,0,0,3
C15-R4_jpg.rf.a41e7db41cac11b3ec371221fb8469e2.png,54,555.8,496.3,Normal,107.57,100.0,98.0,107.0,0,0,0,3
C15-R5_jpg.rf.920d18239e6d09be5e719abd864aca5b.png,1,198.5,100.2,Normal,38.79,37.0,34.0,49.0,0,0,0,8
C15-R5_jpg.rf.920d18239e6d09be5e719abd864aca5b.png,2,448.1,102.4,Normal,35.43,32.0,27.0,40.0,0,0,0,4
C15-R5_jpg.rf.920d18239e6d09be5e719abd864aca5b.png,3,511.3,119.1,Normal,110.28,105.0,102.0,106.0,0,0,0,0
C15-R5_jpg.rf.920d18239e6d09be5e719abd864aca5b.png,4,121.9,123.9,Normal,120.53,107.0,103.0,111.0,0,0,0,4
C15-R5_jpg.rf.920d18239e6d09be5e719abd864aca5b.png,5,202.4,163.6,Sem Raiz,28.43,24.0,24.0,29.0,0,0,0,3
C15-R5_jpg.rf.920d18239e6d09be5e719abd864aca5b.png,6,236.0,166.2,Normal,76.31,78.0,70.0,83.0,0,1,0,2
C15-R5_jpg.rf.920d18239e6d09be5e719abd864aca5b.png,7,270.4,196.8,Normal,45.01,40.0,40.0,46.0,0,0,0,1
C15-R5_jpg.rf.920d18239e6d09be5e719abd864aca5b.png,8,285.3,136.4,Normal,45.74,42.0,38.0,53.0,0,0,0,5
C15-R5_jpg.rf.920d18239e6d09be5e719abd864aca5b.png,9,336.1,170.9,Normal,131.79,121.0,114.0,126.0,0,0,0,3
C15-R5_jpg.rf.920d18239e6d09be5e719abd864aca5b.png,10,366.8,123.1,Normal,88.84,81.0,75.0,92.0,0,0,0,4
C15-R5_jpg.rf.920d18239e6d09be5e719abd864aca5b.png,11,407.8,193.0,Normal,90.52,87.0,73.0,90.0,2,4,0,2
C15-R5_jpg.rf.920d18239e6d09be5e719abd864aca5b.png,12,427.2,124.5,Normal,81.18,75.0,64.0,78.0,0,0,0,0
C15-R5_jpg.rf.920d18239e6d09be5e719abd864aca5b.png,13,485.7,135.3,Normal,100.29,98.0,88.0,101.0,0,3,0,3
C15-R5_jpg.rf.920d18239e6d09be5e719abd864aca5b.png,14,535.1,154.2,Normal,89.11,88.0,82.0,95.0,0,3,0,2
C15-R5_jpg.rf.920d18239e6d09be5e719abd864aca5b.png,15,555.4,170.6,Sem Raiz,12.79,12.0,12.0,13.0,0,0,0,0
C15-R5_jpg.rf.920d18239e6d09be5e719abd864aca5b.png,16,118.5,251.4,Normal,42.84,42.0,31.0,52.0,0,0,0,5
C15-R5_jpg.rf.920d18239e6d09be5e719abd864aca5b.png,17,165.0,219.2,Normal,90.11,85.0,72.0,93.0,0,0,0,6
C15-R5_jpg.rf.920d18239e6d09be5e719abd864aca5b.png,18,195.5,244.3,Normal,102.94,98.0,95.0,107.0,0,0,0,5
C15-R5_jpg.rf.920d18239e6d09be5e719abd864aca5b.png,19,217.6,200.5,Sem Hipocótilo,42.22,40.0,39.0,41.0,0,0,0,0
C15-R5_jpg.rf.920d18239e6d09be5e719abd864aca5b.png,20,325.3,215.6,Normal,86.9,75.0,71.0,86.0,0,0,0,5
C15-R5_jpg.rf.920d18239e6d09be5e719abd864aca5b.png,21,358.0,251.8,Normal,29.97,36.0,35.0,42.0,4,13,3,8
C15-R5_jpg.rf.920d18239e6d09be5e719abd864aca5b.png,22,386.4,208.2,Normal,85.67,80.0,73.0,85.0,0,0,0,1
C15-R5_jpg.rf.920d18239e6d09be5e719abd864aca5b.png,23,424.3,249.3,Normal,141.57,136.0,130.0,143.0,0,0,0,3
C15-R5_jpg.rf.920d18239e6d09be5e719abd864aca5b.png,24,449.0,238.2,Normal,100.98,97.0,89.0,101.0,0,0,0,1
C15-R5_jpg.rf.920d18239e6d09be5e719abd864aca5b.png,25,497.6,239.2,Normal,127.92,127.0,119.0,132.0,0,1,0,5
C15-R5_jpg.rf.920d18239e6d09be5e719abd864aca5b.png,26,544.4,223.5,Sem Hipocótilo,53.8,52.0,50.0,54.0,0,0,0,1
C15-R5_jpg.rf.920d18239e6d09be5e719abd864aca5b.png,27,558.7,278.5,Sem Hipocótilo,26.4,27.0,25.0,30.0,0,0,0,1
C15-R5_jpg.rf.920d18239e6d09be5e719abd864aca5b.png,28,94.8,347.8,Normal,75.14,72.0,67.0,75.0,0,0,0,1
C15-R5_jpg.rf.920d18239e6d09be5e719abd864aca5b.png,29,140.5,351.2,Sem Raiz,25.25,22.0,21.0,26.0,0,0,0,1
C15-R5_jpg.rf.920d18239e6d09be5e719abd864aca5b.png,30,168.6,348.8,Normal,114.85,104.0,99.0,111.0,0,0,0,5
C15-R5_jpg.rf.920d18239e6d09be5e719abd864aca5b.png,31,234.3,316.5,Normal,86.57,89.0,73.0,94.0,4,4,0,3
C15-R5_jpg.rf.920d18239e6d09be5e719abd864aca5b.png,32,261.9,334.8,Normal,116.44,104.0,99.0,112.0,0,0,0,2
C15-R5_jpg.rf.920d18239e6d09be5e719abd864aca5b.png,33,280.9,299.5,Normal,79.59,77.0,73.0,84.0,0,0,0,6
C15-R5_jpg.rf.920d18239e6d09be5e719abd864aca5b.png,34,329.7,308.3,Normal,124.9,116.0,112.0,128.0,0,0,0,3
C15-R5_jpg.rf.920d18239e6d09be5e719abd864aca5b.png,35,354.3,332.1,Normal,57.37,53.0,44.0,64.0,0,0,0,7
C15-R5_jpg.rf.920d18239e6d09be5e719abd864aca5b.png,36,469.0,346.0,Normal,89.61,83.0,77.0,85.0,0,0,0,1
C15-R5_jpg.rf.920d18239e6d09be5e719abd864aca5b.png,37,499.6,354.8,Normal,107.7,103.0,96.0,105.0,0,0,0,1
C15-R5_jpg.rf.920d18239e6d09be5e719abd864aca5b.png,38,573.5,345.5,Normal,87.82,84.0,79.0,91.0,0,0,0,6
C15-R5_jpg.rf.920d18239e6d09be5e719abd864aca5b.png,39,309.6,375.7,Normal,104.92,98.0,91.0,103.0,0,0,0,3
C15-R5_jpg.rf.920d18239e6d09be5e719abd864aca5b.png,40,410.6,360.5,Normal,104.99,109.0,103.0,114.0,0,18,8,8
C15-R5_jpg.rf.920d18239e6d09be5e719abd864aca5b.png,41,460.0,433.1,Normal,105.18,97.0,89.0,98.0,0,0,0,1
C15-R5_jpg.rf.920d18239e6d09be5e719abd864aca5b.png,42,562.1,439.5,Normal,86.44,84.0,79.0,88.0,0,0,0,3
C15-R5_jpg.rf.920d18239e6d09be5e719abd864aca5b.png,43,138.2,443.8,Normal,129.34,119.0,117.0,130.0,0,0,0,4
C15-R5_jpg.rf.920d18239e6d09be5e719abd864aca5b.png,44,186.6,459.8,Normal,123.59,126.0,116.0,129.0,0,4,0,2
C15-R5_jpg.rf.920d18239e6d09be5e719abd864aca5b.png,45,225.8,459.3,Normal,59.59,56.0,48.0,62.0,0,0,0,1
C15-R5_jpg.rf.920d18239e6d09be5e719abd864aca5b.png,46,262.5,467.8,Normal,75.41,71.0,66.0,74.0,0,0,0,1
C15-R5_jpg.rf.920d18239e6d09be5e719abd864aca5b.png,47,285.1,479.0,Normal,93.01,88.0,87.0,96.0,0,0,0,0
C15-R5_jpg.rf.920d18239e6d09be5e719abd864aca5b.png,48,335.0,449.8,Sem Raiz,15.17,16.0,18.0,22.0,0,6,1,4
C15-R5_jpg.rf.920d18239e6d09be5e719abd864aca5b.png,49,339.5,488.0,Sem Hipocótilo,38.98,37.0,35.0,40.0,0,0,0,1
C15-R5_jpg.rf.920d18239e6d09be5e719abd864aca5b.png,50,381.3,459.5,Normal,63.23,57.0,52.0,66.0,0,0,0,5
C15-R5_jpg.rf.920d18239e6d09be5e719abd864aca5b.png,51,411.9,476.9,Normal,115.65,109.0,100.0,112.0,0,0,0,0
C15-R5_jpg.rf.920d18239e6d09be5e719abd864aca5b.png,52,494.5,471.5,Normal,89.6,80.0,72.0,82.0,1,3,0,1
C15-R5_jpg.rf.920d18239e6d09be5e719abd864aca5b.png,53,530.2,442.8,Normal,86.61,84.0,75.0,89.0,0,7,0,2
C15-R6_jpg.rf.9fd852f5a44dce2631e6b2acf5490455.png,1,263.0,84.9,Normal,79.71,86.0,86.0,98.0,4,13,9,13
C15-R6_jpg.rf.9fd852f5a44dce2631e6b2acf5490455.png,2,429.3,110.7,Normal,72.3,72.0,66.0,82.0,0,3,0,2
C15-R6_jpg.rf.9fd852f5a44dce2631e6b2acf5490455.png,3,456.4,117.3,Normal,66.99,64.0,63.0,76.0,0,0,0,5
C15-R6_jpg.rf.9fd852f5a44dce2631e6b2acf5490455.png,4,127.5,153.7,Normal,132.8,124.0,119.0,133.0,0,0,0,4
C15-R6_jpg.rf.9fd852f5a44dce2631e6b2acf5490455.png,5,171.4,195.8,Normal,93.6,84.0,81.0,90.0,0,0,0,3
C15-R6_jpg.rf.9fd852f5a44dce2631e6b2acf5490455.png,6,188.4,129.8,Normal,83.34,78.0,70.0,80.0,0,0,0,3
C15-R6_jpg.rf.9fd852f5a44dce2631e6b2acf5490455.png,7,245.3,182.3,Normal,66.68,60.0,54.0,69.0,0,0,0,2
C15-R6_jpg.rf.9fd852f5a44dce2631e6b2acf5490455.png,8,289.9,180.2,Normal,58.04,55.0,51.0,62.0,0,0,0,6
C15-R6_jpg.rf.9fd852f5a44dce2631e6b2acf5490455.png,9,313.2,164.4,Sem Hipocótilo,44.13,37.0,39.0,38.0,0,0,0,0
C15-R6_jpg.rf.9fd852f5a44dce2631e6b2acf5490455.png,10,323.2,124.4,Sem Raiz,23.33,22.0,19.0,26.0,0,0,0,1
C15-R6_jpg.rf.9fd852f5a44dce2631e6b2acf5490455.png,11,349.7,146.4,Normal,188.26,175.0,161.0,188.0,0,0,0,8
C15-R6_jpg.rf.9fd852f5a44dce2631e6b2acf5490455.png,12,387.9,137.6,Normal,142.76,133.0,127.0,135.0,0,0,0,0
C15-R6_jpg.rf.9fd852f5a44dce2631e6b2acf5490455.png,13,496.2,121.3,Normal,109.5,95.0,88.0,104.0,0,0,0,3
C15-R6_jpg.rf.9fd852f5a44dce2631e6b2acf5490455.png,14,545.6,132.6,Normal,60.52,70.0,60.0,75.0,0,5,0,9
C15-R6_jpg.rf.9fd852f5a44dce2631e6b2acf5490455.png,15,209.4,223.6,Normal,86.14,85.0,80.0,90.0,0,1,0,4
C15-R6_jpg.rf.9fd852f5a44dce2631e6b2acf5490455.png,16,367.7,278.3,Sem Hipocótilo,26.01,24.0,25.0,28.0,0,0,0,0
C15-R6_jpg.rf.9fd852f5a44dce2631e6b2acf5490455.png,17,378.8,251.3,Sem Raiz,21.03,18.0,16.0,25.0,0,0,0,4
C15-R6_jpg.rf.9fd852f5a44dce2631e6b2acf5490455.png,18,426.9,216.9,Normal,83.4,70.0,63.0,80.0,0,0,0,2
C15-R6_jpg.rf.9fd852f5a44dce2631e6b2acf5490455.png,19,461.1,263.5,Sem Raiz,6.9,6.0,7.0,10.0,0,0,0,0
C15-R6_jpg.rf.9fd852f5a44dce2631e6b2acf5490455.png,20,497.9,247.4,Normal,81.05,81.0,67.0,84.0,0,4,0,4
C15-R6_jpg.rf.9fd852f5a44dce2631e6b2acf5490455.png,21,524.4,239.6,Normal,71.61,70.0,57.0,70.0,2,6,0,1
C15-R6_jpg.rf.9fd852f5a44dce2631e6b2acf5490455.png,22,557.2,260.9,Normal,83.51,72.0,68.0,81.0,0,0,0,6
C15-R6_jpg.rf.9fd852f5a44dce2631e6b2acf5490455.png,23,571.3,213.8,Normal,87.89,81.0,76.0,84.0,0,0,0,0
C15-R6_jpg.rf.9fd852f5a44dce2631e6b2acf5490455.png,24,113.7,325.4,Normal,91.83,90.0,84.0,96.0,0,4,0,2
C15-R6_jpg.rf.9fd852f5a44dce2631e6b2acf5490455.png,25,150.7,335.6,Normal,99.28,86.0,80.0,95.0,0,0,0,4
C15-R6_jpg.rf.9fd852f5a44dce2631e6b2acf5490455.png,26,175.1,293.0,Normal,77.28,65.0,59.0,70.0,0,0,0,1
C15-R6_jpg.rf.9fd852f5a44dce2631e6b2acf5490455.png,27,237.8,289.3,Normal,121.43,110.0,108.0,117.0,0,0,0,4
C15-R6_jpg.rf.9fd852f5a44dce2631e6b2acf5490455.png,28,280.8,347.9,Normal,77.67,77.0,68.0,84.0,0,1,0,4
C15-R6_jpg.rf.9fd852f5a44dce2631e6b2acf5490455.png,29,295.0,288.1,Normal,123.76,111.0,107.0,120.0,0,0,0,4
C15-R6_jpg.rf.9fd852f5a44dce2631e6b2acf5490455.png,30,329.4,299.2,Normal,83.43,78.0,75.0,87.0,0,0,0,7
C15-R6_jpg.rf.9fd852f5a44dce2631e6b2acf5490455.png,31,375.6,350.4,Normal,128.21,112.0,107.0,122.0,0,0,0,6
C15-R6_jpg.rf.9fd852f5a44dce2631e6b2acf5490455.png,32,436.1,303.4,Normal,89.34,84.0,78.0,95.0,0,0,0,9
C15-R6_jpg.rf.9fd852f5a44dce2631e6b2acf5490455.png,33,474.3,359.0,Normal,67.5,59.0,56.0,65.0,0,0,0,0
C15-R6_jpg.rf.9fd852f5a44dce2631e6b2acf5490455.png,34,486.2,302.9,Normal,77.4,72.0,67.0,78.0,0,0,0,1
C15-R6_jpg.rf.9fd852f5a44dce2631e6b2acf5490455.png,35,525.8,330.4,Normal,78.78,72.0,64.0,77.0,0,0,0,2
C15-R6_jpg.rf.9fd852f5a44dce2631e6b2acf5490455.png,36,562.9,332.8,Normal,68.59,59.0,50.0,70.0,0,0,0,7
C15-R6_jpg.rf.9fd852f5a44dce2631e6b2acf5490455.png,37,130.1,398.4,Normal,117.52,113.0,110.0,118.0,0,0,0,1
C15-R6_jpg.rf.9fd852f5a44dce2631e6b2acf5490455.png,38,205.2,430.0,Sem Raiz,9.2,8.0,6.0,11.0,0,0,0,3
C15-R6_jpg.rf.9fd852f5a44dce2631e6b2acf5490455.png,39,237.5,376.2,Sem Hipocótilo,20.89,20.0,20.0,21.0,0,0,0,0
C15-R6_jpg.rf.9fd852f5a44dce2631e6b2acf5490455.png,40,252.2,360.9,Sem Raiz,27.22,23.0,21.0,26.0,0,0,0,0
C15-R6_jpg.rf.9fd852f5a44dce2631e6b2acf5490455.png,41,395.0,425.3,Normal,84.33,79.0,73.0,84.0,0,0,0,3
C15-R6_jpg.rf.9fd852f5a44dce2631e6b2acf5490455.png,42,427.0,372.7,Sem Hipocótilo,12.25,10.0,8.0,12.0,0,0,0,0
C15-R6_jpg.rf.9fd852f5a44dce2631e6b2acf5490455.png,43,441.5,396.1,Sem Raiz,39.02,36.0,32.0,42.0,0,0,0,5
C15-R6_jpg.rf.9fd852f5a44dce2631e6b2acf5490455.png,44,103.4,475.6,Normal,73.38,65.0,57.0,73.0,0,0,0,1
C15-R6_jpg.rf.9fd852f5a44dce2631e6b2acf5490455.png,45,168.9,440.8,Normal,156.23,143.0,130.0,148.0,4,5,0,3
C15-R6_jpg.rf.9fd852f5a44dce2631e6b2acf5490455.png,46,214.7,470.1,Sem Hipocótilo,72.35,66.0,61.0,66.0,0,0,0,0
C15-R6_jpg.rf.9fd852f5a44dce2631e6b2acf5490455.png,47,265.5,458.9,Normal,101.71,96.0,94.0,103.0,0,0,0,3
C15-R6_jpg.rf.9fd852f5a44dce2631e6b2acf5490455.png,48,307.9,448.4,Normal,95.16,91.0,82.0,97.0,0,1,0,4
C15-R6_jpg.rf.9fd852f5a44dce2631e6b2acf5490455.png,49,353.9,445.4,Normal,91.75,85.0,80.0,91.0,0,0,0,1
C15-R6_jpg.rf.9fd852f5a44dce2631e6b2acf5490455.png,50,409.7,482.3,Normal,51.35,74.0,71.0,78.0,0,7,0,3
C15-R6_jpg.rf.9fd852f5a44dce2631e6b2acf5490455.png,51,444.5,447.0,Sem Hipocótilo,58.71,56.0,56.0,57.0,0,0,0,0
C15-R6_jpg.rf.9fd852f5a44dce2631e6b2acf5490455.png,52,459.9,464.7,Sem Raiz,21.44,19.0,15.0,20.0,0,0,0,3
C15-R6_jpg.rf.9fd852f5a44dce2631e6b2acf5490455.png,53,492.5,466.4,Normal,108.01,104.0,102.0,108.0,0,0,0,1
C15-R6_jpg.rf.9fd852f5a44dce2631e6b2acf5490455.png,54,556.5,454.6,Normal,164.69,155.0,148.0,161.0,0,0,0,4
C15-R7_jpg.rf.8d8a221df566f4befd3e6d763f9ae489.png,1,146.4,125.0,Normal,80.48,76.0,70.0,81.0,0,0,0,1
C15-R7_jpg.rf.8d8a221df566f4befd3e6d763f9ae489.png,2,203.4,123.3,Normal,75.11,68.0,63.0,70.0,0,0,0,1
C15-R7_jpg.rf.8d8a221df566f4befd3e6d763f9ae489.png,3,240.9,135.7,Normal,74.24,68.0,65.0,79.0,0,0,0,3
C15-R7_jpg.rf.8d8a221df566f4befd3e6d763f9ae489.png,4,287.1,128.1,Normal,93.87,95.0,85.0,101.0,0,3,0,1
C15-R7_jpg.rf.8d8a221df566f4befd3e6d763f9ae489.png,5,328.8,133.4,Normal,112.24,105.0,100.0,109.0,0,0,0,3
C15-R7_jpg.rf.8d8a221df566f4befd3e6d763f9ae489.png,6,368.5,189.8,Normal,100.33,91.0,83.0,94.0,0,0,0,0
C15-R7_jpg.rf.8d8a221df566f4befd3e6d763f9ae489.png,7,399.5,129.7,Normal,170.07,148.0,135.0,153.0,0,0,0,2
C15-R7_jpg.rf.8d8a221df566f4befd3e6d763f9ae489.png,8,470.6,196.0,Normal,105.27,98.0,93.0,100.0,0,0,0,1
C15-R7_jpg.rf.8d8a221df566f4befd3e6d763f9ae489.png,9,475.0,126.3,Sem Raiz,30.11,30.0,23.0,33.0,0,0,0,0
C15-R7_jpg.rf.8d8a221df566f4befd3e6d763f9ae489.png,10,533.8,132.9,Normal,38.22,38.0,30.0,45.0,0,1,0,4
C15-R7_jpg.rf.8d8a221df566f4befd3e6d763f9ae489.png,11,547.8,194.6,Normal,50.25,48.0,40.0,60.0,0,3,0,8
C15-R7_jpg.rf.8d8a221df566f4befd3e6d763f9ae489.png,12,574.5,140.0,Normal,74.12,73.0,63.0,82.0,0,3,0,5
C15-R7_jpg.rf.8d8a221df566f4befd3e6d763f9ae489.png,13,144.9,262.5,Normal,89.15,82.0,78.0,89.0,0,0,0,6
C15-R7_jpg.rf.8d8a221df566f4befd3e6d763f9ae489.png,14,159.5,230.0,Normal,89.84,85.0,83.0,92.0,0,0,0,1
C15-R7_jpg.rf.8d8a221df566f4befd3e6d763f9ae489.png,15,188.8,206.0,Normal,126.97,118.0,108.0,121.0,0,0,0,3
C15-R7_jpg.rf.8d8a221df566f4befd3e6d763f9ae489.png,16,207.5,275.1,Sem Hipocótilo,20.03,19.0,15.0,20.0,0,0,0,0
C15-R7_jpg.rf.8d8a221df566f4befd3e6d763f9ae489.png,17,237.6,234.4,Sem Hipocótilo,11.99,10.0,9.0,12.0,0,0,0,0
C15-R7_jpg.rf.8d8a221df566f4befd3e6d763f9ae489.png,18,256.3,258.5,Normal,24.47,23.0,15.0,27.0,0,0,0,1
C15-R7_jpg.rf.8d8a221df566f4befd3e6d763f9ae489.png,19,288.3,235.3,Normal,84.34,80.0,78.0,87.0,0,0,0,1
C15-R7_jpg.rf.8d8a221df566f4befd3e6d763f9ae489.png,20,326.8,245.2,Normal,81.23,74.0,64.0,81.0,0,0,0,6
C15-R7_jpg.rf.8d8a221df566f4befd3e6d763f9ae489.png,21,383.7,262.5,Normal,62.55,57.0,53.0,62.0,0,0,0,3
C15-R7_jpg.rf.8d8a221df566f4befd3e6d763f9ae489.png,22,417.5,232.3,Normal,80.94,78.0,65.0,79.0,0,4,0,4
C15-R7_jpg.rf.8d8a221df566f4befd3e6d763f9ae489.png,23,514.2,224.3,Normal,71.95,65.0,57.0,67.0,0,0,0,0
C15-R7_jpg.rf.8d8a221df566f4befd3e6d763f9ae489.png,24,566.1,241.5,Normal,65.14,61.0,54.0,66.0,0,0,0,1
C15-R7_jpg.rf.8d8a221df566f4befd3e6d763f9ae489.png,25,184.3,355.8,Normal,137.56,128.0,124.0,134.0,0,0,0,6
C15-R7_jpg.rf.8d8a221df566f4befd3e6d763f9ae489.png,26,240.2,319.4,Normal,70.15,69.0,57.0,73.0,1,4,0,5
C15-R7_jpg.rf.8d8a221df566f4befd3e6d763f9ae489.png,27,333.4,297.8,Sem Raiz,31.61,29.0,29.0,31.0,0,0,0,0
C15-R7_jpg.rf.8d8a221df566f4befd3e6d763f9ae489.png,28,372.0,339.2,Normal,95.65,89.0,88.0,92.0,0,0,0,1
C15-R7_jpg.rf.8d8a221df566f4befd3e6d763f9ae489.png,29,427.1,337.7,Normal,100.72,94.0,86.0,98.0,0,0,0,6
C15-R7_jpg.rf.8d8a221df566f4befd3e6d763f9ae489.png,30,467.6,338.5,Normal,98.8,90.0,83.0,96.0,0,1,0,5
C15-R7_jpg.rf.8d8a221df566f4befd3e6d763f9ae489.png,31,490.7,287.1,Normal,79.63,68.0,66.0,74.0,0,0,0,0
C15-R7_jpg.rf.8d8a221df566f4befd3e6d763f9ae489.png,32,522.6,334.0,Normal,45.18,43.0,38.0,58.0,0,1,0,13
C15-R7_jpg.rf.8d8a221df566f4befd3e6d763f9ae489.png,33,532.4,282.4,Normal,43.99,38.0,35.0,50.0,0,0,0,5
C15-R7_jpg.rf.8d8a221df566f4befd3e6d763f9ae489.png,34,562.9,351.4,Normal,109.68,108.0,106.0,115.0,0,0,0,2
C15-R7_jpg.rf.8d8a221df566f4befd3e6d763f9ae489.png,35,129.3,361.2,Normal,85.38,81.0,75.0,88.0,0,0,0,3
C15-R7_jpg.rf.8d8a221df566f4befd3e6d763f9ae489.png,36,251.2,395.2,Normal,141.27,128.0,120.0,134.0,0,0,0,3
C15-R7_jpg.rf.8d8a221df566f4befd3e6d763f9ae489.png,37,282.1,364.4,Normal,111.99,106.0,103.0,115.0,0,0,0,5
C15-R7_jpg.rf.8d8a221df566f4befd3e6d763f9ae489.png,38,305.5,422.4,Normal,117.66,109.0,106.0,116.0,0,0,0,2
C15-R7_jpg.rf.8d8a221df566f4befd3e6d763f9ae489.png,39,345.1,391.5,Normal,99.92,94.0,86.0,99.0,0,0,0,4
C15-R7_jpg.rf.8d8a221df566f4befd3e6d763f9ae489.png,40,413.1,439.8,Normal,92.57,80.0,79.0,89.0,0,0,0,6
C15-R7_jpg.rf.8d8a221df566f4befd3e6d763f9ae489.png,41,508.6,429.1,Normal,125.76,114.0,111.0,132.0,0,0,0,9
C15-R7_jpg.rf.8d8a221df566f4befd3e6d763f9ae489.png,42,146.3,468.9,Normal,93.01,91.0,85.0,97.0,0,0,0,4
C15-R7_jpg.rf.8d8a221df566f4befd3e6d763f9ae489.png,43,195.4,486.7,Normal,49.87,45.0,40.0,55.0,0,0,0,7
C15-R7_jpg.rf.8d8a221df566f4befd3e6d763f9ae489.png,44,222.1,462.1,Sem Hipocótilo,14.07,15.0,8.0,20.0,0,3,0,3
C15-R7_jpg.rf.8d8a221df566f4befd3e6d763f9ae489.png,45,322.1,476.6,Normal,107.14,98.0,96.0,102.0,0,0,0,2
C15-R7_jpg.rf.8d8a221df566f4befd3e6d763f9ae489.png,46,368.1,453.7,Normal,74.6,66.0,59.0,69.0,0,0,0,3
C15-R7_jpg.rf.8d8a221df566f4befd3e6d763f9ae489.png,47,432.6,475.8,Normal,70.12,65.0,54.0,73.0,0,3,0,4
C15-R7_jpg.rf.8d8a221df566f4befd3e6d763f9ae489.png,48,466.9,445.4,Normal,93.41,87.0,82.0,96.0,0,0,0,5
C15-R7_jpg.rf.8d8a221df566f4befd3e6d763f9ae489.png,49,560.7,459.9,Sem Hipocótilo,33.83,32.0,29.0,34.0,0,0,0,0
C15-R8_jpg.rf.ce758e398c5d5e7c6511d214b3ae4bab.png,1,121.4,131.5,Normal,93.65,86.0,79.0,91.0,0,0,0,4
C15-R8_jpg.rf.ce758e398c5d5e7c6511d214b3ae4bab.png,2,187.5,152.1,Normal,90.2,83.0,75.0,90.0,0,0,0,5
C15-R8_jpg.rf.ce758e398c5d5e7c6511d214b3ae4bab.png,3,223.8,190.2,Normal,122.25,115.0,108.0,119.0,0,0,0,2
C15-R8_jpg.rf.ce758e398c5d5e7c6511d214b3ae4bab.png,4,263.6,163.8,Normal,86.08,81.0,70.0,82.0,0,3,0,2
C15-R8_jpg.rf.ce758e398c5d5e7c6511d214b3ae4bab.png,5,303.0,143.1,Normal,118.58,109.0,104.0,117.0,0,0,0,3
C15-R8_jpg.rf.ce758e398c5d5e7c6511d214b3ae4bab.png,6,337.6,160.9,Normal,67.17,60.0,56.0,63.0,0,0,0,0
C15-R8_jpg.rf.ce758e398c5d5e7c6511d214b3ae4bab.png,7,373.0,163.2,Normal,70.72,61.0,60.0,68.0,0,0,0,2
C15-R8_jpg.rf.ce758e398c5d5e7c6511d214b3ae4bab.png,8,479.7,180.2,Normal,119.08,111.0,103.0,116.0,0,0,0,2
C15-R8_jpg.rf.ce758e398c5d5e7c6511d214b3ae4bab.png,9,506.9,137.2,Normal,84.13,77.0,75.0,87.0,0,0,0,3
C15-R8_jpg.rf.ce758e398c5d5e7c6511d214b3ae4bab.png,10,575.4,140.1,Normal,32.03,34.0,21.0,40.0,2,4,0,1
C15-R8_jpg.rf.ce758e398c5d5e7c6511d214b3ae4bab.png,11,110.4,224.5,Sem Raiz,37.97,31.0,29.0,34.0,0,0,0,3
C15-R8_jpg.rf.ce758e398c5d5e7c6511d214b3ae4bab.png,12,133.4,246.1,Sem Hipocótilo,55.07,51.0,52.0,52.0,0,0,0,0
C15-R8_jpg.rf.ce758e398c5d5e7c6511d214b3ae4bab.png,13,195.2,217.7,Normal,70.22,65.0,62.0,76.0,0,3,0,9
C15-R8_jpg.rf.ce758e398c5d5e7c6511d214b3ae4bab.png,14,243.5,222.5,Sem Raiz,12.37,14.0,12.0,20.0,4,4,0,4
C15-R8_jpg.rf.ce758e398c5d5e7c6511d214b3ae4bab.png,15,250.6,275.4,Sem Hipocótilo,60.21,58.0,58.0,58.0,0,0,0,0
C15-R8_jpg.rf.ce758e398c5d5e7c6511d214b3ae4bab.png,16,276.0,227.5,Normal,60.57,58.0,51.0,59.0,0,0,0,0
C15-R8_jpg.rf.ce758e398c5d5e7c6511d214b3ae4bab.png,17,347.9,262.5,Normal,108.8,103.0,91.0,108.0,0,0,0,3
C15-R8_jpg.rf.ce758e398c5d5e7c6511d214b3ae4bab.png,18,376.3,236.0,Normal,173.04,151.0,136.0,162.0,0,0,0,7
C15-R8_jpg.rf.ce758e398c5d5e7c6511d214b3ae4bab.png,19,421.8,201.0,Normal,94.89,92.0,88.0,98.0,0,0,0,4
C15-R8_jpg.rf.ce758e398c5d5e7c6511d214b3ae4bab.png,20,438.3,278.8,Normal,105.39,96.0,84.0,102.0,0,0,0,3
C15-R8_jpg.rf.ce758e398c5d5e7c6511d214b3ae4bab.png,21,456.1,208.9,Normal,50.29,52.0,47.0,59.0,0,0,0,3
C15-R8_jpg.rf.ce758e398c5d5e7c6511d214b3ae4bab.png,22,474.4,273.0,Normal,72.97,62.0,60.0,69.0,0,0,0,6
C15-R8_jpg.rf.ce758e398c5d5e7c6511d214b3ae4bab.png,23,498.8,256.9,Sem Hipocótilo,18.91,19.0,17.0,19.0,0,0,0,0
C15-R8_jpg.rf.ce758e398c5d5e7c6511d214b3ae4bab.png,24,520.2,233.9,Normal,43.44,38.0,30.0,48.0,0,0,0,5
C15-R8_jpg.rf.ce758e398c5d5e7c6511d214b3ae4bab.png,25,549.4,231.0,Normal,126.6,118.0,111.0,120.0,0,0,0,0
C15-R8_jpg.rf.ce758e398c5d5e7c6511d214b3ae4bab.png,26,569.3,264.1,Normal,99.71,93.0,88.0,95.0,0,0,0,1
C15-R8_jpg.rf.ce758e398c5d5e7c6511d214b3ae4bab.png,27,132.3,308.0,Normal,82.6,73.0,66.0,77.0,0,0,0,0
C15-R8_jpg.rf.ce758e398c5d5e7c6511d214b3ae4bab.png,28,195.7,328.5,Normal,92.25,83.0,82.0,93.0,0,0,0,4
C15-R8_jpg.rf.ce758e398c5d5e7c6511d214b3ae4bab.png,29,280.7,318.5,Normal,90.4,88.0,78.0,90.0,0,3,0,3
C15-R8_jpg.rf.ce758e398c5d5e7c6511d214b3ae4bab.png,30,322.0,308.0,Sem Raiz,34.62,32.0,29.0,35.0,0,0,0,3
C15-R8_jpg.rf.ce758e398c5d5e7c6511d214b3ae4bab.png,31,423.4,304.4,Normal,84.95,74.0,70.0,87.0,0,9,1,11
C15-R8_jpg.rf.ce758e398c5d5e7c6511d214b3ae4bab.png,32,537.0,317.7,Normal,96.02,91.0,87.0,96.0,0,0,0,2
C15-R8_jpg.rf.ce758e398c5d5e7c6511d214b3ae4bab.png,33,125.4,396.8,Normal,123.36,133.0,124.0,144.0,3,12,2,12
C15-R8_jpg.rf.ce758e398c5d5e7c6511d214b3ae4bab.png,34,214.8,392.8,Normal,24.04,23.0,15.0,28.0,0,0,0,1
C15-R8_jpg.rf.ce758e398c5d5e7c6511d214b3ae4bab.png,35,255.2,393.0,Normal,63.57,59.0,54.0,60.0,0,0,0,0
C15-R8_jpg.rf.ce758e398c5d5e7c6511d214b3ae4bab.png,36,288.2,395.8,Normal,64.47,56.0,48.0,63.0,0,0,0,4
C15-R8_jpg.rf.ce758e398c5d5e7c6511d214b3ae4bab.png,37,346.0,381.4,Normal,74.22,67.0,61.0,75.0,0,0,0,3
C15-R8_jpg.rf.ce758e398c5d5e7c6511d214b3ae4bab.png,38,380.9,361.1,Normal,97.49,90.0,84.0,99.0,0,1,0,4
C15-R8_jpg.rf.ce758e398c5d5e7c6511d214b3ae4bab.png,39,437.7,396.1,Sem Hipocótilo,19.37,17.0,17.0,23.0,0,0,0,3
C15-R8_jpg.rf.ce758e398c5d5e7c6511d214b3ae4bab.png,40,487.6,360.4,Normal,62.63,65.0,55.0,66.0,0,3,0,0
C15-R8_jpg.rf.ce758e398c5d5e7c6511d214b3ae4bab.png,41,516.1,438.6,Normal,105.76,96.0,89.0,107.0,0,0,0,7
C15-R8_jpg.rf.ce758e398c5d5e7c6511d214b3ae4bab.png,42,554.5,432.4,Sem Raiz,12.65,17.0,13.0,24.0,2,2,0,6
C15-R8_jpg.rf.ce758e398c5d5e7c6511d214b3ae4bab.png,43,579.1,398.0,Normal,117.23,111.0,100.0,113.0,0,0,0,4
C15-R8_jpg.rf.ce758e398c5d5e7c6511d214b3ae4bab.png,44,150.9,491.1,Normal,89.14,84.0,80.0,91.0,0,3,0,5
C15-R8_jpg.rf.ce758e398c5d5e7c6511d214b3ae4bab.png,45,199.2,466.9,Normal,104.05,101.0,94.0,103.0,0,4,0,3
C15-R8_jpg.rf.ce758e398c5d5e7c6511d214b3ae4bab.png,46,246.1,509.6,Normal,87.23,79.0,75.0,83.0,0,0,0,0
C15-R8_jpg.rf.ce758e398c5d5e7c6511d214b3ae4bab.png,47,276.7,463.3,Normal,87.54,92.0,81.0,100.0,2,13,4,10
C15-R8_jpg.rf.ce758e398c5d5e7c6511d214b3ae4bab.png,48,334.7,477.9,Normal,97.4,88.0,82.0,96.0,0,0,0,7
C15-R8_jpg.rf.ce758e398c5d5e7c6511d214b3ae4bab.png,49,379.7,493.4,Sem Hipocótilo,52.73,51.0,49.0,53.0,0,0,0,3
C15-R8_jpg.rf.ce758e398c5d5e7c6511d214b3ae4bab.png,50,387.4,448.5,Normal,34.76,39.0,27.0,47.0,0,3,0,2
C15-R8_jpg.rf.ce758e398c5d5e7c6511d214b3ae4bab.png,51,431.6,472.2,Normal,114.13,108.0,101.0,113.0,0,0,0,1
C15-R8_jpg.rf.ce758e398c5d5e7c6511d214b3ae4bab.png,52,481.7,476.9,Normal,76.8,73.0,73.0,79.0,0,0,0,4
C15-R8_jpg.rf.ce758e398c5d5e7c6511d214b3ae4bab.png,53,530.7,493.0,Sem Hipocótilo,110.91,106.0,103.0,107.0,0,0,0,1
C15-R8_jpg.rf.ce758e398c5d5e7c6511d214b3ae4bab.png,54,580.9,505.4,Sem Raiz,23.37,22.0,18.0,24.0,0,0,0,0
C15-R9_jpg.rf.1bd70717aac821778d04d7b1bd7f1c4b.png,1,167.5,87.1,Normal,82.12,70.0,67.0,79.0,0,0,0,5
C15-R9_jpg.rf.1bd70717aac821778d04d7b1bd7f1c4b.png,2,273.0,118.1,Normal,131.73,120.0,114.0,126.0,0,0,0,4
C15-R9_jpg.rf.1bd70717aac821778d04d7b1bd7f1c4b.png,3,99.5,147.8,Normal,123.6,114.0,109.0,125.0,0,0,0,7
C15-R9_jpg.rf.1bd70717aac821778d04d7b1bd7f1c4b.png,4,128.2,166.5,Sem Hipocótilo,26.05,24.0,20.0,25.0,0,0,0,0
C15-R9_jpg.rf.1bd70717aac821778d04d7b1bd7f1c4b.png,5,188.4,165.2,Normal,120.54,108.0,99.0,116.0,0,0,0,3
C15-R9_jpg.rf.1bd70717aac821778d04d7b1bd7f1c4b.png,6,230.9,141.3,Normal,119.5,119.0,111.0,125.0,4,9,2,7
C15-R9_jpg.rf.1bd70717aac821778d04d7b1bd7f1c4b.png,7,322.6,132.5,Normal,69.53,74.0,68.0,78.0,0,0,0,4
C15-R9_jpg.rf.1bd70717aac821778d04d7b1bd7f1c4b.png,8,366.0,189.4,Normal,70.24,65.0,56.0,73.0,0,0,0,6
C15-R9_jpg.rf.1bd70717aac821778d04d7b1bd7f1c4b.png,9,408.6,138.9,Normal,66.06,60.0,50.0,64.0,0,0,0,2
C15-R9_jpg.rf.1bd70717aac821778d04d7b1bd7f1c4b.png,10,428.2,198.4,Normal,48.63,44.0,40.0,51.0,0,0,0,1
C15-R9_jpg.rf.1bd70717aac821778d04d7b1bd7f1c4b.png,11,448.4,152.5,Normal,116.15,110.0,105.0,114.0,0,0,0,0
C15-R9_jpg.rf.1bd70717aac821778d04d7b1bd7f1c4b.png,12,485.3,132.8,Normal,99.62,91.0,87.0,95.0,0,0,0,3
C15-R9_jpg.rf.1bd70717aac821778d04d7b1bd7f1c4b.png,13,505.4,171.9,Sem Hipocótilo,23.9,27.0,21.0,27.0,0,3,0,3
C15-R9_jpg.rf.1bd70717aac821778d04d7b1bd7f1c4b.png,14,530.0,127.5,Sem Hipocótilo,8.0,9.0,6.0,15.0,0,0,0,1
C15-R9_jpg.rf.1bd70717aac821778d04d7b1bd7f1c4b.png,15,121.0,264.2,Normal,59.79,52.0,47.0,62.0,0,0,0,7
C15-R9_jpg.rf.1bd70717aac821778d04d7b1bd7f1c4b.png,16,135.4,227.2,Sem Raiz,27.42,26.0,24.0,26.0,0,0,0,0
C15-R9_jpg.rf.1bd70717aac821778d04d7b1bd7f1c4b.png,17,176.1,262.5,Normal,35.69,37.0,24.0,39.0,0,3,0,2
C15-R9_jpg.rf.1bd70717aac821778d04d7b1bd7f1c4b.png,18,229.9,263.0,Normal,127.85,122.0,120.0,132.0,0,0,0,7
C15-R9_jpg.rf.1bd70717aac821778d04d7b1bd7f1c4b.png,19,283.8,216.5,Normal,121.11,111.0,106.0,116.0,0,3,0,2
C15-R9_jpg.rf.1bd70717aac821778d04d7b1bd7f1c4b.png,20,293.5,279.8,Normal,108.8,100.0,97.0,110.0,0,0,0,2
C15-R9_jpg.rf.1bd70717aac821778d04d7b1bd7f1c4b.png,21,317.5,222.2,Normal,73.59,67.0,63.0,72.0,0,0,0,1
C15-R9_jpg.rf.1bd70717aac821778d04d7b1bd7f1c4b.png,22,355.5,247.4,Sem Hipocótilo,22.56,20.0,21.0,22.0,0,0,0,0
C15-R9_jpg.rf.1bd70717aac821778d04d7b1bd7f1c4b.png,23,375.7,241.7,Sem Raiz,35.7,36.0,32.0,41.0,0,5,1,6
C15-R9_jpg.rf.1bd70717aac821778d04d7b1bd7f1c4b.png,24,469.6,228.5,Normal,131.32,122.0,114.0,129.0,0,3,0,6
C15-R9_jpg.rf.1bd70717aac821778d04d7b1bd7f1c4b.png,25,541.5,206.9,Sem Hipocótilo,26.97,25.0,25.0,30.0,0,0,0,0
C15-R9_jpg.rf.1bd70717aac821778d04d7b1bd7f1c4b.png,26,178.6,308.7,Normal,73.95,67.0,62.0,69.0,0,0,0,0
C15-R9_jpg.rf.1bd70717aac821778d04d7b1bd7f1c4b.png,27,236.2,348.8,Sem Raiz,16.92,16.0,14.0,17.0,0,0,0,0
C15-R9_jpg.rf.1bd70717aac821778d04d7b1bd7f1c4b.png,28,257.3,336.9,Normal,93.38,89.0,83.0,95.0,1,1,0,4
C15-R9_jpg.rf.1bd70717aac821778d04d7b1bd7f1c4b.png,29,340.8,318.7,Normal,108.94,100.0,97.0,109.0,0,0,0,2
C15-R9_jpg.rf.1bd70717aac821778d04d7b1bd7f1c4b.png,30,372.2,311.4,Sem Raiz,30.05,27.0,27.0,33.0,0,0,0,3
C15-R9_jpg.rf.1bd70717aac821778d04d7b1bd7f1c4b.png,31,399.8,285.1,Normal,92.82,86.0,81.0,91.0,0,0,0,2
C15-R9_jpg.rf.1bd70717aac821778d04d7b1bd7f1c4b.png,32,444.8,346.5,Normal,91.86,89.0,85.0,92.0,0,3,0,1
C15-R9_jpg.rf.1bd70717aac821778d04d7b1bd7f1c4b.png,33,505.7,286.9,Normal,78.9,70.0,66.0,73.0,0,0,0,0
C15-R9_jpg.rf.1bd70717aac821778d04d7b1bd7f1c4b.png,34,548.0,284.6,Normal,63.95,60.0,49.0,61.0,2,4,0,1
C15-R9_jpg.rf.1bd70717aac821778d04d7b1bd7f1c4b.png,35,115.7,363.2,Sem Raiz,32.19,27.0,25.0,30.0,0,0,0,0
C15-R9_jpg.rf.1bd70717aac821778d04d7b1bd7f1c4b.png,36,123.1,401.4,Sem Hipocótilo,48.8,47.0,44.0,47.0,0,0,0,0
C15-R9_jpg.rf.1bd70717aac821778d04d7b1bd7f1c4b.png,37,142.2,419.5,Normal,29.25,28.0,20.0,39.0,0,0,0,1
C15-R9_jpg.rf.1bd70717aac821778d04d7b1bd7f1c4b.png,38,223.4,387.9,Sem Hipocótilo,51.15,50.0,49.0,55.0,0,0,0,3
C15-R9_jpg.rf.1bd70717aac821778d04d7b1bd7f1c4b.png,39,275.5,420.7,Normal,125.1,116.0,113.0,126.0,0,0,0,5
C15-R9_jpg.rf.1bd70717aac821778d04d7b1bd7f1c4b.png,40,306.6,369.0,Sem Raiz,22.22,20.0,18.0,21.0,0,0,0,0
C15-R9_jpg.rf.1bd70717aac821778d04d7b1bd7f1c4b.png,41,320.3,422.6,Sem Hipocótilo,83.77,77.0,76.0,79.0,0,0,0,1
C15-R9_jpg.rf.1bd70717aac821778d04d7b1bd7f1c4b.png,42,362.7,428.5,Sem Hipocótilo,84.39,76.0,74.0,76.0,0,0,0,0
C15-R9_jpg.rf.1bd70717aac821778d04d7b1bd7f1c4b.png,43,378.9,361.9,Normal,78.62,74.0,71.0,79.0,0,0,0,1
C15-R9_jpg.rf.1bd70717aac821778d04d7b1bd7f1c4b.png,44,415.2,388.1,Normal,67.16,68.0,58.0,71.0,1,6,0,4
C15-R9_jpg.rf.1bd70717aac821778d04d7b1bd7f1c4b.png,45,466.2,383.3,Sem Raiz,39.6,36.0,34.0,36.0,0,0,0,0
C15-R9_jpg.rf.1bd70717aac821778d04d7b1bd7f1c4b.png,46,504.1,387.9,Normal,52.15,54.0,41.0,61.0,0,3,0,6
C15-R9_jpg.rf.1bd70717aac821778d04d7b1bd7f1c4b.png,47,546.2,366.9,Normal,66.32,60.0,55.0,65.0,0,0,0,1
C15-R9_jpg.rf.1bd70717aac821778d04d7b1bd7f1c4b.png,48,180.6,462.0,Normal,45.6,45.0,41.0,54.0,0,0,0,2
C15-R9_jpg.rf.1bd70717aac821778d04d7b1bd7f1c4b.png,49,224.1,457.5,Normal,82.96,76.0,64.0,78.0,0,0,0,3
C15-R9_jpg.rf.1bd70717aac821778d04d7b1bd7f1c4b.png,50,297.1,481.8,Normal,68.48,65.0,61.0,72.0,2,2,0,2
C15-R9_jpg.rf.1bd70717aac821778d04d7b1bd7f1c4b.png,51,390.3,450.1,Sem Hipocótilo,17.22,18.0,17.0,20.0,0,0,0,0
C15-R9_jpg.rf.1bd70717aac821778d04d7b1bd7f1c4b.png,52,446.2,467.2,Normal,96.42,93.0,87.0,104.0,0,3,0,9
C15-R9_jpg.rf.1bd70717aac821778d04d7b1bd7f1c4b.png,53,466.3,443.6,Sem Hipocótilo,73.32,71.0,68.0,72.0,0,0,0,0
C15-R9_jpg.rf.1bd70717aac821778d04d7b1bd7f1c4b.png,54,507.0,464.5,Normal,98.42,90.0,85.0,97.0,0,0,0,7
C15-R9_jpg.rf.1bd70717aac821778d04d7b1bd7f1c4b.png,55,545.8,442.2,Normal,56.32,64.0,51.0,67.0,3,5,0,3
C16-R10_jpg.rf.bb600cbe906c23d4005ae3c5022eedf1.png,1,534.1,114.5,Sem Raiz,5.52,6.0,3.0,10.0,0,0,0,1
C16-R10_jpg.rf.bb600cbe906c23d4005ae3c5022eedf1.png,2,100.4,180.0,Normal,144.71,129.0,124.0,132.0,0,0,0,2
C16-R10_jpg.rf.bb600cbe906c23d4005ae3c5022eedf1.png,3,143.3,179.3,Normal,169.65,159.0,157.0,168.0,0,0,0,5
C16-R10_jpg.rf.bb600cbe906c23d4005ae3c5022eedf1.png,4,193.7,179.5,Normal,175.98,167.0,157.0,171.0,0,0,0,2
C16-R10_jpg.rf.bb600cbe906c23d4005ae3c5022eedf1.png,5,222.5,181.7,Normal,138.75,147.0,145.0,152.0,2,11,4,8
C16-R10_jpg.rf.bb600cbe906c23d4005ae3c5022eedf1.png,6,288.6,128.6,Normal,83.96,84.0,75.0,90.0,4,4,1,7
C16-R10_jpg.rf.bb600cbe906c23d4005ae3c5022eedf1.png,7,329.9,164.5,Normal,123.81,114.0,113.0,122.0,0,0,0,6
C16-R10_jpg.rf.bb600cbe906c23d4005ae3c5022eedf1.png,8,372.4,181.2,Normal,139.05,131.0,125.0,135.0,0,0,0,2
C16-R10_jpg.rf.bb600cbe906c23d4005ae3c5022eedf1.png,9,477.0,149.0,Normal,114.38,105.0,105.0,111.0,0,0,0,2
C16-R10_jpg.rf.bb600cbe906c23d4005ae3c5022eedf1.png,10,519.2,170.5,Normal,105.31,100.0,91.0,103.0,0,0,0,1
C16-R10_jpg.rf.bb600cbe906c23d4005ae3c5022eedf1.png,11,82.2,248.6,Normal,140.56,128.0,127.0,136.0,0,0,0,5
C16-R10_jpg.rf.bb600cbe906c23d4005ae3c5022eedf1.png,12,166.3,253.8,Normal,22.08,21.0,19.0,29.0,0,0,0,4
C16-R10_jpg.rf.bb600cbe906c23d4005ae3c5022eedf1.png,13,289.9,279.8,Normal,143.99,134.0,133.0,141.0,0,0,0,3
C16-R10_jpg.rf.bb600cbe906c23d4005ae3c5022eedf1.png,14,315.4,252.3,Sem Raiz,12.96,18.0,18.0,24.0,0,1,0,2
C16-R10_jpg.rf.bb600cbe906c23d4005ae3c5022eedf1.png,15,359.9,229.5,Normal,147.6,139.0,142.0,150.0,0,4,4,10
C16-R10_jpg.rf.bb600cbe906c23d4005ae3c5022eedf1.png,16,405.3,217.4,Normal,116.76,127.0,122.0,135.0,1,12,5,13
C16-R10_jpg.rf.bb600cbe906c23d4005ae3c5022eedf1.png,17,440.4,280.0,Normal,363.07,344.0,342.0,358.0,0,0,0,4
C16-R10_jpg.rf.bb600cbe906c23d4005ae3c5022eedf1.png,18,453.2,245.2,Normal,99.46,108.0,101.0,110.0,0,10,5,10
C16-R10_jpg.rf.bb600cbe906c23d4005ae3c5022eedf1.png,19,517.2,255.2,Sem Raiz,15.52,22.0,21.0,26.0,2,2,0,5
C16-R10_jpg.rf.bb600cbe906c23d4005ae3c5022eedf1.png,20,564.0,205.2,Normal,153.47,142.0,141.0,149.0,0,0,0,2
C16-R10_jpg.rf.bb600cbe906c23d4005ae3c5022eedf1.png,21,142.0,325.5,Normal,35.51,33.0,29.0,35.0,0,0,0,1
C16-R10_jpg.rf.bb600cbe906c23d4005ae3c5022eedf1.png,22,190.0,285.1,Sem Raiz,19.07,16.0,17.0,23.0,0,0,0,3
C16-R10_jpg.rf.bb600cbe906c23d4005ae3c5022eedf1.png,23,217.7,342.4,Normal,138.36,136.0,127.0,137.0,0,4,1,3
C16-R10_jpg.rf.bb600cbe906c23d4005ae3c5022eedf1.png,24,244.7,331.2,Normal,164.79,158.0,154.0,167.0,0,0,0,4
C16-R10_jpg.rf.bb600cbe906c23d4005ae3c5022eedf1.png,25,260.2,286.1,Normal,192.92,185.0,183.0,190.0,0,0,0,3
C16-R10_jpg.rf.bb600cbe906c23d4005ae3c5022eedf1.png,26,315.9,355.5,Sem Hipocótilo,84.51,77.0,74.0,78.0,0,0,0,1
C16-R10_jpg.rf.bb600cbe906c23d4005ae3c5022eedf1.png,27,326.4,287.2,Sem Hipocótilo,44.32,43.0,42.0,44.0,0,0,0,0
C16-R10_jpg.rf.bb600cbe906c23d4005ae3c5022eedf1.png,28,360.2,350.4,Normal,142.41,135.0,130.0,138.0,0,3,0,3
C16-R10_jpg.rf.bb600cbe906c23d4005ae3c5022eedf1.png,29,397.1,340.5,Normal,108.39,99.0,96.0,102.0,0,0,0,1
C16-R10_jpg.rf.bb600cbe906c23d4005ae3c5022eedf1.png,30,484.9,335.9,Normal,115.9,108.0,107.0,116.0,0,0,0,6
C16-R10_jpg.rf.bb600cbe906c23d4005ae3c5022eedf1.png,31,514.9,318.6,Sem Hipocótilo,86.84,83.0,83.0,85.0,0,0,0,0
C16-R10_jpg.rf.bb600cbe906c23d4005ae3c5022eedf1.png,32,564.3,354.3,Normal,117.6,110.0,106.0,115.0,0,0,0,6
C16-R10_jpg.rf.bb600cbe906c23d4005ae3c5022eedf1.png,33,76.9,388.2,Normal,104.91,99.0,95.0,104.0,0,0,0,3
C16-R10_jpg.rf.bb600cbe906c23d4005ae3c5022eedf1.png,34,113.6,437.2,Sem Raiz,19.12,20.0,15.0,28.0,1,1,0,3
C16-R10_jpg.rf.bb600cbe906c23d4005ae3c5022eedf1.png,35,158.9,413.3,Normal,147.3,142.0,135.0,149.0,0,0,0,6
C16-R10_jpg.rf.bb600cbe906c23d4005ae3c5022eedf1.png,36,185.7,366.7,Sem Hipocótilo,121.95,117.0,115.0,118.0,0,0,0,1
C16-R10_jpg.rf.bb600cbe906c23d4005ae3c5022eedf1.png,37,385.4,412.4,Normal,41.23,37.0,35.0,42.0,0,0,0,2
C16-R10_jpg.rf.bb600cbe906c23d4005ae3c5022eedf1.png,38,413.3,415.7,Normal,162.16,150.0,148.0,158.0,0,0,0,2
C16-R10_jpg.rf.bb600cbe906c23d4005ae3c5022eedf1.png,39,540.0,388.2,Sem Raiz,8.52,9.0,6.0,11.0,0,0,0,1
C16-R10_jpg.rf.bb600cbe906c23d4005ae3c5022eedf1.png,40,570.4,419.5,Sem Raiz,23.35,39.0,40.0,47.0,4,9,10,12
C16-R10_jpg.rf.bb600cbe906c23d4005ae3c5022eedf1.png,41,97.9,516.8,Normal,132.14,129.0,121.0,133.0,0,0,0,4
C16-R10_jpg.rf.bb600cbe906c23d4005ae3c5022eedf1.png,42,122.7,461.8,Sem Hipocótilo,26.12,22.0,23.0,24.0,0,0,0,1
C16-R10_jpg.rf.bb600cbe906c23d4005ae3c5022eedf1.png,43,139.8,495.6,Normal,132.2,126.0,124.0,134.0,0,0,0,7
C16-R10_jpg.rf.bb600cbe906c23d4005ae3c5022eedf1.png,44,200.9,516.0,Normal,149.82,145.0,142.0,147.0,0,0,0,1
C16-R10_jpg.rf.bb600cbe906c23d4005ae3c5022eedf1.png,45,224.4,473.8,Normal,139.94,133.0,132.0,139.0,0,4,3,3
C16-R10_jpg.rf.bb600cbe906c23d4005ae3c5022eedf1.png,46,260.4,487.9,Normal,150.32,152.0,150.0,157.0,0,3,0,3
C16-R10_jpg.rf.bb600cbe906c23d4005ae3c5022eedf1.png,47,291.0,448.6,Normal,141.32,142.0,139.0,146.0,0,4,3,5
C16-R10_jpg.rf.bb600cbe906c23d4005ae3c5022eedf1.png,48,321.1,480.6,Normal,148.67,141.0,136.0,144.0,0,0,0,0
C16-R10_jpg.rf.bb600cbe906c23d4005ae3c5022eedf1.png,49,343.3,476.0,Normal,72.98,68.0,62.0,73.0,0,0,0,3
C16-R10_jpg.rf.bb600cbe906c23d4005ae3c5022eedf1.png,50,373.4,506.0,Normal,127.16,123.0,119.0,126.0,0,0,0,1
C16-R10_jpg.rf.bb600cbe906c23d4005ae3c5022eedf1.png,51,429.9,486.0,Normal,168.09,153.0,146.0,156.0,0,0,0,1
C16-R10_jpg.rf.bb600cbe906c23d4005ae3c5022eedf1.png,52,480.7,489.3,Normal,170.56,161.0,158.0,166.0,0,0,0,6
C16-R10_jpg.rf.bb600cbe906c23d4005ae3c5022eedf1.png,53,511.0,449.4,Normal,183.64,177.0,174.0,186.0,0,0,0,7
C16-R10_jpg.rf.bb600cbe906c23d4005ae3c5022eedf1.png,54,529.4,466.3,Normal,144.1,144.0,134.0,148.0,0,1,0,5
C16-R10_jpg.rf.bb600cbe906c23d4005ae3c5022eedf1.png,55,564.7,485.1,Sem Hipocótilo,78.31,76.0,73.0,77.0,0,0,0,0
C16-R11_jpg.rf.0c8f23c091968bf54c3dc980e5e45f1a.png,1,171.8,164.6,Normal,177.62,163.0,159.0,164.0,0,0,0,0
C16-R11_jpg.rf.0c8f23c091968bf54c3dc980e5e45f1a.png,2,203.7,172.3,Normal,177.03,165.0,159.0,172.0,0,0,0,6
C16-R11_jpg.rf.0c8f23c091968bf54c3dc980e5e45f1a.png,3,236.6,182.6,Normal,96.05,92.0,91.0,99.0,0,0,0,2
C16-R11_jpg.rf.0c8f23c091968bf54c3dc980e5e45f1a.png,4,258.5,185.3,Normal,180.17,169.0,166.0,173.0,0,0,0,1
C16-R11_jpg.rf.0c8f23c091968bf54c3dc980e5e45f1a.png,5,281.0,155.7,Normal,123.69,111.0,111.0,122.0,0,0,0,6
C16-R11_jpg.rf.0c8f23c091968bf54c3dc980e5e45f1a.png,6,337.6,182.9,Normal,188.69,175.0,172.0,183.0,0,0,0,7
C16-R11_jpg.rf.0c8f23c091968bf54c3dc980e5e45f1a.png,7,395.8,123.0,Normal,66.41,80.0,78.0,85.0,0,6,3,7
C16-R11_jpg.rf.0c8f23c091968bf54c3dc980e5e45f1a.png,8,437.9,184.6,Normal,154.44,138.0,130.0,141.0,0,0,0,4
C16-R11_jpg.rf.0c8f23c091968bf54c3dc980e5e45f1a.png,9,461.8,190.5,Normal,43.71,40.0,34.0,44.0,0,1,0,3
C16-R11_jpg.rf.0c8f23c091968bf54c3dc980e5e45f1a.png,10,87.6,253.2,Normal,92.6,84.0,79.0,90.0,0,0,0,6
C16-R11_jpg.rf.0c8f23c091968bf54c3dc980e5e45f1a.png,11,107.7,210.9,Normal,156.96,148.0,145.0,157.0,0,0,0,4
C16-R11_jpg.rf.0c8f23c091968bf54c3dc980e5e45f1a.png,12,140.6,214.9,Normal,183.48,170.0,162.0,171.0,0,4,0,1
C16-R11_jpg.rf.0c8f23c091968bf54c3dc980e5e45f1a.png,13,397.4,243.7,Normal,396.2,401.0,391.0,415.0,3,9,2,15
C16-R11_jpg.rf.0c8f23c091968bf54c3dc980e5e45f1a.png,14,460.3,245.4,Normal,44.3,40.0,38.0,46.0,0,0,0,1
C16-R11_jpg.rf.0c8f23c091968bf54c3dc980e5e45f1a.png,15,522.4,256.8,Normal,681.93,661.0,649.0,686.0,1,17,6,19
C16-R11_jpg.rf.0c8f23c091968bf54c3dc980e5e45f1a.png,16,90.0,320.3,Normal,61.57,56.0,54.0,61.0,0,0,0,2
C16-R11_jpg.rf.0c8f23c091968bf54c3dc980e5e45f1a.png,17,170.4,323.9,Normal,174.42,161.0,159.0,168.0,0,0,0,6
C16-R11_jpg.rf.0c8f23c091968bf54c3dc980e5e45f1a.png,18,203.2,324.3,Normal,226.95,209.0,209.0,218.0,0,0,0,6
C16-R11_jpg.rf.0c8f23c091968bf54c3dc980e5e45f1a.png,19,252.7,332.3,Normal,222.82,207.0,203.0,215.0,0,0,0,1
C16-R11_jpg.rf.0c8f23c091968bf54c3dc980e5e45f1a.png,20,316.2,346.1,Normal,837.23,798.0,777.0,815.0,1,6,0,12
C16-R11_jpg.rf.0c8f23c091968bf54c3dc980e5e45f1a.png,21,358.6,313.5,Normal,244.51,235.0,231.0,239.0,0,1,0,1
C16-R11_jpg.rf.0c8f23c091968bf54c3dc980e5e45f1a.png,22,379.8,334.4,Normal,233.3,219.0,215.0,227.0,0,0,0,2
C16-R11_jpg.rf.0c8f23c091968bf54c3dc980e5e45f1a.png,23,436.8,336.8,Normal,159.12,165.0,160.0,173.0,0,9,3,11
C16-R11_jpg.rf.0c8f23c091968bf54c3dc980e5e45f1a.png,24,495.2,349.8,Normal,469.7,450.0,437.0,464.0,0,4,0,10
C16-R11_jpg.rf.0c8f23c091968bf54c3dc980e5e45f1a.png,25,127.2,397.6,Normal,159.75,145.0,141.0,154.0,0,0,0,7
C16-R11_jpg.rf.0c8f23c091968bf54c3dc980e5e45f1a.png,26,280.9,362.2,Normal,197.78,188.0,187.0,195.0,0,1,0,3
C16-R11_jpg.rf.0c8f23c091968bf54c3dc980e5e45f1a.png,27,467.5,367.0,Normal,193.57,178.0,176.0,182.0,0,0,0,4
C16-R11_jpg.rf.0c8f23c091968bf54c3dc980e5e45f1a.png,28,536.5,433.6,Normal,150.29,151.0,152.0,161.0,4,14,8,10
C16-R11_jpg.rf.0c8f23c091968bf54c3dc980e5e45f1a.png,29,101.0,467.5,Normal,239.02,229.0,227.0,236.0,0,0,0,2
C16-R11_jpg.rf.0c8f23c091968bf54c3dc980e5e45f1a.png,30,166.2,502.9,Normal,206.56,193.0,187.0,198.0,0,3,0,7
C16-R11_jpg.rf.0c8f23c091968bf54c3dc980e5e45f1a.png,31,212.0,512.0,Normal,90.48,87.0,86.0,90.0,0,0,0,1
C16-R11_jpg.rf.0c8f23c091968bf54c3dc980e5e45f1a.png,32,223.9,462.1,Normal,370.91,351.0,344.0,366.0,0,11,5,16
C16-R11_jpg.rf.0c8f23c091968bf54c3dc980e5e45f1a.png,33,259.3,468.8,Normal,225.84,208.0,204.0,212.0,0,0,0,2
C16-R11_jpg.rf.0c8f23c091968bf54c3dc980e5e45f1a.png,34,341.6,489.5,Normal,25.74,25.0,20.0,30.0,0,0,0,1
C16-R11_jpg.rf.0c8f23c091968bf54c3dc980e5e45f1a.png,35,377.0,466.2,Normal,247.57,220.0,216.0,229.0,0,0,0,9
C16-R11_jpg.rf.0c8f23c091968bf54c3dc980e5e45f1a.png,36,427.0,505.0,Normal,274.24,260.0,253.0,273.0,0,0,0,9
C16-R11_jpg.rf.0c8f23c091968bf54c3dc980e5e45f1a.png,37,479.5,471.3,Normal,208.08,197.0,194.0,202.0,0,0,0,3
C16-R11_jpg.rf.0c8f23c091968bf54c3dc980e5e45f1a.png,38,549.4,514.4,Normal,90.18,76.0,76.0,86.0,0,0,0,4
C16-R11_jpg.rf.0c8f23c091968bf54c3dc980e5e45f1a.png,39,390.0,530.8,Sem Hipocótilo,126.44,118.0,118.0,119.0,0,0,0,3
C16-R12_jpg.rf.d786aed50da1739dd5ef2b3e3c48b474.png,1,149.1,192.7,Normal,213.74,204.0,201.0,208.0,0,0,0,1
C16-R12_jpg.rf.d786aed50da1739dd5ef2b3e3c48b474.png,2,172.2,189.6,Normal,213.86,207.0,206.0,217.0,0,0,0,6
C16-R12_jpg.rf.d786aed50da1739dd5ef2b3e3c48b474.png,3,257.6,190.7,Normal,261.11,240.0,238.0,246.0,0,0,0,4
C16-R12_jpg.rf.d786aed50da1739dd5ef2b3e3c48b474.png,4,274.0,159.0,Normal,155.11,141.0,138.0,147.0,0,0,0,6
C16-R12_jpg.rf.d786aed50da1739dd5ef2b3e3c48b474.png,5,346.2,198.0,Normal,222.84,214.0,206.0,218.0,0,1,0,1
C16-R12_jpg.rf.d786aed50da1739dd5ef2b3e3c48b474.png,6,370.2,157.6,Normal,177.94,168.0,162.0,171.0,0,0,0,0
C16-R12_jpg.rf.d786aed50da1739dd5ef2b3e3c48b474.png,7,508.7,185.1,Normal,154.64,150.0,145.0,154.0,0,1,0,2
C16-R12_jpg.rf.d786aed50da1739dd5ef2b3e3c48b474.png,8,78.7,248.1,Normal,325.67,307.0,300.0,319.0,0,0,0,7
C16-R12_jpg.rf.d786aed50da1739dd5ef2b3e3c48b474.png,9,135.2,234.1,Normal,210.73,195.0,186.0,201.0,0,0,0,3
C16-R12_jpg.rf.d786aed50da1739dd5ef2b3e3c48b474.png,10,199.9,236.0,Normal,21.34,21.0,21.0,25.0,0,0,0,0
C16-R12_jpg.rf.d786aed50da1739dd5ef2b3e3c48b474.png,11,213.2,212.3,Normal,263.27,243.0,239.0,248.0,0,0,0,1
C16-R12_jpg.rf.d786aed50da1739dd5ef2b3e3c48b474.png,12,242.9,224.7,Normal,211.14,200.0,193.0,202.0,2,4,0,1
C16-R12_jpg.rf.d786aed50da1739dd5ef2b3e3c48b474.png,13,296.5,256.1,Normal,26.28,25.0,24.0,34.0,0,0,0,4
C16-R12_jpg.rf.d786aed50da1739dd5ef2b3e3c48b474.png,14,324.6,242.5,Normal,216.42,200.0,197.0,203.0,0,0,0,1
C16-R12_jpg.rf.d786aed50da1739dd5ef2b3e3c48b474.png,15,421.6,263.2,Normal,714.51,670.0,663.0,700.0,0,11,6,18
C16-R12_jpg.rf.d786aed50da1739dd5ef2b3e3c48b474.png,16,540.3,226.9,Normal,244.53,228.0,221.0,232.0,0,0,0,3
C16-R12_jpg.rf.d786aed50da1739dd5ef2b3e3c48b474.png,17,113.4,316.0,Normal,565.29,534.0,517.0,553.0,0,1,0,12
C16-R12_jpg.rf.d786aed50da1739dd5ef2b3e3c48b474.png,18,131.8,339.0,Normal,147.98,139.0,132.0,147.0,6,6,3,7
C16-R12_jpg.rf.d786aed50da1739dd5ef2b3e3c48b474.png,19,484.5,329.3,Normal,1022.15,955.0,932.0,989.0,3,10,2,21
C16-R12_jpg.rf.d786aed50da1739dd5ef2b3e3c48b474.png,20,572.7,288.9,Normal,209.26,196.0,195.0,208.0,0,0,0,4
C16-R12_jpg.rf.d786aed50da1739dd5ef2b3e3c48b474.png,21,78.1,420.0,Normal,202.46,193.0,193.0,203.0,0,0,0,4
C16-R12_jpg.rf.d786aed50da1739dd5ef2b3e3c48b474.png,22,244.8,439.2,Normal,242.68,231.0,227.0,238.0,0,8,2,4
C16-R12_jpg.rf.d786aed50da1739dd5ef2b3e3c48b474.png,23,347.0,408.1,Normal,1196.18,1248.0,1223.0,1277.0,3,6,1,20
C16-R12_jpg.rf.d786aed50da1739dd5ef2b3e3c48b474.png,24,544.2,435.2,Normal,515.07,642.0,624.0,661.0,4,4,1,9
C16-R12_jpg.rf.d786aed50da1739dd5ef2b3e3c48b474.png,25,95.1,510.3,Normal,119.9,109.0,104.0,117.0,0,0,0,5
C16-R12_jpg.rf.d786aed50da1739dd5ef2b3e3c48b474.png,26,173.5,445.9,Normal,490.18,455.0,442.0,465.0,0,0,0,2
C16-R12_jpg.rf.d786aed50da1739dd5ef2b3e3c48b474.png,27,201.0,480.6,Normal,213.17,206.0,199.0,210.0,0,1,0,2
C16-R12_jpg.rf.d786aed50da1739dd5ef2b3e3c48b474.png,28,214.4,481.4,Normal,217.32,211.0,207.0,221.0,0,7,1,5
C16-R12_jpg.rf.d786aed50da1739dd5ef2b3e3c48b474.png,29,264.1,456.4,Normal,160.68,152.0,144.0,158.0,0,0,0,3
C16-R12_jpg.rf.d786aed50da1739dd5ef2b3e3c48b474.png,30,284.5,443.7,Normal,199.66,178.0,174.0,183.0,0,8,2,3
C16-R12_jpg.rf.d786aed50da1739dd5ef2b3e3c48b474.png,31,395.4,477.5,Normal,215.9,190.0,185.0,194.0,0,0,0,4
C16-R12_jpg.rf.d786aed50da1739dd5ef2b3e3c48b474.png,32,433.7,446.5,Normal,256.4,239.0,235.0,246.0,0,0,0,2
C16-R12_jpg.rf.d786aed50da1739dd5ef2b3e3c48b474.png,33,477.2,489.9,Normal,237.05,213.0,210.0,221.0,0,0,0,2
C16-R13_jpg.rf.673a413659e250431a8330be6d745cd5.png,1,75.7,186.4,Normal,235.42,222.0,212.0,224.0,0,0,0,0
C16-R13_jpg.rf.673a413659e250431a8330be6d745cd5.png,2,114.7,184.0,Normal,121.26,404.0,392.0,417.0,4,6,2,13
C16-R13_jpg.rf.673a413659e250431a8330be6d745cd5.png,3,156.6,164.7,Normal,195.05,197.0,195.0,204.0,4,13,6,10
C16-R13_jpg.rf.673a413659e250431a8330be6d745cd5.png,4,222.1,171.7,Normal,37.7,38.0,34.0,40.0,3,3,0,1
C16-R13_jpg.rf.673a413659e250431a8330be6d745cd5.png,5,224.6,189.6,Normal,279.45,415.0,406.0,424.0,4,4,1,3
C16-R13_jpg.rf.673a413659e250431a8330be6d745cd5.png,6,539.7,192.0,Normal,442.46,406.0,399.0,418.0,0,0,0,10
C16-R13_jpg.rf.673a413659e250431a8330be6d745cd5.png,7,80.7,264.1,Sem Hipocótilo,12.23,11.0,10.0,14.0,0,0,0,2
C16-R13_jpg.rf.673a413659e250431a8330be6d745cd5.png,8,178.6,209.8,Normal,104.84,101.0,94.0,109.0,0,0,0,3
C16-R13_jpg.rf.673a413659e250431a8330be6d745cd5.png,9,284.2,203.6,Normal,272.95,261.0,255.0,271.0,0,0,0,9
C16-R13_jpg.rf.673a413659e250431a8330be6d745cd5.png,10,309.9,201.0,Normal,210.41,197.0,185.0,204.0,0,0,0,5
C16-R13_jpg.rf.673a413659e250431a8330be6d745cd5.png,11,346.4,249.2,Normal,591.82,567.0,554.0,582.0,0,3,3,10
C16-R13_jpg.rf.673a413659e250431a8330be6d745cd5.png,12,392.4,209.0,Normal,382.67,354.0,347.0,374.0,0,0,0,15
C16-R13_jpg.rf.673a413659e250431a8330be6d745cd5.png,13,498.7,271.2,Normal,442.58,411.0,402.0,422.0,0,3,0,7
C16-R13_jpg.rf.673a413659e250431a8330be6d745cd5.png,14,195.7,294.6,Normal,54.16,47.0,46.0,53.0,0,0,0,2
C16-R13_jpg.rf.673a413659e250431a8330be6d745cd5.png,15,245.2,286.9,Normal,260.81,248.0,244.0,257.0,0,1,0,5
C16-R13_jpg.rf.673a413659e250431a8330be6d745cd5.png,16,254.8,356.7,Normal,242.06,227.0,223.0,233.0,0,0,0,4
C16-R13_jpg.rf.673a413659e250431a8330be6d745cd5.png,17,429.9,315.8,Normal,421.26,391.0,383.0,407.0,0,0,0,12
C16-R13_jpg.rf.673a413659e250431a8330be6d745cd5.png,18,570.2,303.1,Normal,252.45,234.0,232.0,246.0,0,0,0,2
C16-R13_jpg.rf.673a413659e250431a8330be6d745cd5.png,19,73.9,413.2,Normal,198.58,188.0,185.0,197.0,0,0,0,4
C16-R13_jpg.rf.673a413659e250431a8330be6d745cd5.png,20,108.5,423.1,Normal,421.42,394.0,382.0,408.0,0,0,0,11
C16-R13_jpg.rf.673a413659e250431a8330be6d745cd5.png,21,144.0,395.2,Normal,273.62,258.0,255.0,265.0,0,0,0,3
C16-R13_jpg.rf.673a413659e250431a8330be6d745cd5.png,22,172.6,426.8,Normal,478.35,457.0,451.0,472.0,0,5,6,10
C16-R13_jpg.rf.673a413659e250431a8330be6d745cd5.png,23,372.2,434.6,Normal,224.4,209.0,206.0,215.0,0,1,0,3
C16-R13_jpg.rf.673a413659e250431a8330be6d745cd5.png,24,476.6,368.4,Normal,674.11,625.0,615.0,646.0,0,4,1,10
C16-R13_jpg.rf.673a413659e250431a8330be6d745cd5.png,25,211.2,452.0,Normal,416.77,389.0,374.0,402.0,0,3,0,7
C16-R13_jpg.rf.673a413659e250431a8330be6d745cd5.png,26,265.5,454.3,Normal,202.18,193.0,184.0,199.0,4,6,0,5
C16-R13_jpg.rf.673a413659e250431a8330be6d745cd5.png,27,301.9,454.7,Normal,696.41,653.0,630.0,677.0,0,4,0,13
C16-R13_jpg.rf.673a413659e250431a8330be6d745cd5.png,28,345.6,456.1,Normal,225.23,211.0,206.0,220.0,0,0,0,4
C16-R13_jpg.rf.673a413659e250431a8330be6d745cd5.png,29,386.7,491.0,Normal,194.8,185.0,184.0,194.0,0,0,0,6
C16-R13_jpg.rf.673a413659e250431a8330be6d745cd5.png,30,429.8,498.8,Normal,206.01,213.0,208.0,220.0,7,15,12,19
C16-R13_jpg.rf.673a413659e250431a8330be6d745cd5.png,31,449.9,516.1,Normal,191.05,184.0,185.0,191.0,3,6,2,5
C16-R13_jpg.rf.673a413659e250431a8330be6d745cd5.png,32,533.2,448.3,Normal,252.86,245.0,242.0,256.0,3,11,3,10
C16-R13_jpg.rf.673a413659e250431a8330be6d745cd5.png,33,551.2,455.4,Normal,270.15,239.0,239.0,254.0,0,0,0,8
C16-R14_jpg.rf.b4b5fc7e515f4d2026d3e5d4cb0d7718.png,1,91.4,188.5,Normal,444.02,418.0,411.0,437.0,0,0,0,11
C16-R14_jpg.rf.b4b5fc7e515f4d2026d3e5d4cb0d7718.png,2,133.8,157.4,Normal,50.46,46.0,46.0,52.0,0,0,0,3
C16-R14_jpg.rf.b4b5fc7e515f4d2026d3e5d4cb0d7718.png,3,173.7,132.8,Normal,24.59,26.0,20.0,33.0,2,4,0,4
C16-R14_jpg.rf.b4b5fc7e515f4d2026d3e5d4cb0d7718.png,4,188.1,189.9,Normal,193.03,177.0,176.0,181.0,0,0,0,1
C16-R14_jpg.rf.b4b5fc7e515f4d2026d3e5d4cb0d7718.png,5,213.7,188.5,Normal,187.0,169.0,166.0,174.0,0,0,0,4
C16-R14_jpg.rf.b4b5fc7e515f4d2026d3e5d4cb0d7718.png,6,266.3,195.5,Normal,480.78,444.0,436.0,459.0,0,0,0,9
C16-R14_jpg.rf.b4b5fc7e515f4d2026d3e5d4cb0d7718.png,7,339.4,147.3,Normal,121.86,142.0,135.0,141.0,4,12,4,5
C16-R14_jpg.rf.b4b5fc7e515f4d2026d3e5d4cb0d7718.png,8,385.3,166.8,Normal,209.12,194.0,184.0,197.0,0,3,0,2
C16-R14_jpg.rf.b4b5fc7e515f4d2026d3e5d4cb0d7718.png,9,452.6,176.8,Normal,271.12,249.0,242.0,257.0,0,0,0,7
C16-R14_jpg.rf.b4b5fc7e515f4d2026d3e5d4cb0d7718.png,10,159.1,228.6,Normal,139.35,134.0,125.0,137.0,0,5,0,7
C16-R14_jpg.rf.b4b5fc7e515f4d2026d3e5d4cb0d7718.png,11,305.2,203.3,Normal,267.75,255.0,248.0,260.0,0,3,0,2
C16-R14_jpg.rf.b4b5fc7e515f4d2026d3e5d4cb0d7718.png,12,359.9,202.5,Normal,240.18,231.0,228.0,238.0,0,9,1,8
C16-R14_jpg.rf.b4b5fc7e515f4d2026d3e5d4cb0d7718.png,13,402.7,212.2,Normal,151.63,140.0,137.0,147.0,0,0,0,7
C16-R14_jpg.rf.b4b5fc7e515f4d2026d3e5d4cb0d7718.png,14,423.6,200.3,Normal,246.19,231.0,224.0,235.0,0,0,0,1
C16-R14_jpg.rf.b4b5fc7e515f4d2026d3e5d4cb0d7718.png,15,462.2,240.7,Normal,232.13,220.0,214.0,227.0,0,0,0,2
C16-R14_jpg.rf.b4b5fc7e515f4d2026d3e5d4cb0d7718.png,16,512.5,200.2,Normal,455.48,426.0,416.0,437.0,0,0,0,3
C16-R14_jpg.rf.b4b5fc7e515f4d2026d3e5d4cb0d7718.png,17,545.9,222.6,Normal,258.48,246.0,238.0,254.0,1,1,0,4
C16-R14_jpg.rf.b4b5fc7e515f4d2026d3e5d4cb0d7718.png,18,214.1,345.0,Normal,384.06,374.0,361.0,388.0,0,1,3,14
C16-R14_jpg.rf.b4b5fc7e515f4d2026d3e5d4cb0d7718.png,19,339.8,316.6,Normal,208.45,200.0,196.0,205.0,0,0,0,4
C16-R14_jpg.rf.b4b5fc7e515f4d2026d3e5d4cb0d7718.png,20,389.8,352.4,Normal,156.23,140.0,136.0,152.0,0,0,0,4
C16-R14_jpg.rf.b4b5fc7e515f4d2026d3e5d4cb0d7718.png,21,493.3,305.8,Normal,257.89,245.0,243.0,249.0,0,0,0,1
C16-R14_jpg.rf.b4b5fc7e515f4d2026d3e5d4cb0d7718.png,22,81.3,383.0,Normal,353.89,335.0,323.0,350.0,0,14,8,12
C16-R14_jpg.rf.b4b5fc7e515f4d2026d3e5d4cb0d7718.png,23,124.1,413.4,Normal,636.19,625.0,612.0,654.0,1,8,5,18
C16-R14_jpg.rf.b4b5fc7e515f4d2026d3e5d4cb0d7718.png,24,167.9,402.4,Normal,240.44,221.0,217.0,226.0,0,0,0,6
C16-R14_jpg.rf.b4b5fc7e515f4d2026d3e5d4cb0d7718.png,25,193.0,419.4,Normal,229.95,218.0,216.0,224.0,0,0,0,6
C16-R14_jpg.rf.b4b5fc7e515f4d2026d3e5d4cb0d7718.png,26,302.2,425.9,Normal,48.02,44.0,44.0,47.0,0,0,0,0
C16-R14_jpg.rf.b4b5fc7e515f4d2026d3e5d4cb0d7718.png,27,512.3,425.0,Normal,248.19,232.0,225.0,234.0,0,4,0,1
C16-R14_jpg.rf.b4b5fc7e515f4d2026d3e5d4cb0d7718.png,28,152.4,470.8,Normal,197.56,186.0,181.0,198.0,2,4,0,12
C16-R14_jpg.rf.b4b5fc7e515f4d2026d3e5d4cb0d7718.png,29,229.1,463.5,Normal,225.49,210.0,202.0,221.0,0,0,0,10
C16-R14_jpg.rf.b4b5fc7e515f4d2026d3e5d4cb0d7718.png,30,265.3,465.5,Normal,752.03,713.0,703.0,731.0,0,0,0,12
C16-R14_jpg.rf.b4b5fc7e515f4d2026d3e5d4cb0d7718.png,31,321.3,457.7,Normal,338.24,395.0,393.0,403.0,1,4,1,6
C16-R14_jpg.rf.b4b5fc7e515f4d2026d3e5d4cb0d7718.png,32,351.4,482.4,Normal,189.78,181.0,176.0,189.0,0,0,0,6
C16-R14_jpg.rf.b4b5fc7e515f4d2026d3e5d4cb0d7718.png,33,369.8,480.2,Normal,266.83,250.0,245.0,255.0,0,0,0,3
C16-R14_jpg.rf.b4b5fc7e515f4d2026d3e5d4cb0d7718.png,34,403.7,473.7,Sem Hipocótilo,147.72,139.0,137.0,141.0,0,0,0,1
C16-R14_jpg.rf.b4b5fc7e515f4d2026d3e5d4cb0d7718.png,35,435.1,458.5,Normal,501.05,469.0,464.0,484.0,0,0,0,7
C16-R14_jpg.rf.b4b5fc7e515f4d2026d3e5d4cb0d7718.png,36,477.8,455.4,Normal,255.11,247.0,238.0,253.0,0,0,0,4
C16-R14_jpg.rf.b4b5fc7e515f4d2026d3e5d4cb0d7718.png,37,544.2,452.2,Normal,182.12,172.0,167.0,178.0,0,0,0,3
C16-R14_jpg.rf.b4b5fc7e515f4d2026d3e5d4cb0d7718.png,38,557.5,468.2,Normal,222.18,211.0,202.0,214.0,0,1,0,1
C16-R14_jpg.rf.b4b5fc7e515f4d2026d3e5d4cb0d7718.png,39,338.9,520.2,Normal,131.02,127.0,121.0,129.0,0,0,0,1
C16-R15_jpg.rf.a8c4c353e338e91f624bae86a2489bdc.png,1,373.5,116.8,Normal,64.32,60.0,57.0,64.0,0,0,0,2
C16-R15_jpg.rf.a8c4c353e338e91f624bae86a2489bdc.png,2,448.2,111.6,Normal,44.06,38.0,36.0,46.0,0,0,0,2
C16-R15_jpg.rf.a8c4c353e338e91f624bae86a2489bdc.png,3,140.3,185.1,Normal,216.99,201.0,195.0,207.0,1,1,0,9
C16-R15_jpg.rf.a8c4c353e338e91f624bae86a2489bdc.png,4,158.4,148.1,Normal,205.76,191.0,188.0,195.0,0,0,0,2
C16-R15_jpg.rf.a8c4c353e338e91f624bae86a2489bdc.png,5,218.5,146.3,Normal,130.78,119.0,114.0,124.0,0,0,0,1
C16-R15_jpg.rf.a8c4c353e338e91f624bae86a2489bdc.png,6,403.5,189.9,Normal,469.33,440.0,431.0,458.0,0,0,0,10
C16-R15_jpg.rf.a8c4c353e338e91f624bae86a2489bdc.png,7,555.2,123.1,Sem Raiz,4.53,8.0,5.0,9.0,0,1,0,0
C16-R15_jpg.rf.a8c4c353e338e91f624bae86a2489bdc.png,8,113.2,208.4,Normal,261.62,246.0,243.0,253.0,0,0,0,4
C16-R15_jpg.rf.a8c4c353e338e91f624bae86a2489bdc.png,9,188.5,200.5,Normal,265.24,247.0,241.0,254.0,0,0,0,5
C16-R15_jpg.rf.a8c4c353e338e91f624bae86a2489bdc.png,10,263.1,202.3,Normal,236.1,220.0,221.0,231.0,0,0,0,5
C16-R15_jpg.rf.a8c4c353e338e91f624bae86a2489bdc.png,11,523.6,207.7,Normal,757.79,760.0,729.0,770.0,7,14,3,9
C16-R15_jpg.rf.a8c4c353e338e91f624bae86a2489bdc.png,12,84.9,316.6,Normal,271.12,254.0,250.0,264.0,0,0,0,10
C16-R15_jpg.rf.a8c4c353e338e91f624bae86a2489bdc.png,13,186.9,311.8,Normal,82.31,91.0,87.0,100.0,7,7,6,9
C16-R15_jpg.rf.a8c4c353e338e91f624bae86a2489bdc.png,14,318.6,307.9,Normal,1401.17,1334.0,1303.0,1384.0,4,24,9,50
C16-R15_jpg.rf.a8c4c353e338e91f624bae86a2489bdc.png,15,506.6,346.7,Normal,273.06,256.0,251.0,261.0,0,0,0,4
C16-R15_jpg.rf.a8c4c353e338e91f624bae86a2489bdc.png,16,231.0,370.6,Normal,980.51,1088.0,1066.0,1123.0,1,16,3,27
C16-R15_jpg.rf.a8c4c353e338e91f624bae86a2489bdc.png,17,380.7,409.7,Normal,824.85,788.0,778.0,823.0,0,3,3,28
C16-R15_jpg.rf.a8c4c353e338e91f624bae86a2489bdc.png,18,436.2,413.2,Normal,472.08,449.0,437.0,466.0,6,9,3,10
C16-R15_jpg.rf.a8c4c353e338e91f624bae86a2489bdc.png,19,469.5,382.2,Normal,920.48,900.0,886.0,927.0,3,3,3,11
C16-R15_jpg.rf.a8c4c353e338e91f624bae86a2489bdc.png,20,531.0,428.6,Normal,222.12,211.0,210.0,220.0,0,0,0,5
C16-R15_jpg.rf.a8c4c353e338e91f624bae86a2489bdc.png,21,114.7,441.7,Normal,675.86,643.0,626.0,662.0,1,3,1,13
C16-R15_jpg.rf.a8c4c353e338e91f624bae86a2489bdc.png,22,172.1,479.5,Normal,261.79,249.0,239.0,261.0,2,4,0,10
C16-R15_jpg.rf.a8c4c353e338e91f624bae86a2489bdc.png,23,293.0,480.2,Normal,343.2,367.0,356.0,379.0,7,8,2,6
C16-R15_jpg.rf.a8c4c353e338e91f624bae86a2489bdc.png,24,559.4,485.1,Normal,243.49,226.0,221.0,231.0,0,0,0,1
C16-R15_jpg.rf.a8c4c353e338e91f624bae86a2489bdc.png,25,183.8,536.4,Normal,37.27,33.0,31.0,42.0,0,0,0,9
C16-R16_jpg.rf.c4be39af4798c4f4164dca495d638c92.png,1,488.5,102.9,Normal,38.78,34.0,29.0,40.0,0,0,0,1
C16-R16_jpg.rf.c4be39af4798c4f4164dca495d638c92.png,2,77.7,160.9,Normal,46.49,44.0,41.0,47.0,0,0,0,2
C16-R16_jpg.rf.c4be39af4798c4f4164dca495d638c92.png,3,111.8,168.3,Normal,247.33,227.0,219.0,229.0,0,0,0,1
C16-R16_jpg.rf.c4be39af4798c4f4164dca495d638c92.png,4,146.2,182.8,Normal,168.07,161.0,155.0,166.0,0,0,0,4
C16-R16_jpg.rf.c4be39af4798c4f4164dca495d638c92.png,5,180.0,174.6,Normal,167.38,160.0,155.0,168.0,1,1,0,7
C16-R16_jpg.rf.c4be39af4798c4f4164dca495d638c92.png,6,217.6,193.1,Normal,232.19,222.0,222.0,234.0,0,0,0,5
C16-R16_jpg.rf.c4be39af4798c4f4164dca495d638c92.png,7,234.6,152.3,Normal,120.54,115.0,109.0,118.0,0,0,0,3
C16-R16_jpg.rf.c4be39af4798c4f4164dca495d638c92.png,8,336.0,190.3,Normal,51.55,47.0,47.0,57.0,0,0,0,2
C16-R16_jpg.rf.c4be39af4798c4f4164dca495d638c92.png,9,372.6,145.5,Normal,222.45,206.0,203.0,218.0,0,0,0,4
C16-R16_jpg.rf.c4be39af4798c4f4164dca495d638c92.png,10,398.5,190.6,Normal,209.87,217.0,211.0,224.0,4,11,6,13
C16-R16_jpg.rf.c4be39af4798c4f4164dca495d638c92.png,11,525.6,182.7,Normal,219.65,192.0,186.0,201.0,0,0,0,5
C16-R16_jpg.rf.c4be39af4798c4f4164dca495d638c92.png,12,266.4,207.4,Normal,252.9,239.0,232.0,242.0,0,0,0,0
C16-R16_jpg.rf.c4be39af4798c4f4164dca495d638c92.png,13,292.9,219.3,Normal,221.47,203.0,203.0,211.0,0,0,0,5
C16-R16_jpg.rf.c4be39af4798c4f4164dca495d638c92.png,14,319.1,212.2,Normal,258.64,244.0,240.0,250.0,0,0,0,3
C16-R16_jpg.rf.c4be39af4798c4f4164dca495d638c92.png,15,433.0,265.7,Normal,449.78,419.0,406.0,439.0,0,0,0,12
C16-R16_jpg.rf.c4be39af4798c4f4164dca495d638c92.png,16,469.6,271.9,Normal,724.58,683.0,670.0,700.0,2,22,5,19
C16-R16_jpg.rf.c4be39af4798c4f4164dca495d638c92.png,17,557.9,212.9,Normal,212.34,198.0,193.0,208.0,0,0,0,9
C16-R16_jpg.rf.c4be39af4798c4f4164dca495d638c92.png,18,78.1,353.4,Normal,271.67,263.0,257.0,269.0,0,2,0,4
C16-R16_jpg.rf.c4be39af4798c4f4164dca495d638c92.png,19,95.3,296.5,Normal,257.17,244.0,236.0,252.0,0,0,0,6
C16-R16_jpg.rf.c4be39af4798c4f4164dca495d638c92.png,20,175.4,327.0,Normal,79.38,70.0,65.0,73.0,0,0,0,2
C16-R16_jpg.rf.c4be39af4798c4f4164dca495d638c92.png,21,247.2,293.9,Sem Hipocótilo,0.0,6.0,3.0,8.0,0,0,0,0
C16-R16_jpg.rf.c4be39af4798c4f4164dca495d638c92.png,22,374.8,312.1,Normal,587.53,544.0,532.0,562.0,0,0,0,8
C16-R16_jpg.rf.c4be39af4798c4f4164dca495d638c92.png,23,153.8,413.7,Normal,273.31,250.0,243.0,254.0,0,0,0,2
C16-R16_jpg.rf.c4be39af4798c4f4164dca495d638c92.png,24,207.0,389.3,Normal,551.56,669.0,651.0,687.0,3,12,3,16
C16-R16_jpg.rf.c4be39af4798c4f4164dca495d638c92.png,25,246.8,362.4,Normal,480.73,449.0,439.0,464.0,0,10,1,10
C16-R16_jpg.rf.c4be39af4798c4f4164dca495d638c92.png,26,336.5,426.8,Normal,450.26,427.0,416.0,445.0,0,4,0,12
C16-R16_jpg.rf.c4be39af4798c4f4164dca495d638c92.png,27,98.0,483.1,Normal,234.1,219.0,213.0,226.0,0,0,0,2
C16-R16_jpg.rf.c4be39af4798c4f4164dca495d638c92.png,28,121.1,465.0,Sem Hipocótilo,247.26,227.0,226.0,232.0,0,0,0,0
C16-R16_jpg.rf.c4be39af4798c4f4164dca495d638c92.png,29,133.7,516.8,Normal,42.38,42.0,34.0,49.0,0,1,0,7
C16-R16_jpg.rf.c4be39af4798c4f4164dca495d638c92.png,30,176.1,479.2,Normal,194.31,187.0,184.0,193.0,0,3,0,4
C16-R16_jpg.rf.c4be39af4798c4f4164dca495d638c92.png,31,287.6,474.4,Normal,628.78,584.0,570.0,602.0,0,4,3,11
C16-R16_jpg.rf.c4be39af4798c4f4164dca495d638c92.png,32,398.5,486.0,Normal,250.23,223.0,217.0,226.0,0,0,0,2
C16-R16_jpg.rf.c4be39af4798c4f4164dca495d638c92.png,33,445.9,484.9,Normal,274.07,251.0,251.0,264.0,0,5,4,9
C16-R16_jpg.rf.c4be39af4798c4f4164dca495d638c92.png,34,485.0,440.9,Normal,256.69,247.0,246.0,259.0,3,3,0,5
C16-R16_jpg.rf.c4be39af4798c4f4164dca495d638c92.png,35,527.3,440.1,Normal,495.25,582.0,564.0,607.0,9,18,6,24
C16-R16_jpg.rf.c4be39af4798c4f4164dca495d638c92.png,36,566.5,470.4,Normal,241.76,230.0,225.0,240.0,0,0,0,1
C16-R17_jpg.rf.89fcf765fb4e041497827404ed6cd55f.png,1,86.7,183.6,Normal,325.61,306.0,299.0,321.0,0,1,0,7
C16-R17_jpg.rf.89fcf765fb4e041497827404ed6cd55f.png,2,116.9,189.1,Normal,288.75,269.0,264.0,271.0,0,0,0,0
C16-R17_jpg.rf.89fcf765fb4e041497827404ed6cd55f.png,3,140.0,171.2,Normal,246.09,231.0,224.0,237.0,0,0,0,6
C16-R17_jpg.rf.89fcf765fb4e041497827404ed6cd55f.png,4,255.7,198.3,Normal,235.76,229.0,221.0,236.0,0,2,0,4
C16-R17_jpg.rf.89fcf765fb4e041497827404ed6cd55f.png,5,309.8,156.7,Normal,137.79,126.0,124.0,133.0,0,0,0,2
C16-R17_jpg.rf.89fcf765fb4e041497827404ed6cd55f.png,6,340.6,196.2,Normal,74.68,77.0,75.0,89.0,0,14,5,8
C16-R17_jpg.rf.89fcf765fb4e041497827404ed6cd55f.png,7,421.9,172.9,Normal,142.27,133.0,129.0,137.0,0,0,0,0
C16-R17_jpg.rf.89fcf765fb4e041497827404ed6cd55f.png,8,448.9,167.4,Normal,209.84,195.0,195.0,203.0,0,0,0,1
C16-R17_jpg.rf.89fcf765fb4e041497827404ed6cd55f.png,9,500.8,164.8,Normal,153.87,145.0,142.0,151.0,0,4,0,7
C16-R17_jpg.rf.89fcf765fb4e041497827404ed6cd55f.png,10,542.6,177.9,Normal,55.34,49.0,42.0,58.0,0,0,0,6
C16-R17_jpg.rf.89fcf765fb4e041497827404ed6cd55f.png,11,184.7,203.8,Normal,242.3,222.0,221.0,226.0,0,0,0,1
C16-R17_jpg.rf.89fcf765fb4e041497827404ed6cd55f.png,12,225.3,225.7,Normal,473.22,434.0,423.0,444.0,0,0,0,7
C16-R17_jpg.rf.89fcf765fb4e041497827404ed6cd55f.png,13,273.7,237.8,Normal,292.05,283.0,279.0,297.0,0,4,0,7
C16-R17_jpg.rf.89fcf765fb4e041497827404ed6cd55f.png,14,351.4,210.8,Normal,250.74,229.0,221.0,231.0,4,4,1,3
C16-R17_jpg.rf.89fcf765fb4e041497827404ed6cd55f.png,15,396.4,236.0,Normal,475.97,439.0,430.0,455.0,0,11,3,11
C16-R17_jpg.rf.89fcf765fb4e041497827404ed6cd55f.png,16,478.5,260.0,Normal,270.6,243.0,237.0,250.0,0,0,0,4
C16-R17_jpg.rf.89fcf765fb4e041497827404ed6cd55f.png,17,555.9,219.5,Normal,252.83,238.0,234.0,249.0,0,0,0,7
C16-R17_jpg.rf.89fcf765fb4e041497827404ed6cd55f.png,18,149.7,282.1,Normal,172.34,152.0,153.0,164.0,0,0,0,6
C16-R17_jpg.rf.89fcf765fb4e041497827404ed6cd55f.png,19,302.4,309.1,Normal,82.33,72.0,68.0,80.0,0,0,0,5
C16-R17_jpg.rf.89fcf765fb4e041497827404ed6cd55f.png,20,413.6,319.0,Normal,59.82,53.0,46.0,56.0,0,0,0,1
C16-R17_jpg.rf.89fcf765fb4e041497827404ed6cd55f.png,21,86.9,374.7,Normal,152.88,158.0,156.0,163.0,0,4,3,7
C16-R17_jpg.rf.89fcf765fb4e041497827404ed6cd55f.png,22,170.0,409.7,Normal,250.19,242.0,234.0,251.0,0,7,4,7
C16-R17_jpg.rf.89fcf765fb4e041497827404ed6cd55f.png,23,325.9,416.1,Normal,1301.12,1323.0,1289.0,1360.0,6,24,11,42
C16-R17_jpg.rf.89fcf765fb4e041497827404ed6cd55f.png,24,431.8,394.5,Normal,497.44,462.0,449.0,477.0,0,4,0,17
C16-R17_jpg.rf.89fcf765fb4e041497827404ed6cd55f.png,25,449.5,422.2,Normal,273.49,262.0,256.0,269.0,2,4,0,5
C16-R17_jpg.rf.89fcf765fb4e041497827404ed6cd55f.png,26,468.3,429.2,Normal,233.18,220.0,212.0,223.0,0,3,0,4
C16-R17_jpg.rf.89fcf765fb4e041497827404ed6cd55f.png,27,506.8,395.9,Normal,598.81,693.0,680.0,716.0,1,9,4,22
C16-R17_jpg.rf.89fcf765fb4e041497827404ed6cd55f.png,28,553.1,386.5,Sem Raiz,25.25,22.0,19.0,24.0,0,0,0,0
C16-R17_jpg.rf.89fcf765fb4e041497827404ed6cd55f.png,29,114.9,450.1,Normal,303.71,284.0,277.0,290.0,0,0,0,4
C16-R17_jpg.rf.89fcf765fb4e041497827404ed6cd55f.png,30,138.9,482.3,Normal,204.55,189.0,178.0,191.0,0,1,0,1
C16-R17_jpg.rf.89fcf765fb4e041497827404ed6cd55f.png,31,207.4,479.9,Normal,478.93,464.0,450.0,475.0,0,7,0,9
C16-R17_jpg.rf.89fcf765fb4e041497827404ed6cd55f.png,32,235.9,455.7,Normal,185.29,175.0,168.0,177.0,0,0,0,0
C16-R17_jpg.rf.89fcf765fb4e041497827404ed6cd55f.png,33,279.8,512.6,Normal,115.49,109.0,101.0,113.0,0,8,3,6
C16-R17_jpg.rf.89fcf765fb4e041497827404ed6cd55f.png,34,527.2,452.9,Normal,193.49,206.0,197.0,231.0,12,29,14,30
C16-R17_jpg.rf.89fcf765fb4e041497827404ed6cd55f.png,35,390.3,532.2,Normal,138.61,131.0,129.0,142.0,0,0,0,9
C16-R18_jpg.rf.3b479643049e55c6f641f24e89465c9a.png,1,189.4,113.8,Sem Raiz,27.36,26.0,21.0,32.0,0,0,0,1
C16-R18_jpg.rf.3b479643049e55c6f641f24e89465c9a.png,2,115.4,140.3,Normal,50.97,47.0,43.0,58.0,0,0,0,5
C16-R18_jpg.rf.3b479643049e55c6f641f24e89465c9a.png,3,152.2,196.0,Normal,205.68,188.0,187.0,198.0,0,1,0,7
C16-R18_jpg.rf.3b479643049e55c6f641f24e89465c9a.png,4,175.1,172.1,Sem Hipocótilo,128.37,123.0,120.0,124.0,0,0,0,0
C16-R18_jpg.rf.3b479643049e55c6f641f24e89465c9a.png,5,210.0,183.8,Normal,242.18,224.0,221.0,230.0,0,0,0,4
C16-R18_jpg.rf.3b479643049e55c6f641f24e89465c9a.png,6,250.3,190.6,Normal,227.65,215.0,211.0,221.0,0,0,0,2
C16-R18_jpg.rf.3b479643049e55c6f641f24e89465c9a.png,7,310.5,181.7,Normal,239.99,234.0,227.0,242.0,0,1,0,6
C16-R18_jpg.rf.3b479643049e55c6f641f24e89465c9a.png,8,417.6,143.5,Normal,164.52,154.0,155.0,167.0,0,8,6,8
C16-R18_jpg.rf.3b479643049e55c6f641f24e89465c9a.png,9,455.8,186.9,Normal,462.62,423.0,412.0,428.0,0,0,0,3
C16-R18_jpg.rf.3b479643049e55c6f641f24e89465c9a.png,10,80.7,279.4,Normal,688.03,655.0,641.0,675.0,0,9,1,12
C16-R18_jpg.rf.3b479643049e55c6f641f24e89465c9a.png,11,230.5,267.4,Normal,272.17,254.0,250.0,260.0,0,0,0,3
C16-R18_jpg.rf.3b479643049e55c6f641f24e89465c9a.png,12,267.9,206.4,Normal,253.74,240.0,237.0,250.0,0,0,0,12
C16-R18_jpg.rf.3b479643049e55c6f641f24e89465c9a.png,13,289.7,235.7,Normal,214.67,202.0,198.0,208.0,0,3,0,2
C16-R18_jpg.rf.3b479643049e55c6f641f24e89465c9a.png,14,491.0,209.3,Normal,519.94,505.0,497.0,517.0,3,3,3,10
C16-R18_jpg.rf.3b479643049e55c6f641f24e89465c9a.png,15,123.3,314.9,Normal,254.68,237.0,233.0,244.0,0,0,0,3
C16-R18_jpg.rf.3b479643049e55c6f641f24e89465c9a.png,16,204.6,328.9,Normal,233.89,223.0,215.0,228.0,0,4,0,5
C16-R18_jpg.rf.3b479643049e55c6f641f24e89465c9a.png,17,244.1,344.9,Sem Raiz,26.31,21.0,20.0,30.0,0,0,0,3
C16-R18_jpg.rf.3b479643049e55c6f641f24e89465c9a.png,18,380.5,290.3,Normal,1320.05,1503.0,1483.0,1558.0,16,26,15,50
C16-R18_jpg.rf.3b479643049e55c6f641f24e89465c9a.png,19,543.8,300.0,Normal,989.55,922.0,905.0,956.0,5,8,3,21
C16-R18_jpg.rf.3b479643049e55c6f641f24e89465c9a.png,20,79.7,457.1,Normal,415.51,389.0,375.0,400.0,3,3,0,9
C16-R18_jpg.rf.3b479643049e55c6f641f24e89465c9a.png,21,158.7,449.0,Normal,665.16,690.0,659.0,723.0,16,30,12,33
C16-R18_jpg.rf.3b479643049e55c6f641f24e89465c9a.png,22,228.3,470.4,Normal,397.67,494.0,482.0,522.0,1,18,11,29
C16-R18_jpg.rf.3b479643049e55c6f641f24e89465c9a.png,23,267.4,512.0,Normal,249.74,225.0,223.0,246.0,0,5,4,13
C16-R18_jpg.rf.3b479643049e55c6f641f24e89465c9a.png,24,305.7,466.8,Normal,388.04,363.0,355.0,375.0,0,0,0,5
C16-R18_jpg.rf.3b479643049e55c6f641f24e89465c9a.png,25,331.9,471.1,Normal,255.94,239.0,233.0,245.0,0,3,0,7
C16-R18_jpg.rf.3b479643049e55c6f641f24e89465c9a.png,26,358.4,445.3,Normal,234.53,231.0,226.0,237.0,4,5,3,3
C16-R18_jpg.rf.3b479643049e55c6f641f24e89465c9a.png,27,411.8,480.7,Normal,239.35,212.0,204.0,213.0,0,3,0,0
C16-R18_jpg.rf.3b479643049e55c6f641f24e89465c9a.png,28,470.7,452.8,Normal,253.74,239.0,237.0,251.0,0,8,2,12
C16-R18_jpg.rf.3b479643049e55c6f641f24e89465c9a.png,29,500.4,448.3,Normal,210.78,224.0,219.0,228.0,3,3,3,3
C16-R18_jpg.rf.3b479643049e55c6f641f24e89465c9a.png,30,529.1,495.4,Normal,234.53,224.0,221.0,227.0,0,0,0,1
C16-R18_jpg.rf.3b479643049e55c6f641f24e89465c9a.png,31,565.4,517.9,Normal,114.49,108.0,102.0,117.0,1,1,0,7
C16-R19_jpg.rf.fb1ac0eb0eb1da3cce93148e7749ee83.png,1,261.8,107.8,Normal,42.2,40.0,35.0,49.0,0,0,0,4
C16-R19_jpg.rf.fb1ac0eb0eb1da3cce93148e7749ee83.png,2,327.1,114.3,Sem Raiz,9.52,12.0,11.0,15.0,0,6,1,1
C16-R19_jpg.rf.fb1ac0eb0eb1da3cce93148e7749ee83.png,3,448.9,99.6,Sem Raiz,24.27,21.0,17.0,25.0,0,0,0,2
C16-R19_jpg.rf.fb1ac0eb0eb1da3cce93148e7749ee83.png,4,145.2,156.7,Sem Raiz,11.99,20.0,17.0,22.0,0,3,0,2
C16-R19_jpg.rf.fb1ac0eb0eb1da3cce93148e7749ee83.png,5,159.2,194.5,Normal,236.41,216.0,214.0,229.0,0,0,0,14
C16-R19_jpg.rf.fb1ac0eb0eb1da3cce93148e7749ee83.png,6,203.9,197.7,Normal,236.67,229.0,223.0,232.0,0,0,0,2
C16-R19_jpg.rf.fb1ac0eb0eb1da3cce93148e7749ee83.png,7,242.0,174.9,Normal,176.22,173.0,170.0,177.0,0,1,0,1
C16-R19_jpg.rf.fb1ac0eb0eb1da3cce93148e7749ee83.png,8,259.2,194.7,Normal,121.28,112.0,113.0,119.0,0,0,0,4
C16-R19_jpg.rf.fb1ac0eb0eb1da3cce93148e7749ee83.png,9,295.1,170.4,Normal,198.72,199.0,200.0,218.0,11,18,7,15
C16-R19_jpg.rf.fb1ac0eb0eb1da3cce93148e7749ee83.png,10,126.4,220.9,Normal,95.48,84.0,83.0,91.0,0,0,0,4
C16-R19_jpg.rf.fb1ac0eb0eb1da3cce93148e7749ee83.png,11,273.8,269.5,Normal,139.83,136.0,129.0,141.0,0,4,0,5
C16-R19_jpg.rf.fb1ac0eb0eb1da3cce93148e7749ee83.png,12,322.8,209.3,Normal,166.37,157.0,153.0,165.0,0,0,0,4
C16-R19_jpg.rf.fb1ac0eb0eb1da3cce93148e7749ee83.png,13,361.4,222.0,Normal,625.93,749.0,724.0,770.0,4,10,1,20
C16-R19_jpg.rf.fb1ac0eb0eb1da3cce93148e7749ee83.png,14,433.9,205.3,Normal,857.44,865.0,843.0,890.0,12,12,1,21
C16-R19_jpg.rf.fb1ac0eb0eb1da3cce93148e7749ee83.png,15,527.3,246.6,Normal,211.69,201.0,197.0,205.0,0,0,0,2
C16-R19_jpg.rf.fb1ac0eb0eb1da3cce93148e7749ee83.png,16,550.1,226.6,Normal,260.0,247.0,238.0,251.0,0,3,0,5
C16-R19_jpg.rf.fb1ac0eb0eb1da3cce93148e7749ee83.png,17,176.1,357.8,Normal,35.52,32.0,29.0,37.0,0,0,0,1
C16-R19_jpg.rf.fb1ac0eb0eb1da3cce93148e7749ee83.png,18,308.4,288.4,Normal,37.39,36.0,32.0,40.0,0,0,0,1
C16-R19_jpg.rf.fb1ac0eb0eb1da3cce93148e7749ee83.png,19,483.1,299.7,Normal,756.54,902.0,883.0,939.0,12,23,5,36
C16-R19_jpg.rf.fb1ac0eb0eb1da3cce93148e7749ee83.png,20,101.9,395.8,Normal,212.78,202.0,199.0,206.0,0,0,0,0
C16-R19_jpg.rf.fb1ac0eb0eb1da3cce93148e7749ee83.png,21,150.0,387.9,Normal,275.05,261.0,254.0,269.0,0,0,0,3
C16-R19_jpg.rf.fb1ac0eb0eb1da3cce93148e7749ee83.png,22,224.2,373.4,Normal,170.12,155.0,149.0,165.0,1,1,0,7
C16-R19_jpg.rf.fb1ac0eb0eb1da3cce93148e7749ee83.png,23,296.6,428.5,Normal,221.31,207.0,206.0,214.0,0,0,0,3
C16-R19_jpg.rf.fb1ac0eb0eb1da3cce93148e7749ee83.png,24,330.4,399.4,Normal,51.04,44.0,38.0,49.0,0,0,0,4
C16-R19_jpg.rf.fb1ac0eb0eb1da3cce93148e7749ee83.png,25,565.8,399.0,Normal,285.43,266.0,258.0,274.0,0,0,0,3
C16-R19_jpg.rf.fb1ac0eb0eb1da3cce93148e7749ee83.png,26,123.5,490.3,Normal,237.3,212.0,210.0,219.0,0,0,0,2
C16-R19_jpg.rf.fb1ac0eb0eb1da3cce93148e7749ee83.png,27,168.1,510.0,Normal,245.52,229.0,221.0,237.0,0,0,0,3
C16-R19_jpg.rf.fb1ac0eb0eb1da3cce93148e7749ee83.png,28,205.9,495.5,Normal,179.37,169.0,166.0,171.0,0,0,0,2
C16-R19_jpg.rf.fb1ac0eb0eb1da3cce93148e7749ee83.png,29,254.2,454.0,Normal,455.93,417.0,413.0,438.0,0,0,0,14
C16-R19_jpg.rf.fb1ac0eb0eb1da3cce93148e7749ee83.png,30,321.8,499.9,Normal,151.87,135.0,131.0,143.0,0,1,0,4
C16-R19_jpg.rf.fb1ac0eb0eb1da3cce93148e7749ee83.png,31,339.6,474.1,Normal,221.87,199.0,197.0,203.0,0,0,0,3
C16-R19_jpg.rf.fb1ac0eb0eb1da3cce93148e7749ee83.png,32,363.1,465.8,Normal,272.29,246.0,241.0,252.0,0,0,0,5
C16-R19_jpg.rf.fb1ac0eb0eb1da3cce93148e7749ee83.png,33,402.3,505.6,Normal,224.93,217.0,216.0,222.0,1,1,0,4
C16-R19_jpg.rf.fb1ac0eb0eb1da3cce93148e7749ee83.png,34,426.3,456.2,Normal,364.25,487.0,479.0,498.0,6,6,4,12
C16-R19_jpg.rf.fb1ac0eb0eb1da3cce93148e7749ee83.png,35,483.6,443.8,Normal,198.9,181.0,174.0,188.0,0,0,0,6
C16-R19_jpg.rf.fb1ac0eb0eb1da3cce93148e7749ee83.png,36,492.1,496.5,Normal,172.63,154.0,149.0,159.0,0,4,0,6
C16-R19_jpg.rf.fb1ac0eb0eb1da3cce93148e7749ee83.png,37,515.0,479.4,Normal,240.43,226.0,222.0,231.0,0,0,0,2
C16-R19_jpg.rf.fb1ac0eb0eb1da3cce93148e7749ee83.png,38,539.8,449.0,Normal,203.37,192.0,188.0,199.0,0,0,0,2
C16-R19_jpg.rf.fb1ac0eb0eb1da3cce93148e7749ee83.png,39,383.4,543.9,Normal,118.93,105.0,99.0,116.0,0,0,0,4
C16-R19_jpg.rf.fb1ac0eb0eb1da3cce93148e7749ee83.png,40,553.3,534.9,Normal,59.9,52.0,49.0,55.0,0,0,0,1
C16-R1_jpg.rf.bc4e8c8c52d54cc544a60275f4c47fd6.png,1,139.7,171.8,Normal,111.14,98.0,90.0,99.0,0,0,0,0
C16-R1_jpg.rf.bc4e8c8c52d54cc544a60275f4c47fd6.png,2,260.7,142.0,Sem Raiz,32.29,31.0,29.0,37.0,0,0,0,2
C16-R1_jpg.rf.bc4e8c8c52d54cc544a60275f4c47fd6.png,3,314.9,199.7,Normal,155.74,149.0,147.0,153.0,0,0,0,2
C16-R1_jpg.rf.bc4e8c8c52d54cc544a60275f4c47fd6.png,4,436.2,168.7,Sem Raiz,19.3,23.0,18.0,25.0,0,0,0,0
C16-R1_jpg.rf.bc4e8c8c52d54cc544a60275f4c47fd6.png,5,538.2,151.5,Sem Raiz,27.83,29.0,21.0,34.0,1,4,0,2
C16-R1_jpg.rf.bc4e8c8c52d54cc544a60275f4c47fd6.png,6,97.8,253.8,Normal,34.54,33.0,31.0,37.0,0,0,0,1
C16-R1_jpg.rf.bc4e8c8c52d54cc544a60275f4c47fd6.png,7,122.0,236.7,Normal,125.55,119.0,113.0,123.0,0,0,0,4
C16-R1_jpg.rf.bc4e8c8c52d54cc544a60275f4c47fd6.png,8,167.0,265.8,Normal,191.62,183.0,181.0,190.0,0,0,0,2
C16-R1_jpg.rf.bc4e8c8c52d54cc544a60275f4c47fd6.png,9,189.0,250.1,Normal,126.29,120.0,114.0,128.0,0,0,0,7
C16-R1_jpg.rf.bc4e8c8c52d54cc544a60275f4c47fd6.png,10,246.3,272.8,Normal,134.43,131.0,125.0,136.0,0,6,2,6
C16-R1_jpg.rf.bc4e8c8c52d54cc544a60275f4c47fd6.png,11,264.8,223.1,Normal,177.71,169.0,163.0,172.0,0,4,0,2
C16-R1_jpg.rf.bc4e8c8c52d54cc544a60275f4c47fd6.png,12,280.9,255.9,Normal,39.24,36.0,34.0,41.0,0,0,0,2
C16-R1_jpg.rf.bc4e8c8c52d54cc544a60275f4c47fd6.png,13,353.0,252.8,Normal,138.73,131.0,127.0,133.0,0,0,0,1
C16-R1_jpg.rf.bc4e8c8c52d54cc544a60275f4c47fd6.png,14,379.5,202.3,Normal,124.62,111.0,113.0,124.0,0,0,0,9
C16-R1_jpg.rf.bc4e8c8c52d54cc544a60275f4c47fd6.png,15,430.7,230.2,Normal,107.04,97.0,93.0,105.0,0,0,0,4
C16-R1_jpg.rf.bc4e8c8c52d54cc544a60275f4c47fd6.png,16,480.9,226.5,Normal,140.88,143.0,134.0,149.0,0,4,1,6
C16-R1_jpg.rf.bc4e8c8c52d54cc544a60275f4c47fd6.png,17,515.7,221.9,Sem Hipocótilo,123.04,115.0,113.0,116.0,0,0,0,1
C16-R1_jpg.rf.bc4e8c8c52d54cc544a60275f4c47fd6.png,18,541.8,262.3,Normal,139.92,133.0,127.0,139.0,0,0,0,4
C16-R1_jpg.rf.bc4e8c8c52d54cc544a60275f4c47fd6.png,19,150.8,321.1,Normal,63.03,61.0,53.0,65.0,0,3,0,6
C16-R1_jpg.rf.bc4e8c8c52d54cc544a60275f4c47fd6.png,20,208.6,330.5,Normal,212.24,214.0,220.0,231.0,3,13,12,20
C16-R1_jpg.rf.bc4e8c8c52d54cc544a60275f4c47fd6.png,21,225.6,295.5,Sem Raiz,9.41,9.0,6.0,11.0,0,0,0,0
C16-R1_jpg.rf.bc4e8c8c52d54cc544a60275f4c47fd6.png,22,468.6,328.9,Normal,72.71,83.0,79.0,87.0,0,9,3,8
C16-R1_jpg.rf.bc4e8c8c52d54cc544a60275f4c47fd6.png,23,494.3,356.9,Normal,294.44,350.0,340.0,362.0,3,3,3,11
C16-R1_jpg.rf.bc4e8c8c52d54cc544a60275f4c47fd6.png,24,560.5,334.2,Sem Hipocótilo,79.33,74.0,73.0,75.0,0,0,0,0
C16-R1_jpg.rf.bc4e8c8c52d54cc544a60275f4c47fd6.png,25,565.4,285.0,Sem Raiz,15.74,14.0,11.0,18.0,0,0,0,1
C16-R1_jpg.rf.bc4e8c8c52d54cc544a60275f4c47fd6.png,26,90.1,371.9,Normal,50.36,47.0,44.0,53.0,0,0,0,0
C16-R1_jpg.rf.bc4e8c8c52d54cc544a60275f4c47fd6.png,27,98.0,429.3,Sem Hipocótilo,67.14,62.0,61.0,63.0,0,0,0,0
C16-R1_jpg.rf.bc4e8c8c52d54cc544a60275f4c47fd6.png,28,111.8,373.1,Sem Raiz,5.37,5.0,2.0,5.0,0,0,0,0
C16-R1_jpg.rf.bc4e8c8c52d54cc544a60275f4c47fd6.png,29,142.2,367.7,Sem Raiz,26.81,42.0,37.0,46.0,4,11,6,7
C16-R1_jpg.rf.bc4e8c8c52d54cc544a60275f4c47fd6.png,30,168.3,414.4,Sem Hipocótilo,92.29,87.0,85.0,87.0,0,0,0,0
C16-R1_jpg.rf.bc4e8c8c52d54cc544a60275f4c47fd6.png,31,237.5,378.0,Normal,129.56,126.0,115.0,133.0,0,0,0,2
C16-R1_jpg.rf.bc4e8c8c52d54cc544a60275f4c47fd6.png,32,285.8,388.4,Normal,135.19,124.0,119.0,125.0,0,0,0,0
C16-R1_jpg.rf.bc4e8c8c52d54cc544a60275f4c47fd6.png,33,336.3,411.3,Normal,139.69,138.0,135.0,141.0,0,3,3,4
C16-R1_jpg.rf.bc4e8c8c52d54cc544a60275f4c47fd6.png,34,345.6,378.8,Sem Hipocótilo,172.69,159.0,157.0,161.0,0,0,0,1
C16-R1_jpg.rf.bc4e8c8c52d54cc544a60275f4c47fd6.png,35,378.0,397.9,Normal,412.87,395.0,377.0,410.0,5,5,3,13
C16-R1_jpg.rf.bc4e8c8c52d54cc544a60275f4c47fd6.png,36,426.3,368.3,Normal,104.81,110.0,108.0,116.0,1,9,4,8
C16-R1_jpg.rf.bc4e8c8c52d54cc544a60275f4c47fd6.png,37,118.9,506.3,Normal,124.88,106.0,99.0,109.0,0,0,0,3
C16-R1_jpg.rf.bc4e8c8c52d54cc544a60275f4c47fd6.png,38,157.7,473.3,Normal,107.94,99.0,95.0,103.0,0,0,0,2
C16-R1_jpg.rf.bc4e8c8c52d54cc544a60275f4c47fd6.png,39,195.5,460.7,Normal,164.03,151.0,150.0,154.0,0,0,0,0
C16-R1_jpg.rf.bc4e8c8c52d54cc544a60275f4c47fd6.png,40,224.0,515.3,Normal,121.42,116.0,114.0,123.0,0,0,0,6
C16-R1_jpg.rf.bc4e8c8c52d54cc544a60275f4c47fd6.png,41,258.2,473.9,Normal,257.62,245.0,239.0,252.0,0,0,0,3
C16-R1_jpg.rf.bc4e8c8c52d54cc544a60275f4c47fd6.png,42,293.0,450.5,Normal,146.52,139.0,135.0,143.0,0,0,0,2
C16-R1_jpg.rf.bc4e8c8c52d54cc544a60275f4c47fd6.png,43,302.9,515.3,Normal,117.13,110.0,107.0,117.0,0,0,0,5
C16-R1_jpg.rf.bc4e8c8c52d54cc544a60275f4c47fd6.png,44,327.7,506.9,Normal,181.28,174.0,173.0,179.0,0,0,0,2
C16-R1_jpg.rf.bc4e8c8c52d54cc544a60275f4c47fd6.png,45,396.5,499.9,Normal,163.64,155.0,151.0,160.0,0,0,0,1
C16-R1_jpg.rf.bc4e8c8c52d54cc544a60275f4c47fd6.png,46,426.8,463.9,Normal,158.88,145.0,142.0,148.0,0,0,0,2
C16-R1_jpg.rf.bc4e8c8c52d54cc544a60275f4c47fd6.png,47,463.0,499.8,Normal,138.53,134.0,128.0,139.0,0,0,0,6
C16-R1_jpg.rf.bc4e8c8c52d54cc544a60275f4c47fd6.png,48,497.8,469.0,Normal,352.93,330.0,325.0,344.0,0,0,0,8
C16-R20_jpg.rf.181e755da92a0ee2fed93323752e786a.png,1,462.7,106.1,Normal,52.58,46.0,43.0,60.0,0,0,0,8
C16-R20_jpg.rf.181e755da92a0ee2fed93323752e786a.png,2,78.9,199.8,Normal,184.22,172.0,165.0,179.0,0,0,0,7
C16-R20_jpg.rf.181e755da92a0ee2fed93323752e786a.png,3,97.4,149.8,Normal,238.2,224.0,222.0,232.0,0,0,0,3
C16-R20_jpg.rf.181e755da92a0ee2fed93323752e786a.png,4,156.3,188.0,Normal,215.44,203.0,201.0,209.0,0,0,0,6
C16-R20_jpg.rf.181e755da92a0ee2fed93323752e786a.png,5,190.6,192.6,Normal,467.17,432.0,420.0,451.0,4,6,0,18
C16-R20_jpg.rf.181e755da92a0ee2fed93323752e786a.png,6,269.3,136.9,Normal,148.49,141.0,134.0,142.0,0,1,0,2
C16-R20_jpg.rf.181e755da92a0ee2fed93323752e786a.png,7,299.4,198.9,Normal,248.53,225.0,221.0,230.0,0,0,0,4
C16-R20_jpg.rf.181e755da92a0ee2fed93323752e786a.png,8,347.3,173.6,Normal,41.26,37.0,40.0,50.0,0,7,2,7
C16-R20_jpg.rf.181e755da92a0ee2fed93323752e786a.png,9,468.3,151.7,Sem Raiz,11.53,23.0,25.0,30.0,5,16,7,7
C16-R20_jpg.rf.181e755da92a0ee2fed93323752e786a.png,10,486.8,187.9,Normal,184.13,169.0,170.0,173.0,0,0,0,1
C16-R20_jpg.rf.181e755da92a0ee2fed93323752e786a.png,11,226.0,205.4,Sem Raiz,19.59,52.0,47.0,56.0,4,5,3,11
C16-R20_jpg.rf.181e755da92a0ee2fed93323752e786a.png,12,241.0,215.0,Normal,362.68,344.0,326.0,354.0,0,0,0,4
C16-R20_jpg.rf.181e755da92a0ee2fed93323752e786a.png,13,351.0,270.3,Normal,800.74,896.0,891.0,925.0,3,9,7,19
C16-R20_jpg.rf.181e755da92a0ee2fed93323752e786a.png,14,547.5,233.2,Normal,664.3,628.0,616.0,646.0,0,20,10,20
C16-R20_jpg.rf.181e755da92a0ee2fed93323752e786a.png,15,148.2,356.4,Normal,876.31,919.0,906.0,944.0,11,26,10,23
C16-R20_jpg.rf.181e755da92a0ee2fed93323752e786a.png,16,397.2,328.5,Normal,981.11,934.0,907.0,952.0,4,9,0,15
C16-R20_jpg.rf.181e755da92a0ee2fed93323752e786a.png,17,523.9,331.9,Normal,203.77,184.0,184.0,190.0,0,0,0,4
C16-R20_jpg.rf.181e755da92a0ee2fed93323752e786a.png,18,95.5,420.6,Normal,203.39,195.0,191.0,201.0,0,1,0,2
C16-R20_jpg.rf.181e755da92a0ee2fed93323752e786a.png,19,111.7,395.6,Normal,227.11,210.0,201.0,220.0,0,3,0,7
C16-R20_jpg.rf.181e755da92a0ee2fed93323752e786a.png,20,250.9,416.2,Normal,447.63,435.0,429.0,449.0,0,9,2,15
C16-R20_jpg.rf.181e755da92a0ee2fed93323752e786a.png,21,321.2,381.1,Normal,236.4,235.0,231.0,241.0,0,3,0,5
C16-R20_jpg.rf.181e755da92a0ee2fed93323752e786a.png,22,459.2,402.0,Normal,988.33,940.0,915.0,962.0,5,11,4,16
C16-R20_jpg.rf.181e755da92a0ee2fed93323752e786a.png,23,466.8,394.6,Normal,180.36,171.0,165.0,174.0,0,0,0,1
C16-R20_jpg.rf.181e755da92a0ee2fed93323752e786a.png,24,79.5,491.3,Normal,259.22,241.0,236.0,250.0,0,0,0,9
C16-R20_jpg.rf.181e755da92a0ee2fed93323752e786a.png,25,208.3,472.2,Normal,379.01,483.0,471.0,497.0,3,10,2,15
C16-R20_jpg.rf.181e755da92a0ee2fed93323752e786a.png,26,284.3,451.3,Normal,508.5,469.0,467.0,494.0,0,0,0,12
C16-R20_jpg.rf.181e755da92a0ee2fed93323752e786a.png,27,406.8,506.0,Normal,205.24,194.0,192.0,202.0,0,1,0,4
C16-R20_jpg.rf.181e755da92a0ee2fed93323752e786a.png,28,554.7,500.0,Normal,206.43,183.0,178.0,191.0,0,3,0,7
C16-R20_jpg.rf.181e755da92a0ee2fed93323752e786a.png,29,321.8,541.4,Normal,159.14,159.0,151.0,161.0,0,2,0,4
C16-R20_jpg.rf.181e755da92a0ee2fed93323752e786a.png,30,518.1,523.6,Normal,226.58,200.0,195.0,208.0,0,0,0,9
C16-R2_jpg.rf.f3ea093b2711ef0b458cb4eef08c74d3.png,1,172.4,195.2,Normal,135.08,146.0,141.0,151.0,0,15,11,20
C16-R2_jpg.rf.f3ea093b2711ef0b458cb4eef08c74d3.png,2,206.3,165.4,Sem Raiz,22.79,21.0,19.0,21.0,0,0,0,0
C16-R2_jpg.rf.f3ea093b2711ef0b458cb4eef08c74d3.png,3,241.3,168.4,Normal,137.74,124.0,118.0,128.0,0,0,0,0
C16-R2_jpg.rf.f3ea093b2711ef0b458cb4eef08c74d3.png,4,333.7,139.4,Normal,92.31,82.0,81.0,87.0,0,0,0,6
C16-R2_jpg.rf.f3ea093b2711ef0b458cb4eef08c74d3.png,5,444.1,193.5,Normal,115.38,107.0,102.0,112.0,0,1,0,2
C16-R2_jpg.rf.f3ea093b2711ef0b458cb4eef08c74d3.png,6,514.0,159.1,Normal,85.22,115.0,109.0,116.0,4,12,3,4
C16-R2_jpg.rf.f3ea093b2711ef0b458cb4eef08c74d3.png,7,88.9,277.6,Normal,112.41,97.0,94.0,108.0,0,0,0,9
C16-R2_jpg.rf.f3ea093b2711ef0b458cb4eef08c74d3.png,8,114.6,222.2,Normal,57.51,50.0,46.0,51.0,0,0,0,0
C16-R2_jpg.rf.f3ea093b2711ef0b458cb4eef08c74d3.png,9,205.8,240.9,Sem Hipocótilo,111.76,106.0,105.0,110.0,0,0,0,1
C16-R2_jpg.rf.f3ea093b2711ef0b458cb4eef08c74d3.png,10,267.2,260.1,Normal,164.16,156.0,151.0,163.0,0,0,0,5
C16-R2_jpg.rf.f3ea093b2711ef0b458cb4eef08c74d3.png,11,301.3,233.7,Sem Raiz,26.21,24.0,21.0,28.0,0,0,0,1
C16-R2_jpg.rf.f3ea093b2711ef0b458cb4eef08c74d3.png,12,317.3,218.6,Normal,276.22,252.0,240.0,263.0,0,0,0,5
C16-R2_jpg.rf.f3ea093b2711ef0b458cb4eef08c74d3.png,13,393.1,266.6,Normal,172.65,158.0,153.0,166.0,0,4,0,8
C16-R2_jpg.rf.f3ea093b2711ef0b458cb4eef08c74d3.png,14,423.7,260.7,Normal,135.9,134.0,137.0,147.0,0,7,4,9
C16-R2_jpg.rf.f3ea093b2711ef0b458cb4eef08c74d3.png,15,473.2,234.0,Normal,157.14,156.0,156.0,161.0,4,10,3,8
C16-R2_jpg.rf.f3ea093b2711ef0b458cb4eef08c74d3.png,16,525.9,276.2,Normal,138.03,126.0,119.0,128.0,0,0,0,1
C16-R2_jpg.rf.f3ea093b2711ef0b458cb4eef08c74d3.png,17,142.7,334.8,Normal,93.21,86.0,80.0,90.0,0,0,0,3
C16-R2_jpg.rf.f3ea093b2711ef0b458cb4eef08c74d3.png,18,155.8,289.2,Normal,172.17,161.0,159.0,165.0,0,0,0,3
C16-R2_jpg.rf.f3ea093b2711ef0b458cb4eef08c74d3.png,19,176.0,317.3,Sem Raiz,18.19,17.0,13.0,18.0,0,0,0,1
C16-R2_jpg.rf.f3ea093b2711ef0b458cb4eef08c74d3.png,20,233.3,311.9,Normal,144.47,135.0,133.0,139.0,0,0,0,3
C16-R2_jpg.rf.f3ea093b2711ef0b458cb4eef08c74d3.png,21,292.0,289.6,Sem Hipocótilo,76.76,75.0,74.0,78.0,0,0,0,3
C16-R2_jpg.rf.f3ea093b2711ef0b458cb4eef08c74d3.png,22,460.6,319.5,Normal,92.51,111.0,101.0,120.0,2,4,1,6
C16-R2_jpg.rf.f3ea093b2711ef0b458cb4eef08c74d3.png,23,120.7,379.5,Normal,175.9,162.0,155.0,163.0,0,0,0,0
C16-R2_jpg.rf.f3ea093b2711ef0b458cb4eef08c74d3.png,24,198.0,434.2,Normal,304.49,301.0,289.0,312.0,0,5,0,9
C16-R2_jpg.rf.f3ea093b2711ef0b458cb4eef08c74d3.png,25,269.6,426.5,Normal,176.63,164.0,155.0,170.0,0,0,0,4
C16-R2_jpg.rf.f3ea093b2711ef0b458cb4eef08c74d3.png,26,311.3,419.5,Normal,315.11,292.0,281.0,299.0,0,0,0,5
C16-R2_jpg.rf.f3ea093b2711ef0b458cb4eef08c74d3.png,27,349.4,365.2,Normal,859.89,844.0,814.0,878.0,8,20,5,29
C16-R2_jpg.rf.f3ea093b2711ef0b458cb4eef08c74d3.png,28,393.3,422.2,Normal,142.16,154.0,148.0,157.0,4,12,6,10
C16-R2_jpg.rf.f3ea093b2711ef0b458cb4eef08c74d3.png,29,498.9,365.9,Normal,425.34,391.0,382.0,402.0,2,4,0,6
C16-R2_jpg.rf.f3ea093b2711ef0b458cb4eef08c74d3.png,30,542.0,379.7,Normal,179.85,181.0,175.0,187.0,3,9,3,8
C16-R2_jpg.rf.f3ea093b2711ef0b458cb4eef08c74d3.png,31,112.6,470.1,Normal,327.57,321.0,314.0,324.0,3,15,7,6
C16-R2_jpg.rf.f3ea093b2711ef0b458cb4eef08c74d3.png,32,161.4,456.0,Normal,340.85,333.0,321.0,351.0,3,7,2,19
C16-R2_jpg.rf.f3ea093b2711ef0b458cb4eef08c74d3.png,33,212.8,444.6,Normal,166.4,159.0,150.0,167.0,0,3,0,6
C16-R2_jpg.rf.f3ea093b2711ef0b458cb4eef08c74d3.png,34,246.2,440.3,Normal,104.9,97.0,96.0,102.0,0,0,0,4
C16-R2_jpg.rf.f3ea093b2711ef0b458cb4eef08c74d3.png,35,368.9,482.2,Normal,118.61,115.0,111.0,122.0,0,0,0,6
C16-R2_jpg.rf.f3ea093b2711ef0b458cb4eef08c74d3.png,36,440.0,446.0,Normal,318.58,322.0,314.0,332.0,4,14,7,12
C16-R2_jpg.rf.f3ea093b2711ef0b458cb4eef08c74d3.png,37,464.0,442.8,Normal,170.39,166.0,161.0,171.0,0,0,0,2
C16-R2_jpg.rf.f3ea093b2711ef0b458cb4eef08c74d3.png,38,487.7,519.1,Normal,31.54,27.0,27.0,38.0,0,0,0,9
C16-R2_jpg.rf.f3ea093b2711ef0b458cb4eef08c74d3.png,39,525.3,476.7,Normal,168.37,161.0,158.0,169.0,0,0,0,6
C16-R2_jpg.rf.f3ea093b2711ef0b458cb4eef08c74d3.png,40,298.7,529.0,Normal,180.06,171.0,165.0,178.0,0,3,0,10
C16-R3_jpg.rf.812d453dd61411dd221d3aa3c88d1503.png,1,240.1,166.7,Normal,93.67,87.0,82.0,95.0,0,1,0,7
C16-R3_jpg.rf.812d453dd61411dd221d3aa3c88d1503.png,2,254.9,192.2,Sem Raiz,13.48,13.0,7.0,20.0,0,0,0,1
C16-R3_jpg.rf.812d453dd61411dd221d3aa3c88d1503.png,3,543.1,196.0,Normal,126.3,117.0,116.0,130.0,0,0,0,6
C16-R3_jpg.rf.812d453dd61411dd221d3aa3c88d1503.png,4,95.8,242.1,Normal,124.83,112.0,111.0,116.0,0,0,0,0
C16-R3_jpg.rf.812d453dd61411dd221d3aa3c88d1503.png,5,138.5,248.8,Sem Hipocótilo,22.9,21.0,18.0,22.0,0,0,0,0
C16-R3_jpg.rf.812d453dd61411dd221d3aa3c88d1503.png,6,164.9,218.7,Normal,122.29,123.0,113.0,129.0,4,4,0,3
C16-R3_jpg.rf.812d453dd61411dd221d3aa3c88d1503.png,7,223.3,243.2,Normal,156.58,163.0,159.0,173.0,4,9,7,11
C16-R3_jpg.rf.812d453dd61411dd221d3aa3c88d1503.png,8,292.8,244.6,Normal,137.29,121.0,120.0,129.0,0,0,0,6
C16-R3_jpg.rf.812d453dd61411dd221d3aa3c88d1503.png,9,366.0,222.6,Normal,283.16,278.0,268.0,286.0,0,7,5,11
C16-R3_jpg.rf.812d453dd61411dd221d3aa3c88d1503.png,10,397.0,245.1,Normal,134.49,126.0,121.0,133.0,0,0,0,6
C16-R3_jpg.rf.812d453dd61411dd221d3aa3c88d1503.png,11,434.9,216.7,Normal,147.55,153.0,150.0,162.0,0,11,11,12
C16-R3_jpg.rf.812d453dd61411dd221d3aa3c88d1503.png,12,458.1,253.4,Normal,145.26,135.0,131.0,139.0,0,0,0,3
C16-R3_jpg.rf.812d453dd61411dd221d3aa3c88d1503.png,13,497.6,235.0,Normal,188.05,178.0,171.0,182.0,1,1,1,2
C16-R3_jpg.rf.812d453dd61411dd221d3aa3c88d1503.png,14,548.9,264.0,Normal,168.1,156.0,153.0,165.0,0,0,0,9
C16-R3_jpg.rf.812d453dd61411dd221d3aa3c88d1503.png,15,110.0,331.2,Normal,181.55,165.0,159.0,167.0,0,0,0,1
C16-R3_jpg.rf.812d453dd61411dd221d3aa3c88d1503.png,16,174.3,324.4,Normal,82.83,73.0,69.0,76.0,0,0,0,1
C16-R3_jpg.rf.812d453dd61411dd221d3aa3c88d1503.png,17,209.3,299.1,Normal,109.63,100.0,94.0,107.0,0,0,0,5
C16-R3_jpg.rf.812d453dd61411dd221d3aa3c88d1503.png,18,283.7,327.6,Normal,391.46,454.0,438.0,474.0,1,9,7,17
C16-R3_jpg.rf.812d453dd61411dd221d3aa3c88d1503.png,19,332.9,346.7,Normal,173.49,176.0,172.0,179.0,0,16,9,13
C16-R3_jpg.rf.812d453dd61411dd221d3aa3c88d1503.png,20,373.8,353.0,Sem Hipocótilo,21.0,22.0,22.0,27.0,0,0,0,0
C16-R3_jpg.rf.812d453dd61411dd221d3aa3c88d1503.png,21,428.2,341.6,Normal,142.47,133.0,120.0,138.0,1,1,0,5
C16-R3_jpg.rf.812d453dd61411dd221d3aa3c88d1503.png,22,457.4,347.5,Sem Raiz,28.21,26.0,23.0,31.0,0,0,0,0
C16-R3_jpg.rf.812d453dd61411dd221d3aa3c88d1503.png,23,476.1,301.0,Sem Raiz,8.05,16.0,21.0,22.0,0,5,2,4
C16-R3_jpg.rf.812d453dd61411dd221d3aa3c88d1503.png,24,517.9,310.2,Normal,116.12,125.0,119.0,130.0,4,7,2,6
C16-R3_jpg.rf.812d453dd61411dd221d3aa3c88d1503.png,25,571.5,314.8,Sem Raiz,27.54,24.0,21.0,25.0,0,0,0,1
C16-R3_jpg.rf.812d453dd61411dd221d3aa3c88d1503.png,26,89.2,402.4,Normal,153.32,148.0,144.0,155.0,2,9,3,7
C16-R3_jpg.rf.812d453dd61411dd221d3aa3c88d1503.png,27,127.5,412.5,Normal,126.46,113.0,107.0,123.0,0,0,0,5
C16-R3_jpg.rf.812d453dd61411dd221d3aa3c88d1503.png,28,222.5,369.9,Sem Hipocótilo,19.82,18.0,14.0,20.0,0,0,0,3
C16-R3_jpg.rf.812d453dd61411dd221d3aa3c88d1503.png,29,259.6,437.8,Normal,132.1,120.0,119.0,127.0,0,0,0,1
C16-R3_jpg.rf.812d453dd61411dd221d3aa3c88d1503.png,30,302.7,422.3,Normal,103.22,101.0,98.0,112.0,0,9,4,11
C16-R3_jpg.rf.812d453dd61411dd221d3aa3c88d1503.png,31,368.9,430.7,Normal,165.82,154.0,152.0,158.0,0,1,0,1
C16-R3_jpg.rf.812d453dd61411dd221d3aa3c88d1503.png,32,399.6,387.9,Normal,117.48,150.0,131.0,171.0,7,13,4,21
C16-R3_jpg.rf.812d453dd61411dd221d3aa3c88d1503.png,33,451.9,417.3,Sem Hipocótilo,101.88,97.0,96.0,98.0,0,0,0,1
C16-R3_jpg.rf.812d453dd61411dd221d3aa3c88d1503.png,34,489.2,387.5,Normal,135.6,133.0,130.0,137.0,0,0,0,1
C16-R3_jpg.rf.812d453dd61411dd221d3aa3c88d1503.png,35,510.4,430.2,Normal,132.72,135.0,134.0,145.0,4,13,10,11
C16-R3_jpg.rf.812d453dd61411dd221d3aa3c88d1503.png,36,547.2,364.1,Sem Hipocótilo,107.46,103.0,101.0,103.0,0,0,0,0
C16-R3_jpg.rf.812d453dd61411dd221d3aa3c88d1503.png,37,563.6,413.2,Sem Raiz,6.05,6.0,5.0,8.0,0,0,0,0
C16-R3_jpg.rf.812d453dd61411dd221d3aa3c88d1503.png,38,163.7,459.7,Normal,386.77,366.0,357.0,379.0,0,3,0,8
C16-R3_jpg.rf.812d453dd61411dd221d3aa3c88d1503.png,39,212.7,497.2,Normal,290.73,279.0,272.0,291.0,0,0,0,9
C16-R3_jpg.rf.812d453dd61411dd221d3aa3c88d1503.png,40,232.8,469.7,Sem Raiz,8.95,9.0,5.0,11.0,0,0,0,0
C16-R3_jpg.rf.812d453dd61411dd221d3aa3c88d1503.png,41,296.2,518.5,Sem Hipocótilo,110.57,107.0,104.0,107.0,0,0,0,0
C16-R3_jpg.rf.812d453dd61411dd221d3aa3c88d1503.png,42,313.2,446.5,Sem Raiz,33.69,33.0,33.0,38.0,0,1,0,4
C16-R3_jpg.rf.812d453dd61411dd221d3aa3c88d1503.png,43,361.1,490.6,Normal,161.93,164.0,162.0,168.0,0,3,1,3
C16-R3_jpg.rf.812d453dd61411dd221d3aa3c88d1503.png,44,397.8,509.0,Normal,125.28,121.0,116.0,123.0,0,0,0,0
C16-R3_jpg.rf.812d453dd61411dd221d3aa3c88d1503.png,45,529.7,453.3,Sem Raiz,15.92,15.0,14.0,17.0,0,0,0,0
C16-R3_jpg.rf.812d453dd61411dd221d3aa3c88d1503.png,46,558.3,450.7,Normal,60.32,59.0,53.0,64.0,0,0,0,4
C16-R3_jpg.rf.812d453dd61411dd221d3aa3c88d1503.png,47,109.2,537.3,Normal,140.63,116.0,116.0,124.0,0,0,0,1
C16-R3_jpg.rf.812d453dd61411dd221d3aa3c88d1503.png,48,250.1,531.5,Sem Hipocótilo,102.33,97.0,94.0,99.0,0,0,0,0
C16-R3_jpg.rf.812d453dd61411dd221d3aa3c88d1503.png,49,476.0,529.5,Normal,106.18,99.0,91.0,107.0,0,0,0,5
C16-R4_jpg.rf.752d589f973b520952e8dbe260e01268.png,1,115.2,185.9,Normal,58.81,60.0,54.0,67.0,4,4,1,2
C16-R4_jpg.rf.752d589f973b520952e8dbe260e01268.png,2,162.5,195.5,Normal,145.05,156.0,152.0,160.0,2,9,5,11
C16-R4_jpg.rf.752d589f973b520952e8dbe260e01268.png,3,366.9,186.4,Sem Hipocótilo,44.62,41.0,39.0,43.0,0,0,0,3
C16-R4_jpg.rf.752d589f973b520952e8dbe260e01268.png,4,371.5,150.3,Sem Raiz,32.67,27.0,25.0,31.0,0,0,0,0
C16-R4_jpg.rf.752d589f973b520952e8dbe260e01268.png,5,431.0,183.0,Sem Raiz,26.82,30.0,28.0,39.0,0,0,0,2
C16-R4_jpg.rf.752d589f973b520952e8dbe260e01268.png,6,484.3,156.9,Sem Raiz,18.92,25.0,34.0,36.0,3,9,11,8
C16-R4_jpg.rf.752d589f973b520952e8dbe260e01268.png,7,519.5,199.1,Normal,140.17,127.0,121.0,132.0,0,1,0,2
C16-R4_jpg.rf.752d589f973b520952e8dbe260e01268.png,8,86.0,228.8,Normal,148.16,137.0,133.0,142.0,0,3,0,1
C16-R4_jpg.rf.752d589f973b520952e8dbe260e01268.png,9,189.0,253.0,Normal,178.35,169.0,162.0,175.0,0,0,0,6
C16-R4_jpg.rf.752d589f973b520952e8dbe260e01268.png,10,217.5,200.7,Normal,148.42,139.0,134.0,151.0,0,0,0,6
C16-R4_jpg.rf.752d589f973b520952e8dbe260e01268.png,11,249.1,208.1,Normal,159.69,152.0,151.0,161.0,0,0,0,7
C16-R4_jpg.rf.752d589f973b520952e8dbe260e01268.png,12,278.8,216.3,Normal,157.53,161.0,157.0,166.0,4,8,6,6
C16-R4_jpg.rf.752d589f973b520952e8dbe260e01268.png,13,323.3,212.6,Normal,87.04,83.0,79.0,90.0,0,0,0,3
C16-R4_jpg.rf.752d589f973b520952e8dbe260e01268.png,14,347.9,261.9,Normal,151.58,147.0,147.0,154.0,0,0,0,6
C16-R4_jpg.rf.752d589f973b520952e8dbe260e01268.png,15,400.1,202.7,Normal,116.84,113.0,111.0,117.0,0,0,0,1
C16-R4_jpg.rf.752d589f973b520952e8dbe260e01268.png,16,463.8,267.5,Normal,135.43,124.0,119.0,129.0,0,0,0,2
C16-R4_jpg.rf.752d589f973b520952e8dbe260e01268.png,17,477.1,206.0,Sem Hipocótilo,76.53,73.0,71.0,74.0,0,0,0,1
C16-R4_jpg.rf.752d589f973b520952e8dbe260e01268.png,18,557.1,227.3,Normal,286.35,264.0,259.0,273.0,0,0,0,2
C16-R4_jpg.rf.752d589f973b520952e8dbe260e01268.png,19,117.1,312.5,Normal,153.2,143.0,140.0,150.0,0,0,0,7
C16-R4_jpg.rf.752d589f973b520952e8dbe260e01268.png,20,147.2,303.5,Sem Raiz,13.3,20.0,18.0,25.0,0,4,0,3
C16-R4_jpg.rf.752d589f973b520952e8dbe260e01268.png,21,217.8,290.4,Normal,48.88,45.0,38.0,49.0,0,0,0,3
C16-R4_jpg.rf.752d589f973b520952e8dbe260e01268.png,22,255.1,309.2,Sem Raiz,25.36,24.0,25.0,31.0,0,0,0,1
C16-R4_jpg.rf.752d589f973b520952e8dbe260e01268.png,23,296.2,332.3,Normal,108.34,113.0,115.0,121.0,0,4,3,8
C16-R4_jpg.rf.752d589f973b520952e8dbe260e01268.png,24,327.8,341.3,Normal,149.53,142.0,137.0,146.0,0,0,0,4
C16-R4_jpg.rf.752d589f973b520952e8dbe260e01268.png,25,412.5,322.7,Normal,108.3,114.0,110.0,121.0,0,4,1,8
C16-R4_jpg.rf.752d589f973b520952e8dbe260e01268.png,26,547.5,337.7,Normal,151.45,132.0,127.0,135.0,0,0,0,1
C16-R4_jpg.rf.752d589f973b520952e8dbe260e01268.png,27,108.2,368.4,Normal,108.5,99.0,97.0,110.0,0,0,0,3
C16-R4_jpg.rf.752d589f973b520952e8dbe260e01268.png,28,147.1,381.0,Sem Hipocótilo,104.08,99.0,99.0,101.0,0,0,0,1
C16-R4_jpg.rf.752d589f973b520952e8dbe260e01268.png,29,166.8,418.4,Sem Raiz,33.5,29.0,31.0,38.0,0,0,0,1
C16-R4_jpg.rf.752d589f973b520952e8dbe260e01268.png,30,195.9,387.2,Normal,153.34,146.0,140.0,152.0,0,3,0,5
C16-R4_jpg.rf.752d589f973b520952e8dbe260e01268.png,31,245.9,381.3,Sem Hipocótilo,114.16,107.0,106.0,107.0,0,0,0,0
C16-R4_jpg.rf.752d589f973b520952e8dbe260e01268.png,32,377.2,397.7,Normal,424.21,420.0,412.0,441.0,3,29,10,28
C16-R4_jpg.rf.752d589f973b520952e8dbe260e01268.png,33,430.8,397.6,Normal,346.94,339.0,338.0,352.0,0,3,1,5
C16-R4_jpg.rf.752d589f973b520952e8dbe260e01268.png,34,457.9,431.6,Normal,322.12,302.0,298.0,320.0,0,0,0,9
C16-R4_jpg.rf.752d589f973b520952e8dbe260e01268.png,35,483.9,395.5,Normal,131.7,126.0,123.0,127.0,0,0,0,0
C16-R4_jpg.rf.752d589f973b520952e8dbe260e01268.png,36,492.9,428.1,Normal,121.28,114.0,111.0,121.0,0,0,0,7
C16-R4_jpg.rf.752d589f973b520952e8dbe260e01268.png,37,522.5,410.3,Normal,146.36,134.0,128.0,140.0,0,0,0,3
C16-R4_jpg.rf.752d589f973b520952e8dbe260e01268.png,38,92.8,491.5,Normal,168.96,177.0,178.0,188.0,4,13,10,11
C16-R4_jpg.rf.752d589f973b520952e8dbe260e01268.png,39,131.0,500.0,Normal,103.05,102.0,97.0,109.0,0,3,3,2
C16-R4_jpg.rf.752d589f973b520952e8dbe260e01268.png,40,172.4,457.4,Sem Hipocótilo,36.19,34.0,33.0,34.0,0,0,0,0
C16-R4_jpg.rf.752d589f973b520952e8dbe260e01268.png,41,205.1,502.1,Normal,178.3,180.0,178.0,186.0,1,5,1,7
C16-R4_jpg.rf.752d589f973b520952e8dbe260e01268.png,42,232.8,509.2,Normal,184.34,177.0,171.0,185.0,0,0,0,6
C16-R4_jpg.rf.752d589f973b520952e8dbe260e01268.png,43,272.4,451.8,Normal,227.96,214.0,214.0,227.0,0,0,0,6
C16-R4_jpg.rf.752d589f973b520952e8dbe260e01268.png,44,285.7,491.5,Normal,124.55,118.0,115.0,130.0,0,0,0,12
C16-R4_jpg.rf.752d589f973b520952e8dbe260e01268.png,45,312.6,502.7,Normal,113.68,110.0,100.0,111.0,3,3,3,3
C16-R4_jpg.rf.752d589f973b520952e8dbe260e01268.png,46,336.4,493.6,Normal,167.26,159.0,157.0,164.0,0,0,0,4
C16-R4_jpg.rf.752d589f973b520952e8dbe260e01268.png,47,403.5,447.7,Sem Raiz,17.32,15.0,14.0,20.0,0,0,0,1
C16-R4_jpg.rf.752d589f973b520952e8dbe260e01268.png,48,411.3,515.5,Normal,112.81,111.0,108.0,116.0,0,0,0,2
C16-R4_jpg.rf.752d589f973b520952e8dbe260e01268.png,49,547.7,492.1,Normal,162.63,151.0,146.0,159.0,0,0,0,9
C16-R5_jpg.rf.56c27c76f29400f058fb80c36bd460f5.png,1,75.7,195.8,Normal,168.24,161.0,158.0,169.0,0,0,0,6
C16-R5_jpg.rf.56c27c76f29400f058fb80c36bd460f5.png,2,131.7,193.0,Normal,187.3,170.0,165.0,175.0,3,3,0,2
C16-R5_jpg.rf.56c27c76f29400f058fb80c36bd460f5.png,3,203.2,191.6,Normal,141.29,137.0,129.0,143.0,0,3,0,2
C16-R5_jpg.rf.56c27c76f29400f058fb80c36bd460f5.png,4,234.4,188.2,Normal,107.31,96.0,96.0,107.0,0,0,0,4
C16-R5_jpg.rf.56c27c76f29400f058fb80c36bd460f5.png,5,262.5,169.1,Normal,103.66,108.0,105.0,112.0,0,4,1,6
C16-R5_jpg.rf.56c27c76f29400f058fb80c36bd460f5.png,6,301.7,180.3,Normal,129.9,143.0,140.0,148.0,4,7,2,5
C16-R5_jpg.rf.56c27c76f29400f058fb80c36bd460f5.png,7,343.4,178.3,Normal,164.05,156.0,153.0,172.0,0,4,1,11
C16-R5_jpg.rf.56c27c76f29400f058fb80c36bd460f5.png,8,387.1,195.2,Normal,138.14,130.0,126.0,135.0,0,0,0,4
C16-R5_jpg.rf.56c27c76f29400f058fb80c36bd460f5.png,9,406.5,169.6,Normal,121.7,121.0,120.0,131.0,0,7,8,9
C16-R5_jpg.rf.56c27c76f29400f058fb80c36bd460f5.png,10,443.6,179.0,Normal,141.71,142.0,141.0,152.0,0,9,5,11
C16-R5_jpg.rf.56c27c76f29400f058fb80c36bd460f5.png,11,482.7,182.5,Normal,172.54,163.0,160.0,168.0,0,0,0,6
C16-R5_jpg.rf.56c27c76f29400f058fb80c36bd460f5.png,12,512.8,181.1,Normal,140.08,137.0,129.0,142.0,0,1,0,6
C16-R5_jpg.rf.56c27c76f29400f058fb80c36bd460f5.png,13,99.1,267.3,Normal,173.42,161.0,157.0,170.0,0,0,0,3
C16-R5_jpg.rf.56c27c76f29400f058fb80c36bd460f5.png,14,156.1,233.8,Normal,125.16,112.0,109.0,123.0,0,0,0,6
C16-R5_jpg.rf.56c27c76f29400f058fb80c36bd460f5.png,15,181.0,276.6,Normal,121.09,113.0,110.0,121.0,0,0,0,7
C16-R5_jpg.rf.56c27c76f29400f058fb80c36bd460f5.png,16,265.0,242.1,Sem Raiz,37.56,48.0,42.0,51.0,3,12,4,6
C16-R5_jpg.rf.56c27c76f29400f058fb80c36bd460f5.png,17,331.0,276.7,Normal,104.7,102.0,97.0,108.0,0,0,0,6
C16-R5_jpg.rf.56c27c76f29400f058fb80c36bd460f5.png,18,358.3,274.2,Normal,128.54,112.0,105.0,114.0,0,0,0,0
C16-R5_jpg.rf.56c27c76f29400f058fb80c36bd460f5.png,19,425.4,226.7,Normal,47.28,45.0,43.0,49.0,0,0,0,1
C16-R5_jpg.rf.56c27c76f29400f058fb80c36bd460f5.png,20,463.5,218.6,Sem Raiz,33.94,30.0,28.0,32.0,0,0,0,0
C16-R5_jpg.rf.56c27c76f29400f058fb80c36bd460f5.png,21,542.4,202.7,Normal,163.97,148.0,148.0,156.0,0,0,0,2
C16-R5_jpg.rf.56c27c76f29400f058fb80c36bd460f5.png,22,211.0,356.2,Normal,184.27,177.0,171.0,182.0,0,8,7,6
C16-R5_jpg.rf.56c27c76f29400f058fb80c36bd460f5.png,23,230.8,301.5,Normal,141.86,145.0,144.0,149.0,0,12,6,7
C16-R5_jpg.rf.56c27c76f29400f058fb80c36bd460f5.png,24,243.8,340.5,Sem Hipocótilo,13.69,12.0,10.0,14.0,0,0,0,0
C16-R5_jpg.rf.56c27c76f29400f058fb80c36bd460f5.png,25,271.4,312.4,Sem Hipocótilo,90.53,87.0,84.0,89.0,0,0,0,1
C16-R5_jpg.rf.56c27c76f29400f058fb80c36bd460f5.png,26,307.4,318.5,Normal,150.75,160.0,150.0,167.0,4,17,3,14
C16-R5_jpg.rf.56c27c76f29400f058fb80c36bd460f5.png,27,459.8,311.6,Normal,144.99,136.0,130.0,139.0,0,0,0,2
C16-R5_jpg.rf.56c27c76f29400f058fb80c36bd460f5.png,28,543.3,318.3,Normal,195.42,179.0,179.0,189.0,0,0,0,5
C16-R5_jpg.rf.56c27c76f29400f058fb80c36bd460f5.png,29,81.8,380.4,Normal,151.5,142.0,136.0,146.0,0,0,0,3
C16-R5_jpg.rf.56c27c76f29400f058fb80c36bd460f5.png,30,137.1,395.4,Normal,162.17,163.0,158.0,174.0,3,9,5,11
C16-R5_jpg.rf.56c27c76f29400f058fb80c36bd460f5.png,31,195.7,427.3,Normal,157.02,147.0,136.0,153.0,4,4,0,5
C16-R5_jpg.rf.56c27c76f29400f058fb80c36bd460f5.png,32,245.8,371.2,Normal,27.55,24.0,22.0,33.0,0,0,0,3
C16-R5_jpg.rf.56c27c76f29400f058fb80c36bd460f5.png,33,332.9,380.7,Normal,15.4,24.0,22.0,31.0,0,4,2,6
C16-R5_jpg.rf.56c27c76f29400f058fb80c36bd460f5.png,34,356.1,386.3,Normal,198.91,190.0,179.0,196.0,0,0,0,1
C16-R5_jpg.rf.56c27c76f29400f058fb80c36bd460f5.png,35,384.4,421.9,Normal,180.3,166.0,165.0,175.0,0,0,0,6
C16-R5_jpg.rf.56c27c76f29400f058fb80c36bd460f5.png,36,411.1,407.7,Normal,314.96,298.0,294.0,313.0,0,0,0,5
C16-R5_jpg.rf.56c27c76f29400f058fb80c36bd460f5.png,37,436.0,398.3,Normal,187.9,177.0,172.0,183.0,0,0,0,3
C16-R5_jpg.rf.56c27c76f29400f058fb80c36bd460f5.png,38,460.1,410.3,Sem Raiz,13.46,14.0,14.0,18.0,0,0,0,3
C16-R5_jpg.rf.56c27c76f29400f058fb80c36bd460f5.png,39,495.6,390.0,Normal,364.62,346.0,336.0,360.0,1,9,4,12
C16-R5_jpg.rf.56c27c76f29400f058fb80c36bd460f5.png,40,97.9,502.5,Normal,146.83,153.0,146.0,164.0,4,9,3,9
C16-R5_jpg.rf.56c27c76f29400f058fb80c36bd460f5.png,41,124.3,465.0,Normal,169.32,167.0,157.0,174.0,4,4,0,6
C16-R5_jpg.rf.56c27c76f29400f058fb80c36bd460f5.png,42,162.2,444.2,Normal,192.28,184.0,177.0,195.0,0,0,0,7
C16-R5_jpg.rf.56c27c76f29400f058fb80c36bd460f5.png,43,261.5,457.0,Normal,377.89,375.0,360.0,391.0,0,22,7,27
C16-R5_jpg.rf.56c27c76f29400f058fb80c36bd460f5.png,44,310.3,471.8,Normal,159.41,149.0,145.0,156.0,0,1,0,5
C16-R5_jpg.rf.56c27c76f29400f058fb80c36bd460f5.png,45,327.5,496.8,Sem Hipocótilo,31.59,26.0,25.0,30.0,0,0,0,0
C16-R5_jpg.rf.56c27c76f29400f058fb80c36bd460f5.png,46,363.2,494.3,Normal,132.4,123.0,122.0,131.0,0,0,0,5
C16-R5_jpg.rf.56c27c76f29400f058fb80c36bd460f5.png,47,449.6,494.3,Sem Hipocótilo,126.03,120.0,117.0,123.0,0,0,0,0
C16-R5_jpg.rf.56c27c76f29400f058fb80c36bd460f5.png,48,474.3,505.9,Normal,183.75,176.0,172.0,182.0,0,0,0,4
C16-R5_jpg.rf.56c27c76f29400f058fb80c36bd460f5.png,49,531.3,466.2,Normal,199.12,204.0,203.0,214.0,0,9,6,13
C16-R6_jpg.rf.7a3e2972c351e4956a6c094219607b6d.png,1,76.0,134.8,Sem Raiz,11.87,11.0,3.0,15.0,0,0,0,1
C16-R6_jpg.rf.7a3e2972c351e4956a6c094219607b6d.png,2,265.1,144.4,Sem Raiz,10.95,10.0,6.0,11.0,0,0,0,0
C16-R6_jpg.rf.7a3e2972c351e4956a6c094219607b6d.png,3,317.0,191.1,Normal,110.9,115.0,111.0,120.0,0,7,1,6
C16-R6_jpg.rf.7a3e2972c351e4956a6c094219607b6d.png,4,365.1,191.8,Normal,192.11,176.0,175.0,184.0,0,0,0,6
C16-R6_jpg.rf.7a3e2972c351e4956a6c094219607b6d.png,5,414.0,176.9,Normal,135.51,116.0,110.0,121.0,0,0,0,4
C16-R6_jpg.rf.7a3e2972c351e4956a6c094219607b6d.png,6,478.2,197.4,Normal,165.7,159.0,154.0,164.0,0,0,0,5
C16-R6_jpg.rf.7a3e2972c351e4956a6c094219607b6d.png,7,61.1,265.1,Sem Raiz,13.84,13.0,11.0,15.0,0,0,0,3
C16-R6_jpg.rf.7a3e2972c351e4956a6c094219607b6d.png,8,82.2,210.4,Sem Hipocótilo,107.53,104.0,101.0,104.0,0,0,0,0
C16-R6_jpg.rf.7a3e2972c351e4956a6c094219607b6d.png,9,93.2,266.9,Normal,151.64,146.0,145.0,154.0,0,7,2,7
C16-R6_jpg.rf.7a3e2972c351e4956a6c094219607b6d.png,10,130.8,202.0,Normal,124.74,119.0,115.0,125.0,0,0,0,4
C16-R6_jpg.rf.7a3e2972c351e4956a6c094219607b6d.png,11,156.7,212.9,Normal,142.31,136.0,131.0,140.0,0,0,0,2
C16-R6_jpg.rf.7a3e2972c351e4956a6c094219607b6d.png,12,174.1,238.7,Normal,144.96,136.0,130.0,141.0,0,0,0,4
C16-R6_jpg.rf.7a3e2972c351e4956a6c094219607b6d.png,13,202.7,259.8,Normal,138.54,134.0,129.0,141.0,0,0,0,4
C16-R6_jpg.rf.7a3e2972c351e4956a6c094219607b6d.png,14,230.2,200.9,Normal,128.7,122.0,119.0,126.0,0,0,0,1
C16-R6_jpg.rf.7a3e2972c351e4956a6c094219607b6d.png,15,258.0,232.6,Sem Hipocótilo,137.03,133.0,131.0,136.0,0,0,0,1
C16-R6_jpg.rf.7a3e2972c351e4956a6c094219607b6d.png,16,291.0,235.7,Normal,144.85,131.0,130.0,136.0,0,0,0,1
C16-R6_jpg.rf.7a3e2972c351e4956a6c094219607b6d.png,17,347.5,200.7,Normal,121.55,112.0,108.0,116.0,0,0,0,1
C16-R6_jpg.rf.7a3e2972c351e4956a6c094219607b6d.png,18,390.7,255.4,Normal,148.13,136.0,131.0,142.0,0,0,0,1
C16-R6_jpg.rf.7a3e2972c351e4956a6c094219607b6d.png,19,501.1,209.6,Normal,159.55,149.0,148.0,157.0,0,0,0,4
C16-R6_jpg.rf.7a3e2972c351e4956a6c094219607b6d.png,20,540.8,241.0,Normal,163.33,158.0,155.0,163.0,0,0,0,2
C16-R6_jpg.rf.7a3e2972c351e4956a6c094219607b6d.png,21,58.1,326.0,Sem Hipocótilo,109.14,106.0,102.0,106.0,0,0,0,0
C16-R6_jpg.rf.7a3e2972c351e4956a6c094219607b6d.png,22,182.4,324.4,Normal,138.4,131.0,125.0,134.0,0,0,0,0
C16-R6_jpg.rf.7a3e2972c351e4956a6c094219607b6d.png,23,229.7,344.1,Normal,133.67,119.0,120.0,129.0,0,0,0,8
C16-R6_jpg.rf.7a3e2972c351e4956a6c094219607b6d.png,24,266.2,327.1,Normal,151.8,141.0,139.0,148.0,0,0,0,6
C16-R6_jpg.rf.7a3e2972c351e4956a6c094219607b6d.png,25,295.0,349.3,Normal,52.07,48.0,46.0,52.0,0,0,0,2
C16-R6_jpg.rf.7a3e2972c351e4956a6c094219607b6d.png,26,363.3,357.1,Sem Raiz,19.77,35.0,31.0,43.0,3,20,7,16
C16-R6_jpg.rf.7a3e2972c351e4956a6c094219607b6d.png,27,367.8,320.6,Normal,46.05,44.0,42.0,46.0,0,0,0,0
C16-R6_jpg.rf.7a3e2972c351e4956a6c094219607b6d.png,28,406.6,352.1,Normal,146.76,135.0,132.0,140.0,0,0,0,3
C16-R6_jpg.rf.7a3e2972c351e4956a6c094219607b6d.png,29,447.2,335.6,Normal,213.41,198.0,193.0,204.0,0,0,0,9
C16-R6_jpg.rf.7a3e2972c351e4956a6c094219607b6d.png,30,485.7,300.3,Sem Raiz,11.48,22.0,22.0,25.0,4,4,1,2
C16-R6_jpg.rf.7a3e2972c351e4956a6c094219607b6d.png,31,65.7,416.9,Normal,105.01,100.0,92.0,110.0,0,1,0,5
C16-R6_jpg.rf.7a3e2972c351e4956a6c094219607b6d.png,32,127.8,362.9,Normal,155.83,150.0,142.0,156.0,0,1,0,4
C16-R6_jpg.rf.7a3e2972c351e4956a6c094219607b6d.png,33,152.1,388.9,Normal,86.31,82.0,75.0,89.0,4,4,0,3
C16-R6_jpg.rf.7a3e2972c351e4956a6c094219607b6d.png,34,205.3,361.9,Sem Raiz,7.04,7.0,7.0,11.0,0,0,0,1
C16-R6_jpg.rf.7a3e2972c351e4956a6c094219607b6d.png,35,312.7,365.7,Normal,188.44,174.0,173.0,181.0,0,0,0,5
C16-R6_jpg.rf.7a3e2972c351e4956a6c094219607b6d.png,36,372.0,419.4,Sem Hipocótilo,101.7,94.0,94.0,96.0,0,0,0,1
C16-R6_jpg.rf.7a3e2972c351e4956a6c094219607b6d.png,37,425.1,420.4,Sem Raiz,30.55,27.0,25.0,29.0,0,0,0,0
C16-R6_jpg.rf.7a3e2972c351e4956a6c094219607b6d.png,38,492.6,373.3,Sem Hipocótilo,120.29,114.0,112.0,116.0,0,0,0,3
C16-R6_jpg.rf.7a3e2972c351e4956a6c094219607b6d.png,39,158.3,512.3,Normal,238.61,228.0,215.0,248.0,4,4,0,11
C16-R6_jpg.rf.7a3e2972c351e4956a6c094219607b6d.png,40,204.8,460.1,Normal,281.54,268.0,263.0,277.0,0,0,0,6
C16-R6_jpg.rf.7a3e2972c351e4956a6c094219607b6d.png,41,253.3,512.7,Normal,187.44,175.0,172.0,181.0,0,0,0,2
C16-R6_jpg.rf.7a3e2972c351e4956a6c094219607b6d.png,42,277.2,453.8,Normal,123.94,116.0,113.0,123.0,0,0,0,2
C16-R6_jpg.rf.7a3e2972c351e4956a6c094219607b6d.png,43,322.7,509.4,Normal,114.83,98.0,99.0,101.0,0,0,0,0
C16-R6_jpg.rf.7a3e2972c351e4956a6c094219607b6d.png,44,337.8,444.7,Normal,31.5,27.0,25.0,33.0,0,0,0,1
C16-R6_jpg.rf.7a3e2972c351e4956a6c094219607b6d.png,45,356.6,440.9,Sem Raiz,30.32,28.0,24.0,32.0,0,0,0,3
C16-R6_jpg.rf.7a3e2972c351e4956a6c094219607b6d.png,46,389.7,513.5,Normal,184.96,168.0,167.0,175.0,0,0,0,2
C16-R6_jpg.rf.7a3e2972c351e4956a6c094219607b6d.png,47,419.3,504.8,Sem Hipocótilo,134.11,131.0,128.0,132.0,0,0,0,1
C16-R6_jpg.rf.7a3e2972c351e4956a6c094219607b6d.png,48,468.6,449.9,Normal,150.61,149.0,147.0,156.0,0,5,1,3
C16-R6_jpg.rf.7a3e2972c351e4956a6c094219607b6d.png,49,487.4,474.0,Normal,173.88,165.0,161.0,173.0,0,0,0,8
C16-R6_jpg.rf.7a3e2972c351e4956a6c094219607b6d.png,50,521.8,453.7,Normal,304.65,284.0,272.0,291.0,1,3,0,3
C16-R6_jpg.rf.7a3e2972c351e4956a6c094219607b6d.png,51,547.8,479.6,Normal,179.46,170.0,166.0,175.0,0,0,0,3
C16-R6_jpg.rf.7a3e2972c351e4956a6c094219607b6d.png,52,98.0,555.5,Normal,165.54,158.0,157.0,164.0,0,0,0,6
C16-R6_jpg.rf.7a3e2972c351e4956a6c094219607b6d.png,53,353.9,533.9,Sem Hipocótilo,159.75,150.0,148.0,150.0,0,0,0,0
C16-R6_jpg.rf.7a3e2972c351e4956a6c094219607b6d.png,54,447.5,521.1,Normal,99.51,100.0,97.0,107.0,0,1,0,6
C16-R7_jpg.rf.a6b07cbee1507bf039711e540cf76c3b.png,1,200.6,102.6,Sem Raiz,6.5,7.0,3.0,9.0,0,0,0,0
C16-R7_jpg.rf.a6b07cbee1507bf039711e540cf76c3b.png,2,422.3,119.4,Sem Raiz,15.39,16.0,12.0,20.0,0,3,0,4
C16-R7_jpg.rf.a6b07cbee1507bf039711e540cf76c3b.png,3,102.8,159.7,Normal,118.01,113.0,103.0,120.0,2,7,0,8
C16-R7_jpg.rf.a6b07cbee1507bf039711e540cf76c3b.png,4,157.7,134.1,Normal,125.43,116.0,109.0,124.0,0,0,0,3
C16-R7_jpg.rf.a6b07cbee1507bf039711e540cf76c3b.png,5,193.7,172.3,Sem Hipocótilo,111.27,107.0,105.0,110.0,0,0,0,0
C16-R7_jpg.rf.a6b07cbee1507bf039711e540cf76c3b.png,6,237.8,156.3,Normal,115.66,114.0,114.0,121.0,3,3,1,3
C16-R7_jpg.rf.a6b07cbee1507bf039711e540cf76c3b.png,7,274.2,179.1,Normal,162.42,153.0,149.0,157.0,0,0,0,3
C16-R7_jpg.rf.a6b07cbee1507bf039711e540cf76c3b.png,8,309.9,175.7,Normal,183.46,167.0,165.0,169.0,0,0,0,0
C16-R7_jpg.rf.a6b07cbee1507bf039711e540cf76c3b.png,9,367.0,169.0,Normal,69.28,78.0,75.0,87.0,1,13,12,16
C16-R7_jpg.rf.a6b07cbee1507bf039711e540cf76c3b.png,10,398.4,156.6,Normal,98.79,90.0,82.0,96.0,0,0,0,2
C16-R7_jpg.rf.a6b07cbee1507bf039711e540cf76c3b.png,11,417.2,192.4,Sem Hipocótilo,115.14,108.0,107.0,108.0,0,0,0,0
C16-R7_jpg.rf.a6b07cbee1507bf039711e540cf76c3b.png,12,445.2,136.8,Sem Raiz,34.69,32.0,33.0,36.0,0,0,0,4
C16-R7_jpg.rf.a6b07cbee1507bf039711e540cf76c3b.png,13,469.1,169.9,Normal,134.14,125.0,120.0,128.0,0,0,0,3
C16-R7_jpg.rf.a6b07cbee1507bf039711e540cf76c3b.png,14,497.4,181.0,Normal,139.85,135.0,134.0,138.0,0,0,0,1
C16-R7_jpg.rf.a6b07cbee1507bf039711e540cf76c3b.png,15,96.5,270.6,Normal,88.97,87.0,77.0,93.0,0,3,0,3
C16-R7_jpg.rf.a6b07cbee1507bf039711e540cf76c3b.png,16,118.5,273.9,Sem Raiz,13.59,15.0,11.0,20.0,0,0,0,2
C16-R7_jpg.rf.a6b07cbee1507bf039711e540cf76c3b.png,17,136.7,258.7,Normal,156.55,153.0,148.0,157.0,0,3,0,1
C16-R7_jpg.rf.a6b07cbee1507bf039711e540cf76c3b.png,18,230.6,267.8,Normal,169.12,157.0,152.0,163.0,0,0,0,7
C16-R7_jpg.rf.a6b07cbee1507bf039711e540cf76c3b.png,19,352.5,239.7,Normal,267.75,253.0,241.0,262.0,0,3,1,6
C16-R7_jpg.rf.a6b07cbee1507bf039711e540cf76c3b.png,20,445.8,200.8,Sem Hipocótilo,99.87,95.0,93.0,95.0,0,0,0,0
C16-R7_jpg.rf.a6b07cbee1507bf039711e540cf76c3b.png,21,553.7,216.2,Normal,165.65,152.0,151.0,163.0,0,8,2,4
C16-R7_jpg.rf.a6b07cbee1507bf039711e540cf76c3b.png,22,157.3,304.1,Normal,120.1,120.0,115.0,129.0,1,1,0,5
C16-R7_jpg.rf.a6b07cbee1507bf039711e540cf76c3b.png,23,189.8,306.3,Normal,130.79,129.0,121.0,135.0,0,10,3,7
C16-R7_jpg.rf.a6b07cbee1507bf039711e540cf76c3b.png,24,265.1,334.8,Normal,92.59,88.0,85.0,93.0,0,0,0,4
C16-R7_jpg.rf.a6b07cbee1507bf039711e540cf76c3b.png,25,312.3,333.1,Normal,179.08,167.0,163.0,174.0,0,0,0,1
C16-R7_jpg.rf.a6b07cbee1507bf039711e540cf76c3b.png,26,361.3,299.4,Normal,93.47,90.0,85.0,98.0,3,6,4,5
C16-R7_jpg.rf.a6b07cbee1507bf039711e540cf76c3b.png,27,415.9,346.0,Normal,153.15,150.0,152.0,169.0,0,15,15,20
C16-R7_jpg.rf.a6b07cbee1507bf039711e540cf76c3b.png,28,461.3,283.2,Normal,141.01,142.0,137.0,147.0,0,4,0,8
C16-R7_jpg.rf.a6b07cbee1507bf039711e540cf76c3b.png,29,469.1,324.3,Normal,48.19,45.0,40.0,51.0,0,0,0,3
C16-R7_jpg.rf.a6b07cbee1507bf039711e540cf76c3b.png,30,510.7,348.9,Normal,169.57,151.0,146.0,154.0,0,0,0,3
C16-R7_jpg.rf.a6b07cbee1507bf039711e540cf76c3b.png,31,541.8,292.6,Normal,152.39,143.0,139.0,151.0,0,0,0,6
C16-R7_jpg.rf.a6b07cbee1507bf039711e540cf76c3b.png,32,90.9,381.1,Sem Raiz,15.98,39.0,36.0,41.0,4,24,16,15
C16-R7_jpg.rf.a6b07cbee1507bf039711e540cf76c3b.png,33,114.9,433.6,Normal,27.16,26.0,24.0,40.0,0,0,0,9
C16-R7_jpg.rf.a6b07cbee1507bf039711e540cf76c3b.png,34,134.1,429.3,Normal,185.15,178.0,171.0,183.0,0,3,0,5
C16-R7_jpg.rf.a6b07cbee1507bf039711e540cf76c3b.png,35,194.4,436.8,Normal,121.2,145.0,133.0,148.0,4,9,1,8
C16-R7_jpg.rf.a6b07cbee1507bf039711e540cf76c3b.png,36,217.2,360.2,Normal,106.12,120.0,112.0,133.0,3,3,0,10
C16-R7_jpg.rf.a6b07cbee1507bf039711e540cf76c3b.png,37,284.4,372.2,Normal,157.49,150.0,144.0,154.0,0,0,0,2
C16-R7_jpg.rf.a6b07cbee1507bf039711e540cf76c3b.png,38,323.3,389.6,Normal,150.4,132.0,132.0,143.0,0,0,0,7
C16-R7_jpg.rf.a6b07cbee1507bf039711e540cf76c3b.png,39,437.6,411.6,Normal,195.48,189.0,184.0,196.0,0,2,0,7
C16-R7_jpg.rf.a6b07cbee1507bf039711e540cf76c3b.png,40,492.2,430.5,Normal,310.83,292.0,283.0,306.0,0,0,0,10
C16-R7_jpg.rf.a6b07cbee1507bf039711e540cf76c3b.png,41,89.9,450.5,Sem Hipocótilo,85.69,83.0,82.0,84.0,0,0,0,0
C16-R7_jpg.rf.a6b07cbee1507bf039711e540cf76c3b.png,42,167.4,451.9,Normal,120.4,117.0,104.0,120.0,0,4,0,2
C16-R7_jpg.rf.a6b07cbee1507bf039711e540cf76c3b.png,43,221.4,441.6,Normal,38.57,35.0,30.0,39.0,0,0,0,1
C16-R7_jpg.rf.a6b07cbee1507bf039711e540cf76c3b.png,44,267.4,462.7,Normal,108.82,102.0,91.0,113.0,0,0,0,6
C16-R7_jpg.rf.a6b07cbee1507bf039711e540cf76c3b.png,45,335.4,470.5,Normal,162.72,157.0,151.0,164.0,0,0,0,2
C16-R7_jpg.rf.a6b07cbee1507bf039711e540cf76c3b.png,46,369.7,455.0,Normal,119.97,131.0,136.0,147.0,0,23,13,23
C16-R7_jpg.rf.a6b07cbee1507bf039711e540cf76c3b.png,47,401.8,451.7,Normal,306.81,294.0,294.0,299.0,0,8,6,6
C16-R7_jpg.rf.a6b07cbee1507bf039711e540cf76c3b.png,48,455.0,441.4,Normal,151.21,143.0,139.0,147.0,0,0,0,4
C16-R7_jpg.rf.a6b07cbee1507bf039711e540cf76c3b.png,49,544.5,446.9,Normal,185.66,163.0,160.0,171.0,0,0,0,7
C16-R8_jpg.rf.0d671accba1b16b07f8d2f419881615a.png,1,92.8,167.4,Normal,120.21,112.0,109.0,119.0,0,0,0,3
C16-R8_jpg.rf.0d671accba1b16b07f8d2f419881615a.png,2,122.2,166.5,Normal,164.89,150.0,146.0,157.0,0,0,0,2
C16-R8_jpg.rf.0d671accba1b16b07f8d2f419881615a.png,3,185.9,187.6,Normal,141.86,132.0,128.0,137.0,0,0,0,4
C16-R8_jpg.rf.0d671accba1b16b07f8d2f419881615a.png,4,217.2,193.2,Normal,154.48,150.0,145.0,155.0,0,0,0,4
C16-R8_jpg.rf.0d671accba1b16b07f8d2f419881615a.png,5,257.6,197.2,Normal,132.39,126.0,121.0,132.0,0,8,4,7
C16-R8_jpg.rf.0d671accba1b16b07f8d2f419881615a.png,6,293.8,185.1,Sem Hipocótilo,64.62,62.0,61.0,63.0,0,0,0,1
C16-R8_jpg.rf.0d671accba1b16b07f8d2f419881615a.png,7,306.1,136.4,Sem Raiz,32.75,27.0,29.0,32.0,0,0,0,0
C16-R8_jpg.rf.0d671accba1b16b07f8d2f419881615a.png,8,345.2,196.4,Normal,153.97,140.0,137.0,144.0,0,0,0,0
C16-R8_jpg.rf.0d671accba1b16b07f8d2f419881615a.png,9,430.7,178.7,Normal,121.08,118.0,114.0,123.0,0,0,0,2
C16-R8_jpg.rf.0d671accba1b16b07f8d2f419881615a.png,10,496.4,195.7,Normal,131.2,119.0,115.0,123.0,0,0,0,2
C16-R8_jpg.rf.0d671accba1b16b07f8d2f419881615a.png,11,534.2,197.8,Normal,137.5,126.0,121.0,131.0,0,0,0,1
C16-R8_jpg.rf.0d671accba1b16b07f8d2f419881615a.png,12,559.6,179.0,Normal,120.0,115.0,112.0,120.0,0,0,0,2
C16-R8_jpg.rf.0d671accba1b16b07f8d2f419881615a.png,13,133.2,226.0,Normal,18.83,20.0,17.0,32.0,3,3,0,8
C16-R8_jpg.rf.0d671accba1b16b07f8d2f419881615a.png,14,166.6,204.4,Normal,153.94,147.0,145.0,154.0,0,0,0,4
C16-R8_jpg.rf.0d671accba1b16b07f8d2f419881615a.png,15,234.6,227.1,Sem Raiz,14.93,15.0,14.0,18.0,0,0,0,0
C16-R8_jpg.rf.0d671accba1b16b07f8d2f419881615a.png,16,242.7,273.7,Sem Hipocótilo,69.85,67.0,65.0,69.0,0,0,0,1
C16-R8_jpg.rf.0d671accba1b16b07f8d2f419881615a.png,17,388.2,229.2,Normal,152.76,140.0,138.0,148.0,0,0,0,7
C16-R8_jpg.rf.0d671accba1b16b07f8d2f419881615a.png,18,454.9,244.5,Normal,146.08,147.0,138.0,150.0,0,1,0,4
C16-R8_jpg.rf.0d671accba1b16b07f8d2f419881615a.png,19,70.8,295.5,Normal,113.29,109.0,104.0,115.0,1,1,0,2
C16-R8_jpg.rf.0d671accba1b16b07f8d2f419881615a.png,20,105.3,319.3,Normal,129.66,120.0,118.0,129.0,0,0,0,2
C16-R8_jpg.rf.0d671accba1b16b07f8d2f419881615a.png,21,136.4,312.2,Normal,98.79,105.0,102.0,110.0,5,10,3,11
C16-R8_jpg.rf.0d671accba1b16b07f8d2f419881615a.png,22,311.8,292.7,Normal,214.19,202.0,199.0,215.0,0,0,0,6
C16-R8_jpg.rf.0d671accba1b16b07f8d2f419881615a.png,23,484.9,303.0,Normal,123.41,113.0,112.0,119.0,0,0,0,1
C16-R8_jpg.rf.0d671accba1b16b07f8d2f419881615a.png,24,527.2,355.1,Normal,166.28,153.0,151.0,159.0,0,0,0,4
C16-R8_jpg.rf.0d671accba1b16b07f8d2f419881615a.png,25,563.4,338.7,Normal,168.22,161.0,156.0,166.0,0,0,0,1
C16-R8_jpg.rf.0d671accba1b16b07f8d2f419881615a.png,26,139.6,383.8,Normal,45.39,40.0,38.0,48.0,0,0,0,6
C16-R8_jpg.rf.0d671accba1b16b07f8d2f419881615a.png,27,162.7,379.3,Normal,127.42,123.0,119.0,128.0,0,0,0,0
C16-R8_jpg.rf.0d671accba1b16b07f8d2f419881615a.png,28,195.7,438.5,Sem Raiz,28.73,25.0,25.0,27.0,0,0,0,0
C16-R8_jpg.rf.0d671accba1b16b07f8d2f419881615a.png,29,221.8,361.3,Normal,26.95,28.0,27.0,33.0,0,0,0,0
C16-R8_jpg.rf.0d671accba1b16b07f8d2f419881615a.png,30,221.9,420.6,Sem Raiz,17.94,37.0,32.0,48.0,1,6,6,8
C16-R8_jpg.rf.0d671accba1b16b07f8d2f419881615a.png,31,237.8,363.6,Normal,132.08,124.0,119.0,132.0,0,0,0,4
C16-R8_jpg.rf.0d671accba1b16b07f8d2f419881615a.png,32,284.8,376.9,Sem Hipocótilo,117.37,111.0,110.0,112.0,0,0,0,0
C16-R8_jpg.rf.0d671accba1b16b07f8d2f419881615a.png,33,353.1,402.8,Normal,385.05,372.0,368.0,387.0,3,9,4,11
C16-R8_jpg.rf.0d671accba1b16b07f8d2f419881615a.png,34,415.3,370.9,Normal,406.3,384.0,378.0,400.0,0,0,0,6
C16-R8_jpg.rf.0d671accba1b16b07f8d2f419881615a.png,35,467.4,433.0,Normal,140.5,122.0,121.0,130.0,0,0,0,5
C16-R8_jpg.rf.0d671accba1b16b07f8d2f419881615a.png,36,553.0,439.6,Sem Raiz,16.1,15.0,7.0,16.0,0,0,0,0
C16-R8_jpg.rf.0d671accba1b16b07f8d2f419881615a.png,37,72.5,456.2,Normal,155.72,144.0,139.0,152.0,0,1,0,2
C16-R8_jpg.rf.0d671accba1b16b07f8d2f419881615a.png,38,89.4,477.5,Normal,106.94,102.0,100.0,104.0,0,0,0,0
C16-R8_jpg.rf.0d671accba1b16b07f8d2f419881615a.png,39,122.3,495.3,Normal,181.72,170.0,165.0,174.0,0,0,0,0
C16-R8_jpg.rf.0d671accba1b16b07f8d2f419881615a.png,40,167.2,462.7,Normal,119.84,111.0,111.0,120.0,0,0,0,5
C16-R8_jpg.rf.0d671accba1b16b07f8d2f419881615a.png,41,191.5,496.0,Sem Hipocótilo,70.94,69.0,67.0,70.0,0,0,0,0
C16-R8_jpg.rf.0d671accba1b16b07f8d2f419881615a.png,42,225.3,492.4,Sem Hipocótilo,103.14,95.0,92.0,97.0,0,0,0,2
C16-R8_jpg.rf.0d671accba1b16b07f8d2f419881615a.png,43,262.9,469.7,Normal,107.82,102.0,100.0,111.0,0,0,0,5
C16-R8_jpg.rf.0d671accba1b16b07f8d2f419881615a.png,44,307.9,459.7,Sem Raiz,21.76,19.0,19.0,25.0,0,0,0,2
C16-R8_jpg.rf.0d671accba1b16b07f8d2f419881615a.png,45,320.8,484.8,Normal,129.97,121.0,115.0,123.0,0,0,0,1
C16-R8_jpg.rf.0d671accba1b16b07f8d2f419881615a.png,46,380.0,447.7,Sem Raiz,12.59,17.0,9.0,20.0,2,4,0,1
C16-R8_jpg.rf.0d671accba1b16b07f8d2f419881615a.png,47,432.8,495.7,Normal,147.64,138.0,139.0,147.0,0,0,0,3
C16-R8_jpg.rf.0d671accba1b16b07f8d2f419881615a.png,48,461.3,516.9,Normal,104.35,107.0,104.0,116.0,0,9,5,17
C16-R8_jpg.rf.0d671accba1b16b07f8d2f419881615a.png,49,507.5,467.7,Normal,173.02,158.0,161.0,169.0,0,0,0,4
C16-R8_jpg.rf.0d671accba1b16b07f8d2f419881615a.png,50,543.7,494.4,Sem Hipocótilo,92.89,88.0,85.0,89.0,0,0,0,1
C16-R8_jpg.rf.0d671accba1b16b07f8d2f419881615a.png,51,284.5,528.8,Sem Hipocótilo,108.11,100.0,98.0,103.0,0,0,0,2
C16-R8_jpg.rf.0d671accba1b16b07f8d2f419881615a.png,52,386.7,532.6,Normal,130.2,129.0,127.0,134.0,0,0,0,2
C16-R9_jpg.rf.bc7622660f338db3e803ab36a9324af0.png,1,84.5,147.1,Normal,29.14,27.0,25.0,36.0,0,0,0,3
C16-R9_jpg.rf.bc7622660f338db3e803ab36a9324af0.png,2,143.5,172.4,Normal,109.85,102.0,99.0,108.0,0,0,0,1
C16-R9_jpg.rf.bc7622660f338db3e803ab36a9324af0.png,3,208.5,193.8,Sem Raiz,43.15,58.0,55.0,57.0,4,12,9,4
C16-R9_jpg.rf.bc7622660f338db3e803ab36a9324af0.png,4,249.2,153.7,Normal,41.52,40.0,35.0,44.0,0,0,0,1
C16-R9_jpg.rf.bc7622660f338db3e803ab36a9324af0.png,5,294.3,169.2,Sem Raiz,16.39,17.0,17.0,23.0,0,0,0,3
C16-R9_jpg.rf.bc7622660f338db3e803ab36a9324af0.png,6,317.9,182.3,Normal,95.89,96.0,93.0,109.0,0,6,3,15
C16-R9_jpg.rf.bc7622660f338db3e803ab36a9324af0.png,7,359.2,192.6,Normal,178.59,161.0,159.0,170.0,0,0,0,3
C16-R9_jpg.rf.bc7622660f338db3e803ab36a9324af0.png,8,378.5,136.1,Sem Raiz,29.06,26.0,25.0,31.0,0,0,0,1
C16-R9_jpg.rf.bc7622660f338db3e803ab36a9324af0.png,9,390.4,193.0,Sem Hipocótilo,83.72,81.0,79.0,82.0,0,0,0,0
C16-R9_jpg.rf.bc7622660f338db3e803ab36a9324af0.png,10,426.5,139.0,Sem Raiz,6.89,7.0,2.0,10.0,0,0,0,0
C16-R9_jpg.rf.bc7622660f338db3e803ab36a9324af0.png,11,439.4,179.1,Normal,120.66,118.0,111.0,120.0,0,1,0,2
C16-R9_jpg.rf.bc7622660f338db3e803ab36a9324af0.png,12,457.6,146.0,Sem Raiz,9.04,13.0,11.0,16.0,0,6,0,2
C16-R9_jpg.rf.bc7622660f338db3e803ab36a9324af0.png,13,541.3,158.2,Normal,38.35,37.0,32.0,39.0,0,0,0,0
C16-R9_jpg.rf.bc7622660f338db3e803ab36a9324af0.png,14,76.9,202.1,Sem Raiz,14.97,13.0,10.0,16.0,0,0,0,1
C16-R9_jpg.rf.bc7622660f338db3e803ab36a9324af0.png,15,153.0,268.6,Normal,125.01,121.0,115.0,126.0,0,1,0,2
C16-R9_jpg.rf.bc7622660f338db3e803ab36a9324af0.png,16,184.4,219.2,Normal,131.2,125.0,125.0,134.0,0,0,0,4
C16-R9_jpg.rf.bc7622660f338db3e803ab36a9324af0.png,17,211.5,253.8,Sem Hipocótilo,59.11,56.0,56.0,58.0,0,0,0,1
C16-R9_jpg.rf.bc7622660f338db3e803ab36a9324af0.png,18,270.4,202.7,Normal,157.21,150.0,144.0,157.0,0,0,0,5
C16-R9_jpg.rf.bc7622660f338db3e803ab36a9324af0.png,19,333.3,210.3,Normal,143.76,137.0,135.0,143.0,0,0,0,2
C16-R9_jpg.rf.bc7622660f338db3e803ab36a9324af0.png,20,417.9,208.5,Normal,115.77,111.0,107.0,116.0,0,0,0,4
C16-R9_jpg.rf.bc7622660f338db3e803ab36a9324af0.png,21,454.1,220.8,Sem Hipocótilo,118.85,114.0,113.0,114.0,0,0,0,0
C16-R9_jpg.rf.bc7622660f338db3e803ab36a9324af0.png,22,497.2,211.0,Normal,120.6,121.0,121.0,125.0,0,2,3,3
C16-R9_jpg.rf.bc7622660f338db3e803ab36a9324af0.png,23,545.9,204.4,Sem Raiz,43.3,39.0,37.0,45.0,0,0,0,6
C16-R9_jpg.rf.bc7622660f338db3e803ab36a9324af0.png,24,564.0,240.4,Sem Hipocótilo,33.7,29.0,29.0,31.0,0,0,0,0
C16-R9_jpg.rf.bc7622660f338db3e803ab36a9324af0.png,25,81.4,283.4,Normal,152.79,140.0,136.0,141.0,0,0,0,3
C16-R9_jpg.rf.bc7622660f338db3e803ab36a9324af0.png,26,110.0,329.3,Normal,169.82,157.0,148.0,163.0,0,0,0,3
C16-R9_jpg.rf.bc7622660f338db3e803ab36a9324af0.png,27,243.2,307.9,Normal,44.49,40.0,40.0,42.0,0,0,0,0
C16-R9_jpg.rf.bc7622660f338db3e803ab36a9324af0.png,28,274.0,346.2,Normal,155.01,142.0,139.0,147.0,0,0,0,1
C16-R9_jpg.rf.bc7622660f338db3e803ab36a9324af0.png,29,299.4,311.2,Normal,157.48,145.0,142.0,150.0,0,0,0,2
C16-R9_jpg.rf.bc7622660f338db3e803ab36a9324af0.png,30,390.4,322.6,Normal,172.95,172.0,168.0,180.0,3,8,4,8
C16-R9_jpg.rf.bc7622660f338db3e803ab36a9324af0.png,31,420.5,339.2,Normal,85.66,80.0,75.0,87.0,0,0,0,7
C16-R9_jpg.rf.bc7622660f338db3e803ab36a9324af0.png,32,473.0,355.6,Normal,125.66,114.0,112.0,120.0,0,0,0,3
C16-R9_jpg.rf.bc7622660f338db3e803ab36a9324af0.png,33,509.0,297.8,Normal,128.91,116.0,114.0,123.0,0,0,0,3
C16-R9_jpg.rf.bc7622660f338db3e803ab36a9324af0.png,34,539.1,329.4,Normal,122.91,116.0,115.0,125.0,0,0,0,5
C16-R9_jpg.rf.bc7622660f338db3e803ab36a9324af0.png,35,132.9,398.9,Normal,160.25,152.0,150.0,163.0,0,0,0,10
C16-R9_jpg.rf.bc7622660f338db3e803ab36a9324af0.png,36,157.7,419.0,Normal,159.74,146.0,140.0,154.0,0,0,0,10
C16-R9_jpg.rf.bc7622660f338db3e803ab36a9324af0.png,37,219.4,394.6,Normal,287.72,276.0,265.0,284.0,1,8,1,10
C16-R9_jpg.rf.bc7622660f338db3e803ab36a9324af0.png,38,331.6,423.8,Normal,149.92,141.0,137.0,148.0,0,0,0,5
C16-R9_jpg.rf.bc7622660f338db3e803ab36a9324af0.png,39,368.8,399.2,Normal,325.67,319.0,311.0,333.0,0,3,0,12
C16-R9_jpg.rf.bc7622660f338db3e803ab36a9324af0.png,40,428.8,421.7,Normal,159.48,150.0,143.0,156.0,0,0,0,1
C16-R9_jpg.rf.bc7622660f338db3e803ab36a9324af0.png,41,77.7,445.8,Normal,172.99,158.0,152.0,163.0,0,0,0,3
C16-R9_jpg.rf.bc7622660f338db3e803ab36a9324af0.png,42,116.8,494.3,Normal,145.91,141.0,132.0,148.0,0,4,0,2
C16-R9_jpg.rf.bc7622660f338db3e803ab36a9324af0.png,43,161.8,516.0,Sem Raiz,18.3,19.0,16.0,23.0,0,0,0,3
C16-R9_jpg.rf.bc7622660f338db3e803ab36a9324af0.png,44,181.0,470.2,Normal,151.81,146.0,141.0,149.0,0,0,0,3
C16-R9_jpg.rf.bc7622660f338db3e803ab36a9324af0.png,45,203.1,482.0,Normal,190.74,181.0,177.0,184.0,0,1,0,1
C16-R9_jpg.rf.bc7622660f338db3e803ab36a9324af0.png,46,245.3,475.3,Normal,144.02,136.0,133.0,138.0,0,0,0,1
C16-R9_jpg.rf.bc7622660f338db3e803ab36a9324af0.png,47,277.7,465.9,Normal,128.33,116.0,108.0,120.0,0,0,0,3
C16-R9_jpg.rf.bc7622660f338db3e803ab36a9324af0.png,48,310.7,473.0,Normal,111.93,109.0,106.0,119.0,3,3,0,7
C16-R9_jpg.rf.bc7622660f338db3e803ab36a9324af0.png,49,448.2,486.9,Normal,139.66,132.0,131.0,138.0,0,0,0,4
C16-R9_jpg.rf.bc7622660f338db3e803ab36a9324af0.png,50,509.7,451.9,Normal,160.55,156.0,149.0,162.0,3,3,0,5
C16-R9_jpg.rf.bc7622660f338db3e803ab36a9324af0.png,51,528.5,465.7,Normal,55.21,53.0,50.0,61.0,0,0,0,5
C16-R9_jpg.rf.bc7622660f338db3e803ab36a9324af0.png,52,563.3,457.1,Normal,188.09,197.0,193.0,205.0,4,19,10,14
C1R10_storage_emulated_0_Android_data_com-miui-gallery_cache_SecurityShare_1735921395213_jpg.rf.28a3b25535cca5943e9f9c3101950a04.png,1,582.2,118.1,Sem Hipocótilo,12.8,12.0,10.0,15.0,0,0,0,1
C1R10_storage_emulated_0_Android_data_com-miui-gallery_cache_SecurityShare_1735921395213_jpg.rf.28a3b25535cca5943e9f9c3101950a04.png,2,96.6,173.4,Normal,23.2,20.0,15.0,24.0,0,0,0,3
C1R10_storage_emulated_0_Android_data_com-miui-gallery_cache_SecurityShare_1735921395213_jpg.rf.28a3b25535cca5943e9f9c3101950a04.png,3,150.7,182.7,Normal,40.5,46.0,33.0,50.0,5,9,0,7
C1R10_storage_emulated_0_Android_data_com-miui-gallery_cache_SecurityShare_1735921395213_jpg.rf.28a3b25535cca5943e9f9c3101950a04.png,4,369.2,124.2,Sem Raiz,15.23,16.0,14.0,20.0,0,0,0,0
C1R10_storage_emulated_0_Android_data_com-miui-gallery_cache_SecurityShare_1735921395213_jpg.rf.28a3b25535cca5943e9f9c3101950a04.png,5,432.2,195.7,Normal,75.42,75.0,72.0,83.0,0,0,0,5
C1R10_storage_emulated_0_Android_data_com-miui-gallery_cache_SecurityShare_1735921395213_jpg.rf.28a3b25535cca5943e9f9c3101950a04.png,6,478.4,155.2,Normal,39.55,40.0,29.0,41.0,0,4,0,3
C1R10_storage_emulated_0_Android_data_com-miui-gallery_cache_SecurityShare_1735921395213_jpg.rf.28a3b25535cca5943e9f9c3101950a04.png,7,538.6,172.4,Normal,31.46,46.0,41.0,50.0,2,2,0,1
C1R10_storage_emulated_0_Android_data_com-miui-gallery_cache_SecurityShare_1735921395213_jpg.rf.28a3b25535cca5943e9f9c3101950a04.png,8,104.2,212.2,Sem Hipocótilo,43.31,42.0,42.0,43.0,0,0,0,0
C1R10_storage_emulated_0_Android_data_com-miui-gallery_cache_SecurityShare_1735921395213_jpg.rf.28a3b25535cca5943e9f9c3101950a04.png,9,138.1,251.0,Normal,60.47,54.0,44.0,61.0,3,3,0,2
C1R10_storage_emulated_0_Android_data_com-miui-gallery_cache_SecurityShare_1735921395213_jpg.rf.28a3b25535cca5943e9f9c3101950a04.png,10,200.8,200.7,Sem Hipocótilo,33.83,35.0,30.0,37.0,0,3,0,3
C1R10_storage_emulated_0_Android_data_com-miui-gallery_cache_SecurityShare_1735921395213_jpg.rf.28a3b25535cca5943e9f9c3101950a04.png,11,201.9,249.3,Sem Raiz,21.32,27.0,23.0,26.0,0,0,0,0
C1R10_storage_emulated_0_Android_data_com-miui-gallery_cache_SecurityShare_1735921395213_jpg.rf.28a3b25535cca5943e9f9c3101950a04.png,12,268.3,237.0,Normal,27.46,26.0,24.0,36.0,0,0,0,9
C1R10_storage_emulated_0_Android_data_com-miui-gallery_cache_SecurityShare_1735921395213_jpg.rf.28a3b25535cca5943e9f9c3101950a04.png,13,317.2,250.9,Sem Raiz,28.27,27.0,21.0,31.0,0,0,0,2
C1R10_storage_emulated_0_Android_data_com-miui-gallery_cache_SecurityShare_1735921395213_jpg.rf.28a3b25535cca5943e9f9c3101950a04.png,14,326.8,203.4,Normal,41.59,42.0,40.0,48.0,0,0,0,2
C1R10_storage_emulated_0_Android_data_com-miui-gallery_cache_SecurityShare_1735921395213_jpg.rf.28a3b25535cca5943e9f9c3101950a04.png,15,572.6,242.5,Sem Hipocótilo,15.44,16.0,15.0,22.0,0,0,0,1
C1R10_storage_emulated_0_Android_data_com-miui-gallery_cache_SecurityShare_1735921395213_jpg.rf.28a3b25535cca5943e9f9c3101950a04.png,16,106.5,298.7,Normal,68.02,62.0,59.0,70.0,0,0,0,4
C1R10_storage_emulated_0_Android_data_com-miui-gallery_cache_SecurityShare_1735921395213_jpg.rf.28a3b25535cca5943e9f9c3101950a04.png,17,128.7,304.5,Sem Hipocótilo,14.89,14.0,10.0,14.0,0,0,0,0
C1R10_storage_emulated_0_Android_data_com-miui-gallery_cache_SecurityShare_1735921395213_jpg.rf.28a3b25535cca5943e9f9c3101950a04.png,18,161.2,308.3,Normal,73.34,69.0,65.0,76.0,0,0,0,2
C1R10_storage_emulated_0_Android_data_com-miui-gallery_cache_SecurityShare_1735921395213_jpg.rf.28a3b25535cca5943e9f9c3101950a04.png,19,271.7,322.7,Normal,49.77,49.0,43.0,58.0,0,0,0,7
C1R10_storage_emulated_0_Android_data_com-miui-gallery_cache_SecurityShare_1735921395213_jpg.rf.28a3b25535cca5943e9f9c3101950a04.png,20,368.4,323.9,Normal,69.85,67.0,62.0,72.0,0,0,0,2
C1R10_storage_emulated_0_Android_data_com-miui-gallery_cache_SecurityShare_1735921395213_jpg.rf.28a3b25535cca5943e9f9c3101950a04.png,21,421.3,353.8,Sem Hipocótilo,19.43,20.0,17.0,24.0,0,0,0,3
C1R10_storage_emulated_0_Android_data_com-miui-gallery_cache_SecurityShare_1735921395213_jpg.rf.28a3b25535cca5943e9f9c3101950a04.png,22,422.4,283.0,Normal,70.04,65.0,61.0,69.0,0,0,0,2
C1R10_storage_emulated_0_Android_data_com-miui-gallery_cache_SecurityShare_1735921395213_jpg.rf.28a3b25535cca5943e9f9c3101950a04.png,23,595.8,326.6,Normal,70.26,68.0,65.0,75.0,0,0,0,4
C1R10_storage_emulated_0_Android_data_com-miui-gallery_cache_SecurityShare_1735921395213_jpg.rf.28a3b25535cca5943e9f9c3101950a04.png,24,170.2,403.5,Normal,53.65,52.0,49.0,58.0,0,0,0,4
C1R10_storage_emulated_0_Android_data_com-miui-gallery_cache_SecurityShare_1735921395213_jpg.rf.28a3b25535cca5943e9f9c3101950a04.png,25,220.5,363.4,Normal,84.79,79.0,75.0,87.0,0,0,0,6
C1R10_storage_emulated_0_Android_data_com-miui-gallery_cache_SecurityShare_1735921395213_jpg.rf.28a3b25535cca5943e9f9c3101950a04.png,26,265.6,388.2,Normal,68.69,59.0,54.0,64.0,0,0,0,1
C1R10_storage_emulated_0_Android_data_com-miui-gallery_cache_SecurityShare_1735921395213_jpg.rf.28a3b25535cca5943e9f9c3101950a04.png,27,328.4,369.8,Normal,62.18,54.0,47.0,57.0,0,0,0,1
C1R10_storage_emulated_0_Android_data_com-miui-gallery_cache_SecurityShare_1735921395213_jpg.rf.28a3b25535cca5943e9f9c3101950a04.png,28,369.5,393.7,Normal,37.69,35.0,34.0,40.0,0,0,0,0
C1R10_storage_emulated_0_Android_data_com-miui-gallery_cache_SecurityShare_1735921395213_jpg.rf.28a3b25535cca5943e9f9c3101950a04.png,29,424.7,409.7,Normal,43.14,40.0,34.0,44.0,0,0,0,1
C1R10_storage_emulated_0_Android_data_com-miui-gallery_cache_SecurityShare_1735921395213_jpg.rf.28a3b25535cca5943e9f9c3101950a04.png,30,480.1,398.9,Normal,42.94,36.0,34.0,47.0,0,0,0,5
C1R10_storage_emulated_0_Android_data_com-miui-gallery_cache_SecurityShare_1735921395213_jpg.rf.28a3b25535cca5943e9f9c3101950a04.png,31,539.3,414.1,Normal,37.27,38.0,38.0,47.0,0,0,0,9
C1R10_storage_emulated_0_Android_data_com-miui-gallery_cache_SecurityShare_1735921395213_jpg.rf.28a3b25535cca5943e9f9c3101950a04.png,32,588.8,388.0,Sem Raiz,17.87,20.0,17.0,24.0,0,0,0,0
C1R10_storage_emulated_0_Android_data_com-miui-gallery_cache_SecurityShare_1735921395213_jpg.rf.28a3b25535cca5943e9f9c3101950a04.png,33,104.8,444.5,Normal,54.63,49.0,44.0,52.0,0,0,0,3
C1R10_storage_emulated_0_Android_data_com-miui-gallery_cache_SecurityShare_1735921395213_jpg.rf.28a3b25535cca5943e9f9c3101950a04.png,34,160.3,486.1,Normal,66.73,57.0,43.0,60.0,0,0,0,3
C1R10_storage_emulated_0_Android_data_com-miui-gallery_cache_SecurityShare_1735921395213_jpg.rf.28a3b25535cca5943e9f9c3101950a04.png,35,206.2,444.9,Normal,24.83,25.0,20.0,32.0,0,0,0,4
C1R10_storage_emulated_0_Android_data_com-miui-gallery_cache_SecurityShare_1735921395213_jpg.rf.28a3b25535cca5943e9f9c3101950a04.png,36,272.7,451.2,Normal,54.78,52.0,48.0,58.0,1,1,0,3
C1R10_storage_emulated_0_Android_data_com-miui-gallery_cache_SecurityShare_1735921395213_jpg.rf.28a3b25535cca5943e9f9c3101950a04.png,37,327.5,507.8,Normal,73.14,68.0,65.0,70.0,0,0,0,1
C1R10_storage_emulated_0_Android_data_com-miui-gallery_cache_SecurityShare_1735921395213_jpg.rf.28a3b25535cca5943e9f9c3101950a04.png,38,373.8,464.1,Normal,52.84,48.0,46.0,49.0,0,0,0,0
C1R10_storage_emulated_0_Android_data_com-miui-gallery_cache_SecurityShare_1735921395213_jpg.rf.28a3b25535cca5943e9f9c3101950a04.png,39,477.8,466.2,Sem Hipocótilo,19.9,20.0,20.0,20.0,0,0,0,0
C1R10_storage_emulated_0_Android_data_com-miui-gallery_cache_SecurityShare_1735921395213_jpg.rf.28a3b25535cca5943e9f9c3101950a04.png,40,527.3,515.4,Normal,28.08,27.0,19.0,36.0,0,0,0,6
C1R10_storage_emulated_0_Android_data_com-miui-gallery_cache_SecurityShare_1735921395213_jpg.rf.28a3b25535cca5943e9f9c3101950a04.png,41,604.1,464.4,Normal,29.94,28.0,25.0,33.0,0,0,0,2
C1R10_storage_emulated_0_Android_data_com-miui-gallery_cache_SecurityShare_1735921395213_jpg.rf.28a3b25535cca5943e9f9c3101950a04.png,42,100.1,524.5,Sem Raiz,21.96,24.0,22.0,28.0,0,0,0,3
C1R1_1735921395435_jpg.rf.4186a4ba95ee4b325125748531d641e3.png,1,531.6,119.7,Sem Hipocótilo,15.79,15.0,9.0,18.0,0,0,0,1
C1R1_1735921395435_jpg.rf.4186a4ba95ee4b325125748531d641e3.png,2,144.2,134.7,Normal,26.01,33.0,20.0,38.0,4,4,0,5
C1R1_1735921395435_jpg.rf.4186a4ba95ee4b325125748531d641e3.png,3,195.3,128.0,Sem Hipocótilo,11.9,12.0,11.0,15.0,0,0,0,4
C1R1_1735921395435_jpg.rf.4186a4ba95ee4b325125748531d641e3.png,4,266.6,170.5,Normal,54.58,53.0,48.0,55.0,0,0,0,0
C1R1_1735921395435_jpg.rf.4186a4ba95ee4b325125748531d641e3.png,5,315.3,174.5,Normal,32.62,30.0,23.0,34.0,1,1,0,2
C1R1_1735921395435_jpg.rf.4186a4ba95ee4b325125748531d641e3.png,6,359.0,154.3,Sem Hipocótilo,31.94,29.0,30.0,30.0,0,0,0,0
C1R1_1735921395435_jpg.rf.4186a4ba95ee4b325125748531d641e3.png,7,428.9,182.9,Sem Hipocótilo,36.18,34.0,33.0,35.0,0,0,0,0
C1R1_1735921395435_jpg.rf.4186a4ba95ee4b325125748531d641e3.png,8,90.3,218.1,Normal,81.08,79.0,69.0,82.0,0,1,0,4
C1R1_1735921395435_jpg.rf.4186a4ba95ee4b325125748531d641e3.png,9,203.7,212.4,Normal,76.91,72.0,66.0,76.0,0,0,0,1
C1R1_1735921395435_jpg.rf.4186a4ba95ee4b325125748531d641e3.png,10,261.1,248.5,Normal,53.04,57.0,49.0,59.0,0,7,0,3
C1R1_1735921395435_jpg.rf.4186a4ba95ee4b325125748531d641e3.png,11,292.4,267.2,Normal,55.69,53.0,54.0,54.0,0,0,0,0
C1R1_1735921395435_jpg.rf.4186a4ba95ee4b325125748531d641e3.png,12,354.7,241.4,Normal,87.47,78.0,75.0,82.0,0,0,0,3
C1R1_1735921395435_jpg.rf.4186a4ba95ee4b325125748531d641e3.png,13,424.4,251.1,Normal,26.37,23.0,20.0,34.0,0,0,0,3
C1R1_1735921395435_jpg.rf.4186a4ba95ee4b325125748531d641e3.png,14,460.2,236.5,Normal,69.67,68.0,67.0,75.0,0,0,0,2
C1R1_1735921395435_jpg.rf.4186a4ba95ee4b325125748531d641e3.png,15,575.5,278.9,Sem Raiz,11.89,13.0,11.0,18.0,0,0,0,1
C1R1_1735921395435_jpg.rf.4186a4ba95ee4b325125748531d641e3.png,16,98.0,290.7,Sem Raiz,21.72,20.0,17.0,25.0,0,0,0,3
C1R1_1735921395435_jpg.rf.4186a4ba95ee4b325125748531d641e3.png,17,151.2,286.8,Normal,109.62,100.0,86.0,108.0,0,0,0,2
C1R1_1735921395435_jpg.rf.4186a4ba95ee4b325125748531d641e3.png,18,202.7,311.7,Normal,46.96,45.0,39.0,51.0,0,0,0,4
C1R1_1735921395435_jpg.rf.4186a4ba95ee4b325125748531d641e3.png,19,262.5,336.5,Normal,59.69,55.0,45.0,59.0,2,4,0,4
C1R1_1735921395435_jpg.rf.4186a4ba95ee4b325125748531d641e3.png,20,416.0,344.1,Normal,84.27,77.0,75.0,83.0,0,0,0,3
C1R1_1735921395435_jpg.rf.4186a4ba95ee4b325125748531d641e3.png,21,476.5,312.6,Normal,72.87,70.0,66.0,76.0,0,0,0,2
C1R1_1735921395435_jpg.rf.4186a4ba95ee4b325125748531d641e3.png,22,519.4,357.3,Normal,85.99,82.0,81.0,90.0,0,0,0,2
C1R1_1735921395435_jpg.rf.4186a4ba95ee4b325125748531d641e3.png,23,66.5,401.9,Normal,68.99,63.0,54.0,67.0,0,0,0,1
C1R1_1735921395435_jpg.rf.4186a4ba95ee4b325125748531d641e3.png,24,103.4,433.2,Normal,24.49,24.0,21.0,29.0,0,0,0,1
C1R1_1735921395435_jpg.rf.4186a4ba95ee4b325125748531d641e3.png,25,145.3,389.4,Sem Hipocótilo,25.9,25.0,24.0,26.0,0,0,0,0
C1R1_1735921395435_jpg.rf.4186a4ba95ee4b325125748531d641e3.png,26,182.5,376.8,Sem Hipocótilo,28.65,27.0,27.0,29.0,0,0,0,1
C1R1_1735921395435_jpg.rf.4186a4ba95ee4b325125748531d641e3.png,27,245.3,390.0,Normal,52.22,48.0,39.0,50.0,0,0,0,0
C1R1_1735921395435_jpg.rf.4186a4ba95ee4b325125748531d641e3.png,28,316.8,367.5,Normal,77.44,79.0,74.0,85.0,0,1,0,4
C1R1_1735921395435_jpg.rf.4186a4ba95ee4b325125748531d641e3.png,29,362.7,397.9,Normal,66.91,61.0,56.0,66.0,0,0,0,1
C1R1_1735921395435_jpg.rf.4186a4ba95ee4b325125748531d641e3.png,30,404.6,419.4,Normal,37.02,34.0,32.0,45.0,0,0,0,6
C1R1_1735921395435_jpg.rf.4186a4ba95ee4b325125748531d641e3.png,31,468.6,390.7,Normal,83.99,74.0,70.0,86.0,0,0,0,5
C1R1_1735921395435_jpg.rf.4186a4ba95ee4b325125748531d641e3.png,32,572.1,378.3,Normal,42.82,41.0,41.0,47.0,0,0,0,2
C1R1_1735921395435_jpg.rf.4186a4ba95ee4b325125748531d641e3.png,33,196.0,513.3,Sem Raiz,30.71,29.0,24.0,33.0,0,0,0,1
C1R1_1735921395435_jpg.rf.4186a4ba95ee4b325125748531d641e3.png,34,199.1,455.0,Normal,48.53,46.0,45.0,53.0,0,0,0,2
C1R1_1735921395435_jpg.rf.4186a4ba95ee4b325125748531d641e3.png,35,266.5,478.7,Normal,60.47,60.0,56.0,66.0,0,0,0,6
C1R1_1735921395435_jpg.rf.4186a4ba95ee4b325125748531d641e3.png,36,315.2,444.8,Normal,47.18,44.0,41.0,50.0,0,0,0,6
C1R1_1735921395435_jpg.rf.4186a4ba95ee4b325125748531d641e3.png,37,347.4,476.8,Normal,58.79,56.0,51.0,64.0,0,0,0,2
C1R1_1735921395435_jpg.rf.4186a4ba95ee4b325125748531d641e3.png,38,416.0,502.2,Normal,57.02,59.0,53.0,70.0,3,3,0,5
C1R1_1735921395435_jpg.rf.4186a4ba95ee4b325125748531d641e3.png,39,469.6,485.8,Normal,35.05,33.0,27.0,39.0,0,0,0,2
C1R1_1735921395435_jpg.rf.4186a4ba95ee4b325125748531d641e3.png,40,514.0,445.2,Normal,58.9,53.0,49.0,61.0,0,0,0,1
C1R1_1735921395435_jpg.rf.4186a4ba95ee4b325125748531d641e3.png,41,577.4,480.3,Sem Hipocótilo,23.73,22.0,21.0,23.0,0,0,0,0
C1R1_1735921395435_jpg.rf.4186a4ba95ee4b325125748531d641e3.png,42,100.7,524.8,Normal,61.88,54.0,49.0,59.0,0,0,0,2
C1R1_1735921395435_jpg.rf.4186a4ba95ee4b325125748531d641e3.png,43,307.5,530.5,Normal,71.27,65.0,65.0,74.0,0,0,0,4
C1R1_1735921395435_jpg.rf.4186a4ba95ee4b325125748531d641e3.png,44,532.6,538.9,Normal,73.99,73.0,65.0,80.0,3,3,0,3
C1R2_1735921395410_jpg.rf.56ccbb260d474e24c1a5fb9ea350c8f4.png,1,150.5,144.8,Sem Raiz,24.95,23.0,22.0,24.0,0,0,0,0
C1R2_1735921395410_jpg.rf.56ccbb260d474e24c1a5fb9ea350c8f4.png,2,160.2,174.3,Sem Hipocótilo,29.63,25.0,24.0,28.0,0,0,0,2
C1R2_1735921395410_jpg.rf.56ccbb260d474e24c1a5fb9ea350c8f4.png,3,195.2,184.5,Normal,52.56,49.0,42.0,53.0,0,0,0,0
C1R2_1735921395410_jpg.rf.56ccbb260d474e24c1a5fb9ea350c8f4.png,4,246.8,198.9,Normal,63.66,61.0,56.0,71.0,0,0,0,5
C1R2_1735921395410_jpg.rf.56ccbb260d474e24c1a5fb9ea350c8f4.png,5,288.6,178.0,Normal,20.29,19.0,14.0,24.0,0,0,0,1
C1R2_1735921395410_jpg.rf.56ccbb260d474e24c1a5fb9ea350c8f4.png,6,387.8,178.4,Normal,48.78,46.0,41.0,49.0,0,0,0,1
C1R2_1735921395410_jpg.rf.56ccbb260d474e24c1a5fb9ea350c8f4.png,7,538.4,189.0,Sem Hipocótilo,19.02,16.0,15.0,19.0,0,0,0,0
C1R2_1735921395410_jpg.rf.56ccbb260d474e24c1a5fb9ea350c8f4.png,8,141.8,256.5,Normal,63.07,60.0,57.0,66.0,0,0,0,6
C1R2_1735921395410_jpg.rf.56ccbb260d474e24c1a5fb9ea350c8f4.png,9,160.9,235.8,Normal,86.45,81.0,77.0,85.0,0,0,0,1
C1R2_1735921395410_jpg.rf.56ccbb260d474e24c1a5fb9ea350c8f4.png,10,199.9,248.2,Normal,32.26,32.0,30.0,40.0,0,3,0,4
C1R2_1735921395410_jpg.rf.56ccbb260d474e24c1a5fb9ea350c8f4.png,11,288.3,244.3,Normal,49.43,47.0,44.0,54.0,0,0,0,4
C1R2_1735921395410_jpg.rf.56ccbb260d474e24c1a5fb9ea350c8f4.png,12,346.2,228.9,Normal,45.47,45.0,41.0,52.0,0,3,1,5
C1R2_1735921395410_jpg.rf.56ccbb260d474e24c1a5fb9ea350c8f4.png,13,394.7,250.3,Sem Hipocótilo,13.9,13.0,12.0,21.0,0,0,0,4
C1R2_1735921395410_jpg.rf.56ccbb260d474e24c1a5fb9ea350c8f4.png,14,442.9,208.4,Normal,44.5,41.0,40.0,44.0,0,0,0,0
C1R2_1735921395410_jpg.rf.56ccbb260d474e24c1a5fb9ea350c8f4.png,15,489.5,242.5,Normal,72.32,66.0,61.0,73.0,0,0,0,4
C1R2_1735921395410_jpg.rf.56ccbb260d474e24c1a5fb9ea350c8f4.png,16,539.4,260.5,Normal,27.93,25.0,22.0,31.0,0,0,0,2
C1R2_1735921395410_jpg.rf.56ccbb260d474e24c1a5fb9ea350c8f4.png,17,584.3,270.0,Normal,79.22,72.0,64.0,75.0,0,0,0,0
C1R2_1735921395410_jpg.rf.56ccbb260d474e24c1a5fb9ea350c8f4.png,18,135.4,324.1,Normal,42.63,41.0,37.0,46.0,0,0,0,2
C1R2_1735921395410_jpg.rf.56ccbb260d474e24c1a5fb9ea350c8f4.png,19,179.6,305.7,Sem Raiz,11.46,19.0,18.0,22.0,0,0,0,1
C1R2_1735921395410_jpg.rf.56ccbb260d474e24c1a5fb9ea350c8f4.png,20,239.6,338.2,Normal,73.95,70.0,63.0,76.0,0,0,0,6
C1R2_1735921395410_jpg.rf.56ccbb260d474e24c1a5fb9ea350c8f4.png,21,286.2,323.6,Normal,99.56,89.0,85.0,92.0,0,0,0,1
C1R2_1735921395410_jpg.rf.56ccbb260d474e24c1a5fb9ea350c8f4.png,22,338.5,312.9,Normal,36.93,32.0,31.0,37.0,0,0,0,0
C1R2_1735921395410_jpg.rf.56ccbb260d474e24c1a5fb9ea350c8f4.png,23,397.8,310.7,Normal,60.48,56.0,54.0,61.0,0,0,0,1
C1R2_1735921395410_jpg.rf.56ccbb260d474e24c1a5fb9ea350c8f4.png,24,483.4,340.3,Normal,66.28,64.0,59.0,67.0,0,1,0,1
C1R2_1735921395410_jpg.rf.56ccbb260d474e24c1a5fb9ea350c8f4.png,25,542.2,348.1,Normal,63.18,64.0,53.0,71.0,0,3,0,2
C1R2_1735921395410_jpg.rf.56ccbb260d474e24c1a5fb9ea350c8f4.png,26,137.3,435.1,Normal,77.66,72.0,69.0,77.0,0,0,0,1
C1R2_1735921395410_jpg.rf.56ccbb260d474e24c1a5fb9ea350c8f4.png,27,159.3,365.2,Normal,32.45,28.0,24.0,36.0,0,0,0,3
C1R2_1735921395410_jpg.rf.56ccbb260d474e24c1a5fb9ea350c8f4.png,28,197.2,374.8,Normal,59.93,56.0,51.0,59.0,0,0,0,0
C1R2_1735921395410_jpg.rf.56ccbb260d474e24c1a5fb9ea350c8f4.png,29,235.8,418.8,Normal,20.41,19.0,13.0,26.0,0,0,0,3
C1R2_1735921395410_jpg.rf.56ccbb260d474e24c1a5fb9ea350c8f4.png,30,277.9,405.4,Sem Raiz,15.78,16.0,13.0,20.0,0,0,0,0
C1R2_1735921395410_jpg.rf.56ccbb260d474e24c1a5fb9ea350c8f4.png,31,385.3,410.3,Normal,67.15,69.0,65.0,74.0,0,0,0,0
C1R2_1735921395410_jpg.rf.56ccbb260d474e24c1a5fb9ea350c8f4.png,32,425.4,373.9,Normal,64.8,64.0,62.0,77.0,0,0,0,3
C1R2_1735921395410_jpg.rf.56ccbb260d474e24c1a5fb9ea350c8f4.png,33,442.7,431.0,Normal,27.98,28.0,22.0,32.0,0,0,0,2
C1R2_1735921395410_jpg.rf.56ccbb260d474e24c1a5fb9ea350c8f4.png,34,580.3,403.3,Normal,66.8,62.0,57.0,73.0,0,0,0,4
C1R2_1735921395410_jpg.rf.56ccbb260d474e24c1a5fb9ea350c8f4.png,35,157.4,520.0,Normal,25.63,24.0,21.0,28.0,0,0,0,2
C1R2_1735921395410_jpg.rf.56ccbb260d474e24c1a5fb9ea350c8f4.png,36,194.2,474.0,Normal,79.8,74.0,73.0,76.0,0,0,0,0
C1R2_1735921395410_jpg.rf.56ccbb260d474e24c1a5fb9ea350c8f4.png,37,279.0,461.6,Sem Hipocótilo,32.43,32.0,31.0,32.0,0,0,0,0
C1R2_1735921395410_jpg.rf.56ccbb260d474e24c1a5fb9ea350c8f4.png,38,333.0,446.6,Normal,82.26,70.0,68.0,75.0,0,0,0,6
C1R2_1735921395410_jpg.rf.56ccbb260d474e24c1a5fb9ea350c8f4.png,39,436.2,516.7,Normal,37.71,32.0,32.0,38.0,0,0,0,3
C1R2_1735921395410_jpg.rf.56ccbb260d474e24c1a5fb9ea350c8f4.png,40,470.7,464.6,Normal,60.16,57.0,54.0,62.0,0,0,0,0
C1R2_1735921395410_jpg.rf.56ccbb260d474e24c1a5fb9ea350c8f4.png,41,543.9,467.9,Normal,50.42,50.0,45.0,60.0,0,4,0,3
C1R2_1735921395410_jpg.rf.56ccbb260d474e24c1a5fb9ea350c8f4.png,42,585.5,513.5,Normal,43.9,44.0,37.0,50.0,0,0,0,6
C1R2_1735921395410_jpg.rf.56ccbb260d474e24c1a5fb9ea350c8f4.png,43,344.7,528.1,Sem Hipocótilo,14.89,18.0,17.0,19.0,0,4,0,3
C1R2_1735921395410_jpg.rf.56ccbb260d474e24c1a5fb9ea350c8f4.png,44,538.0,524.0,Sem Hipocótilo,21.5,20.0,18.0,22.0,0,0,0,0
C1R3_1735921395389_jpg.rf.c126dbe064be6435bfa6695bb6bc2314.png,1,169.8,156.1,Normal,52.44,45.0,43.0,49.0,0,0,0,1
C1R3_1735921395389_jpg.rf.c126dbe064be6435bfa6695bb6bc2314.png,2,212.6,177.7,Normal,66.47,63.0,58.0,72.0,0,0,0,7
C1R3_1735921395389_jpg.rf.c126dbe064be6435bfa6695bb6bc2314.png,3,295.5,167.3,Sem Hipocótilo,11.14,17.0,15.0,26.0,3,6,2,6
C1R3_1735921395389_jpg.rf.c126dbe064be6435bfa6695bb6bc2314.png,4,374.9,143.3,Sem Raiz,20.97,20.0,18.0,26.0,0,0,0,3
C1R3_1735921395389_jpg.rf.c126dbe064be6435bfa6695bb6bc2314.png,5,450.1,199.2,Sem Hipocótilo,18.04,17.0,13.0,18.0,0,0,0,0
C1R3_1735921395389_jpg.rf.c126dbe064be6435bfa6695bb6bc2314.png,6,541.8,190.4,Sem Hipocótilo,17.44,16.0,14.0,17.0,0,0,0,0
C1R3_1735921395389_jpg.rf.c126dbe064be6435bfa6695bb6bc2314.png,7,580.1,190.3,Normal,67.19,66.0,65.0,71.0,0,0,0,0
C1R3_1735921395389_jpg.rf.c126dbe064be6435bfa6695bb6bc2314.png,8,237.9,265.4,Sem Hipocótilo,39.24,36.0,35.0,38.0,0,0,0,1
C1R3_1735921395389_jpg.rf.c126dbe064be6435bfa6695bb6bc2314.png,9,283.7,245.8,Normal,74.21,66.0,59.0,69.0,0,0,0,1
C1R3_1735921395389_jpg.rf.c126dbe064be6435bfa6695bb6bc2314.png,10,333.6,205.2,Sem Raiz,7.4,7.0,5.0,10.0,0,0,0,0
C1R3_1735921395389_jpg.rf.c126dbe064be6435bfa6695bb6bc2314.png,11,481.0,247.5,Normal,29.91,26.0,21.0,32.0,0,0,0,4
C1R3_1735921395389_jpg.rf.c126dbe064be6435bfa6695bb6bc2314.png,12,589.3,271.6,Sem Hipocótilo,29.91,36.0,31.0,41.0,0,1,0,1
C1R3_1735921395389_jpg.rf.c126dbe064be6435bfa6695bb6bc2314.png,13,135.0,287.2,Normal,42.63,40.0,37.0,47.0,0,0,0,2
C1R3_1735921395389_jpg.rf.c126dbe064be6435bfa6695bb6bc2314.png,14,136.0,342.0,Normal,50.56,45.0,42.0,50.0,0,0,0,1
C1R3_1735921395389_jpg.rf.c126dbe064be6435bfa6695bb6bc2314.png,15,174.3,338.5,Normal,49.07,46.0,42.0,51.0,0,0,0,6
C1R3_1735921395389_jpg.rf.c126dbe064be6435bfa6695bb6bc2314.png,16,224.2,350.4,Sem Raiz,17.04,16.0,13.0,17.0,0,0,0,0
C1R3_1735921395389_jpg.rf.c126dbe064be6435bfa6695bb6bc2314.png,17,274.5,318.9,Normal,31.26,32.0,30.0,35.0,0,0,0,4
C1R3_1735921395389_jpg.rf.c126dbe064be6435bfa6695bb6bc2314.png,18,332.4,289.5,Normal,39.95,37.0,32.0,41.0,0,0,0,1
C1R3_1735921395389_jpg.rf.c126dbe064be6435bfa6695bb6bc2314.png,19,435.0,286.2,Normal,78.77,70.0,66.0,75.0,0,0,0,3
C1R3_1735921395389_jpg.rf.c126dbe064be6435bfa6695bb6bc2314.png,20,482.2,311.8,Normal,38.68,40.0,33.0,43.0,0,3,0,4
C1R3_1735921395389_jpg.rf.c126dbe064be6435bfa6695bb6bc2314.png,21,544.2,293.5,Normal,56.87,53.0,48.0,57.0,0,0,0,0
C1R3_1735921395389_jpg.rf.c126dbe064be6435bfa6695bb6bc2314.png,22,141.9,435.1,Normal,47.61,45.0,38.0,48.0,1,1,0,1
C1R3_1735921395389_jpg.rf.c126dbe064be6435bfa6695bb6bc2314.png,23,207.5,429.4,Normal,54.0,50.0,44.0,54.0,0,0,0,3
C1R3_1735921395389_jpg.rf.c126dbe064be6435bfa6695bb6bc2314.png,24,255.5,397.8,Normal,23.43,22.0,21.0,32.0,0,0,0,8
C1R3_1735921395389_jpg.rf.c126dbe064be6435bfa6695bb6bc2314.png,25,380.7,382.0,Normal,54.28,53.0,49.0,57.0,0,0,0,1
C1R3_1735921395389_jpg.rf.c126dbe064be6435bfa6695bb6bc2314.png,26,438.9,415.9,Normal,27.98,27.0,20.0,29.0,0,0,0,0
C1R3_1735921395389_jpg.rf.c126dbe064be6435bfa6695bb6bc2314.png,27,479.1,411.9,Normal,65.57,62.0,58.0,65.0,0,0,0,3
C1R3_1735921395389_jpg.rf.c126dbe064be6435bfa6695bb6bc2314.png,28,511.8,366.6,Sem Hipocótilo,61.97,62.0,62.0,65.0,0,0,0,3
C1R3_1735921395389_jpg.rf.c126dbe064be6435bfa6695bb6bc2314.png,29,552.2,393.2,Normal,31.18,29.0,21.0,35.0,0,0,0,1
C1R3_1735921395389_jpg.rf.c126dbe064be6435bfa6695bb6bc2314.png,30,162.3,488.2,Normal,71.75,67.0,60.0,69.0,0,0,0,1
C1R3_1735921395389_jpg.rf.c126dbe064be6435bfa6695bb6bc2314.png,31,261.2,493.1,Normal,94.01,92.0,88.0,99.0,0,0,0,4
C1R3_1735921395389_jpg.rf.c126dbe064be6435bfa6695bb6bc2314.png,32,325.5,500.5,Normal,36.69,34.0,29.0,38.0,4,4,0,3
C1R3_1735921395389_jpg.rf.c126dbe064be6435bfa6695bb6bc2314.png,33,376.5,471.7,Normal,41.36,43.0,33.0,47.0,3,3,0,3
C1R3_1735921395389_jpg.rf.c126dbe064be6435bfa6695bb6bc2314.png,34,425.1,517.2,Normal,30.5,26.0,21.0,30.0,0,0,0,1
C1R3_1735921395389_jpg.rf.c126dbe064be6435bfa6695bb6bc2314.png,35,435.3,453.6,Sem Hipocótilo,42.53,39.0,38.0,39.0,0,0,0,0
C1R3_1735921395389_jpg.rf.c126dbe064be6435bfa6695bb6bc2314.png,36,466.1,501.1,Sem Raiz,14.71,16.0,12.0,18.0,0,0,0,1
C1R3_1735921395389_jpg.rf.c126dbe064be6435bfa6695bb6bc2314.png,37,541.0,468.3,Normal,40.19,34.0,31.0,39.0,0,0,0,1
C1R3_1735921395389_jpg.rf.c126dbe064be6435bfa6695bb6bc2314.png,38,135.0,529.4,Normal,54.54,52.0,48.0,57.0,0,0,0,3
C1R3_1735921395389_jpg.rf.c126dbe064be6435bfa6695bb6bc2314.png,39,531.9,535.0,Normal,52.32,51.0,45.0,53.0,0,0,0,0
C1R4_1735921395362_jpg.rf.ca2e57a1c02bffc0f2a39e36f1f27525.png,1,162.3,161.4,Normal,70.51,66.0,59.0,68.0,0,1,0,2
C1R4_1735921395362_jpg.rf.ca2e57a1c02bffc0f2a39e36f1f27525.png,2,224.2,144.3,Sem Hipocótilo,25.84,25.0,18.0,27.0,0,0,0,2
C1R4_1735921395362_jpg.rf.ca2e57a1c02bffc0f2a39e36f1f27525.png,3,321.7,155.4,Sem Raiz,21.45,22.0,25.0,30.0,3,7,1,3
C1R4_1735921395362_jpg.rf.ca2e57a1c02bffc0f2a39e36f1f27525.png,4,390.3,140.7,Normal,57.07,54.0,50.0,60.0,0,0,0,3
C1R4_1735921395362_jpg.rf.ca2e57a1c02bffc0f2a39e36f1f27525.png,5,511.1,154.7,Normal,30.66,26.0,26.0,33.0,0,0,0,1
C1R4_1735921395362_jpg.rf.ca2e57a1c02bffc0f2a39e36f1f27525.png,6,545.8,149.8,Normal,34.88,32.0,21.0,36.0,0,0,0,4
C1R4_1735921395362_jpg.rf.ca2e57a1c02bffc0f2a39e36f1f27525.png,7,166.6,225.8,Normal,40.83,36.0,35.0,40.0,0,0,0,1
C1R4_1735921395362_jpg.rf.ca2e57a1c02bffc0f2a39e36f1f27525.png,8,196.0,244.3,Normal,63.21,61.0,56.0,71.0,0,0,0,5
C1R4_1735921395362_jpg.rf.ca2e57a1c02bffc0f2a39e36f1f27525.png,9,229.9,218.1,Normal,50.75,49.0,45.0,51.0,0,0,0,0
C1R4_1735921395362_jpg.rf.ca2e57a1c02bffc0f2a39e36f1f27525.png,10,268.4,241.6,Normal,65.27,67.0,60.0,71.0,0,4,0,3
C1R4_1735921395362_jpg.rf.ca2e57a1c02bffc0f2a39e36f1f27525.png,11,308.5,246.7,Normal,32.77,35.0,30.0,42.0,0,3,0,7
C1R4_1735921395362_jpg.rf.ca2e57a1c02bffc0f2a39e36f1f27525.png,12,364.2,202.4,Sem Raiz,22.55,27.0,26.0,29.0,0,0,0,0
C1R4_1735921395362_jpg.rf.ca2e57a1c02bffc0f2a39e36f1f27525.png,13,371.4,259.0,Normal,75.55,67.0,56.0,77.0,1,4,0,6
C1R4_1735921395362_jpg.rf.ca2e57a1c02bffc0f2a39e36f1f27525.png,14,422.2,242.6,Normal,104.29,100.0,93.0,103.0,0,0,0,2
C1R4_1735921395362_jpg.rf.ca2e57a1c02bffc0f2a39e36f1f27525.png,15,474.7,236.7,Normal,69.41,62.0,57.0,66.0,0,0,0,0
C1R4_1735921395362_jpg.rf.ca2e57a1c02bffc0f2a39e36f1f27525.png,16,505.9,268.4,Sem Hipocótilo,20.97,18.0,18.0,19.0,0,0,0,0
C1R4_1735921395362_jpg.rf.ca2e57a1c02bffc0f2a39e36f1f27525.png,17,541.9,243.7,Normal,55.56,54.0,51.0,61.0,0,0,0,4
C1R4_1735921395362_jpg.rf.ca2e57a1c02bffc0f2a39e36f1f27525.png,18,156.1,316.5,Sem Raiz,18.18,17.0,14.0,19.0,0,0,0,0
C1R4_1735921395362_jpg.rf.ca2e57a1c02bffc0f2a39e36f1f27525.png,19,200.5,314.1,Normal,49.35,48.0,45.0,54.0,0,0,0,4
C1R4_1735921395362_jpg.rf.ca2e57a1c02bffc0f2a39e36f1f27525.png,20,237.6,339.8,Normal,73.38,72.0,69.0,80.0,2,2,0,9
C1R4_1735921395362_jpg.rf.ca2e57a1c02bffc0f2a39e36f1f27525.png,21,279.6,324.2,Normal,95.78,89.0,83.0,90.0,0,0,0,0
C1R4_1735921395362_jpg.rf.ca2e57a1c02bffc0f2a39e36f1f27525.png,22,364.1,307.6,Normal,28.62,28.0,27.0,31.0,0,0,0,1
C1R4_1735921395362_jpg.rf.ca2e57a1c02bffc0f2a39e36f1f27525.png,23,428.0,339.6,Normal,88.15,86.0,86.0,90.0,0,0,0,2
C1R4_1735921395362_jpg.rf.ca2e57a1c02bffc0f2a39e36f1f27525.png,24,536.3,326.6,Normal,48.73,49.0,44.0,56.0,0,3,0,4
C1R4_1735921395362_jpg.rf.ca2e57a1c02bffc0f2a39e36f1f27525.png,25,212.9,403.7,Normal,64.17,62.0,58.0,65.0,0,0,0,3
C1R4_1735921395362_jpg.rf.ca2e57a1c02bffc0f2a39e36f1f27525.png,26,257.1,385.9,Normal,23.35,26.0,21.0,33.0,0,3,0,4
C1R4_1735921395362_jpg.rf.ca2e57a1c02bffc0f2a39e36f1f27525.png,27,285.4,397.7,Sem Raiz,9.9,14.0,13.0,20.0,0,0,0,1
C1R4_1735921395362_jpg.rf.ca2e57a1c02bffc0f2a39e36f1f27525.png,28,354.4,400.4,Normal,52.97,51.0,50.0,58.0,0,0,0,4
C1R4_1735921395362_jpg.rf.ca2e57a1c02bffc0f2a39e36f1f27525.png,29,458.1,400.6,Sem Raiz,25.49,22.0,20.0,26.0,0,0,0,1
C1R4_1735921395362_jpg.rf.ca2e57a1c02bffc0f2a39e36f1f27525.png,30,503.5,373.0,Sem Hipocótilo,11.87,10.0,8.0,11.0,0,0,0,0
C1R4_1735921395362_jpg.rf.ca2e57a1c02bffc0f2a39e36f1f27525.png,31,523.7,387.2,Normal,54.64,50.0,46.0,55.0,0,0,0,5
C1R4_1735921395362_jpg.rf.ca2e57a1c02bffc0f2a39e36f1f27525.png,32,171.2,489.2,Normal,77.82,73.0,70.0,79.0,0,0,0,4
C1R4_1735921395362_jpg.rf.ca2e57a1c02bffc0f2a39e36f1f27525.png,33,223.8,505.2,Normal,79.77,78.0,74.0,85.0,0,0,0,2
C1R4_1735921395362_jpg.rf.ca2e57a1c02bffc0f2a39e36f1f27525.png,34,251.0,490.0,Normal,62.2,58.0,54.0,62.0,0,0,0,1
C1R4_1735921395362_jpg.rf.ca2e57a1c02bffc0f2a39e36f1f27525.png,35,284.5,498.2,Normal,71.77,69.0,66.0,79.0,0,0,0,3
C1R4_1735921395362_jpg.rf.ca2e57a1c02bffc0f2a39e36f1f27525.png,36,306.6,449.2,Sem Raiz,27.0,27.0,22.0,30.0,0,0,0,0
C1R4_1735921395362_jpg.rf.ca2e57a1c02bffc0f2a39e36f1f27525.png,37,358.1,477.6,Normal,83.54,76.0,73.0,81.0,0,0,0,1
C1R4_1735921395362_jpg.rf.ca2e57a1c02bffc0f2a39e36f1f27525.png,38,411.1,488.0,Normal,33.4,32.0,26.0,40.0,0,0,0,6
C1R4_1735921395362_jpg.rf.ca2e57a1c02bffc0f2a39e36f1f27525.png,39,431.5,441.7,Normal,70.47,69.0,61.0,71.0,0,3,0,3
C1R4_1735921395362_jpg.rf.ca2e57a1c02bffc0f2a39e36f1f27525.png,40,491.9,464.3,Normal,26.34,25.0,19.0,33.0,0,0,0,9
C1R4_1735921395362_jpg.rf.ca2e57a1c02bffc0f2a39e36f1f27525.png,41,530.2,466.4,Sem Hipocótilo,26.8,25.0,25.0,27.0,0,0,0,0
C1R5_1735921395336_jpg.rf.d40ee411076e5360c03f7fe8b0c81124.png,1,133.5,196.5,Normal,60.43,64.0,50.0,72.0,8,8,0,7
C1R5_1735921395336_jpg.rf.d40ee411076e5360c03f7fe8b0c81124.png,2,259.4,144.4,Sem Hipocótilo,13.1,12.0,12.0,14.0,0,0,0,0
C1R5_1735921395336_jpg.rf.d40ee411076e5360c03f7fe8b0c81124.png,3,366.1,180.5,Normal,84.89,74.0,69.0,77.0,0,0,0,1
C1R5_1735921395336_jpg.rf.d40ee411076e5360c03f7fe8b0c81124.png,4,479.0,160.4,Normal,47.09,43.0,40.0,48.0,0,0,0,0
C1R5_1735921395336_jpg.rf.d40ee411076e5360c03f7fe8b0c81124.png,5,539.0,198.9,Normal,54.85,55.0,50.0,60.0,0,0,0,1
C1R5_1735921395336_jpg.rf.d40ee411076e5360c03f7fe8b0c81124.png,6,605.2,155.5,Sem Raiz,19.85,22.0,18.0,25.0,0,0,0,0
C1R5_1735921395336_jpg.rf.d40ee411076e5360c03f7fe8b0c81124.png,7,95.5,246.1,Sem Hipocótilo,35.38,46.0,41.0,49.0,0,0,0,1
C1R5_1735921395336_jpg.rf.d40ee411076e5360c03f7fe8b0c81124.png,8,144.6,251.5,Normal,44.28,39.0,36.0,45.0,0,0,0,4
C1R5_1735921395336_jpg.rf.d40ee411076e5360c03f7fe8b0c81124.png,9,219.1,222.0,Normal,54.2,51.0,45.0,55.0,0,0,0,2
C1R5_1735921395336_jpg.rf.d40ee411076e5360c03f7fe8b0c81124.png,10,365.1,256.6,Normal,54.59,62.0,50.0,67.0,5,8,0,6
C1R5_1735921395336_jpg.rf.d40ee411076e5360c03f7fe8b0c81124.png,11,430.5,214.2,Normal,35.87,40.0,27.0,45.0,3,5,0,2
C1R5_1735921395336_jpg.rf.d40ee411076e5360c03f7fe8b0c81124.png,12,477.5,243.6,Sem Raiz,20.81,22.0,13.0,23.0,0,0,0,0
C1R5_1735921395336_jpg.rf.d40ee411076e5360c03f7fe8b0c81124.png,13,581.6,250.0,Normal,88.46,84.0,79.0,93.0,0,0,0,6
C1R5_1735921395336_jpg.rf.d40ee411076e5360c03f7fe8b0c81124.png,14,113.6,309.3,Normal,73.54,64.0,62.0,70.0,0,0,0,6
C1R5_1735921395336_jpg.rf.d40ee411076e5360c03f7fe8b0c81124.png,15,162.3,335.8,Normal,53.9,47.0,40.0,52.0,0,0,0,1
C1R5_1735921395336_jpg.rf.d40ee411076e5360c03f7fe8b0c81124.png,16,212.6,299.9,Normal,77.28,73.0,68.0,81.0,0,0,0,1
C1R5_1735921395336_jpg.rf.d40ee411076e5360c03f7fe8b0c81124.png,17,264.5,329.7,Sem Raiz,24.86,30.0,24.0,35.0,0,1,0,1
C1R5_1735921395336_jpg.rf.d40ee411076e5360c03f7fe8b0c81124.png,18,313.3,308.4,Normal,68.37,61.0,57.0,70.0,0,0,0,2
C1R5_1735921395336_jpg.rf.d40ee411076e5360c03f7fe8b0c81124.png,19,382.5,354.0,Normal,77.32,73.0,67.0,76.0,0,3,0,1
C1R5_1735921395336_jpg.rf.d40ee411076e5360c03f7fe8b0c81124.png,20,412.4,280.4,Normal,58.57,56.0,54.0,62.0,0,0,0,6
C1R5_1735921395336_jpg.rf.d40ee411076e5360c03f7fe8b0c81124.png,21,465.3,351.4,Normal,103.56,95.0,90.0,103.0,0,0,0,4
C1R5_1735921395336_jpg.rf.d40ee411076e5360c03f7fe8b0c81124.png,22,536.7,306.2,Normal,74.28,70.0,64.0,74.0,0,0,0,1
C1R5_1735921395336_jpg.rf.d40ee411076e5360c03f7fe8b0c81124.png,23,590.2,344.8,Normal,44.27,39.0,32.0,46.0,0,0,0,2
C1R5_1735921395336_jpg.rf.d40ee411076e5360c03f7fe8b0c81124.png,24,106.7,368.7,Normal,39.1,36.0,32.0,42.0,0,0,0,3
C1R5_1735921395336_jpg.rf.d40ee411076e5360c03f7fe8b0c81124.png,25,157.0,406.2,Normal,68.18,61.0,59.0,70.0,0,0,0,3
C1R5_1735921395336_jpg.rf.d40ee411076e5360c03f7fe8b0c81124.png,26,230.8,401.1,Normal,77.46,74.0,68.0,79.0,0,0,0,6
C1R5_1735921395336_jpg.rf.d40ee411076e5360c03f7fe8b0c81124.png,27,333.7,404.6,Normal,80.46,75.0,73.0,80.0,0,0,0,3
C1R5_1735921395336_jpg.rf.d40ee411076e5360c03f7fe8b0c81124.png,28,372.7,420.1,Normal,76.01,71.0,64.0,76.0,0,0,0,2
C1R5_1735921395336_jpg.rf.d40ee411076e5360c03f7fe8b0c81124.png,29,428.7,428.3,Normal,42.77,37.0,30.0,41.0,0,0,0,3
C1R5_1735921395336_jpg.rf.d40ee411076e5360c03f7fe8b0c81124.png,30,428.9,364.2,Normal,34.28,33.0,18.0,41.0,0,0,0,5
C1R5_1735921395336_jpg.rf.d40ee411076e5360c03f7fe8b0c81124.png,31,490.3,390.3,Normal,20.48,18.0,14.0,27.0,0,0,0,6
C1R5_1735921395336_jpg.rf.d40ee411076e5360c03f7fe8b0c81124.png,32,524.7,365.9,Normal,49.72,48.0,43.0,55.0,0,0,0,4
C1R5_1735921395336_jpg.rf.d40ee411076e5360c03f7fe8b0c81124.png,33,586.0,428.0,Normal,119.92,111.0,103.0,116.0,0,0,0,3
C1R5_1735921395336_jpg.rf.d40ee411076e5360c03f7fe8b0c81124.png,34,127.0,461.2,Normal,76.73,76.0,67.0,78.0,4,8,3,3
C1R5_1735921395336_jpg.rf.d40ee411076e5360c03f7fe8b0c81124.png,35,166.2,482.6,Sem Raiz,28.27,30.0,27.0,33.0,0,0,0,3
C1R5_1735921395336_jpg.rf.d40ee411076e5360c03f7fe8b0c81124.png,36,217.4,457.6,Normal,84.2,77.0,76.0,82.0,0,0,0,4
C1R5_1735921395336_jpg.rf.d40ee411076e5360c03f7fe8b0c81124.png,37,271.0,471.7,Normal,44.5,40.0,39.0,54.0,0,0,0,4
C1R5_1735921395336_jpg.rf.d40ee411076e5360c03f7fe8b0c81124.png,38,317.9,469.9,Normal,56.45,52.0,51.0,61.0,0,0,0,5
C1R5_1735921395336_jpg.rf.d40ee411076e5360c03f7fe8b0c81124.png,39,365.8,478.9,Sem Hipocótilo,15.42,14.0,11.0,15.0,0,0,0,0
C1R5_1735921395336_jpg.rf.d40ee411076e5360c03f7fe8b0c81124.png,40,471.8,504.2,Normal,97.09,95.0,93.0,103.0,0,0,0,6
C1R5_1735921395336_jpg.rf.d40ee411076e5360c03f7fe8b0c81124.png,41,500.4,472.2,Normal,72.23,65.0,58.0,72.0,0,0,0,4
C1R5_1735921395336_jpg.rf.d40ee411076e5360c03f7fe8b0c81124.png,42,553.1,472.1,Normal,88.63,86.0,80.0,91.0,0,0,0,2
C1R5_1735921395336_jpg.rf.d40ee411076e5360c03f7fe8b0c81124.png,43,116.8,525.4,Normal,90.9,77.0,67.0,80.0,0,0,0,0
C1R5_1735921395336_jpg.rf.d40ee411076e5360c03f7fe8b0c81124.png,44,213.4,555.4,Normal,68.92,60.0,58.0,67.0,0,0,0,1
C1R5_1735921395336_jpg.rf.d40ee411076e5360c03f7fe8b0c81124.png,45,315.1,557.5,Normal,39.27,43.0,29.0,48.0,3,6,0,3
C1R5_1735921395336_jpg.rf.d40ee411076e5360c03f7fe8b0c81124.png,46,430.6,541.6,Normal,93.97,84.0,73.0,86.0,0,0,0,0
C1R5_1735921395336_jpg.rf.d40ee411076e5360c03f7fe8b0c81124.png,47,525.6,550.3,Normal,62.07,57.0,50.0,63.0,0,0,0,3
C1R6_1735921395316_jpg.rf.f3535d47d91af602bbb0c05fd961f7ec.png,1,167.2,183.2,Normal,67.15,68.0,61.0,71.0,0,0,0,2
C1R6_1735921395316_jpg.rf.f3535d47d91af602bbb0c05fd961f7ec.png,2,262.9,136.8,Normal,21.29,22.0,21.0,29.0,0,0,0,1
C1R6_1735921395316_jpg.rf.f3535d47d91af602bbb0c05fd961f7ec.png,3,351.6,190.3,Sem Hipocótilo,21.82,20.0,18.0,21.0,0,0,0,0
C1R6_1735921395316_jpg.rf.f3535d47d91af602bbb0c05fd961f7ec.png,4,376.3,167.2,Normal,50.93,49.0,44.0,54.0,0,0,0,3
C1R6_1735921395316_jpg.rf.f3535d47d91af602bbb0c05fd961f7ec.png,5,490.2,175.2,Sem Hipocótilo,30.51,31.0,29.0,34.0,0,0,0,0
C1R6_1735921395316_jpg.rf.f3535d47d91af602bbb0c05fd961f7ec.png,6,596.2,162.8,Sem Hipocótilo,17.79,16.0,12.0,18.0,0,0,0,1
C1R6_1735921395316_jpg.rf.f3535d47d91af602bbb0c05fd961f7ec.png,7,120.9,220.8,Normal,34.12,31.0,21.0,36.0,0,0,0,3
C1R6_1735921395316_jpg.rf.f3535d47d91af602bbb0c05fd961f7ec.png,8,222.9,225.0,Normal,96.06,88.0,84.0,94.0,0,0,0,6
C1R6_1735921395316_jpg.rf.f3535d47d91af602bbb0c05fd961f7ec.png,9,274.9,256.1,Normal,63.37,58.0,52.0,61.0,0,0,0,1
C1R6_1735921395316_jpg.rf.f3535d47d91af602bbb0c05fd961f7ec.png,10,320.9,263.1,Sem Raiz,17.72,20.0,16.0,25.0,0,0,0,1
C1R6_1735921395316_jpg.rf.f3535d47d91af602bbb0c05fd961f7ec.png,11,383.4,241.3,Normal,64.13,61.0,58.0,66.0,0,0,0,6
C1R6_1735921395316_jpg.rf.f3535d47d91af602bbb0c05fd961f7ec.png,12,432.7,209.6,Normal,68.84,60.0,57.0,67.0,0,0,0,4
C1R6_1735921395316_jpg.rf.f3535d47d91af602bbb0c05fd961f7ec.png,13,490.3,236.8,Normal,70.5,61.0,57.0,70.0,0,0,0,6
C1R6_1735921395316_jpg.rf.f3535d47d91af602bbb0c05fd961f7ec.png,14,545.6,225.3,Normal,63.23,58.0,52.0,66.0,0,0,0,6
C1R6_1735921395316_jpg.rf.f3535d47d91af602bbb0c05fd961f7ec.png,15,556.3,277.7,Normal,39.04,37.0,34.0,42.0,0,0,0,3
C1R6_1735921395316_jpg.rf.f3535d47d91af602bbb0c05fd961f7ec.png,16,113.2,291.5,Normal,36.91,35.0,26.0,41.0,3,3,0,4
C1R6_1735921395316_jpg.rf.f3535d47d91af602bbb0c05fd961f7ec.png,17,174.1,329.6,Normal,82.43,77.0,72.0,82.0,3,3,0,1
C1R6_1735921395316_jpg.rf.f3535d47d91af602bbb0c05fd961f7ec.png,18,333.5,293.7,Sem Hipocótilo,23.42,22.0,21.0,24.0,0,0,0,0
C1R6_1735921395316_jpg.rf.f3535d47d91af602bbb0c05fd961f7ec.png,19,363.3,336.0,Normal,61.83,59.0,55.0,67.0,0,0,0,4
C1R6_1735921395316_jpg.rf.f3535d47d91af602bbb0c05fd961f7ec.png,20,433.3,351.7,Normal,39.18,37.0,33.0,42.0,0,0,0,1
C1R6_1735921395316_jpg.rf.f3535d47d91af602bbb0c05fd961f7ec.png,21,433.3,301.2,Normal,47.79,46.0,35.0,51.0,0,0,0,1
C1R6_1735921395316_jpg.rf.f3535d47d91af602bbb0c05fd961f7ec.png,22,502.7,347.1,Normal,87.42,76.0,74.0,81.0,0,0,0,1
C1R6_1735921395316_jpg.rf.f3535d47d91af602bbb0c05fd961f7ec.png,23,600.6,325.3,Sem Raiz,20.85,21.0,18.0,24.0,0,0,0,1
C1R6_1735921395316_jpg.rf.f3535d47d91af602bbb0c05fd961f7ec.png,24,100.6,424.8,Sem Raiz,16.33,24.0,21.0,25.0,0,0,0,0
C1R6_1735921395316_jpg.rf.f3535d47d91af602bbb0c05fd961f7ec.png,25,178.0,427.9,Normal,93.59,91.0,84.0,97.0,0,0,0,0
C1R6_1735921395316_jpg.rf.f3535d47d91af602bbb0c05fd961f7ec.png,26,213.0,383.4,Normal,63.39,54.0,48.0,63.0,0,0,0,2
C1R6_1735921395316_jpg.rf.f3535d47d91af602bbb0c05fd961f7ec.png,27,276.6,417.9,Normal,59.25,57.0,50.0,65.0,0,0,0,4
C1R6_1735921395316_jpg.rf.f3535d47d91af602bbb0c05fd961f7ec.png,28,330.0,384.3,Normal,43.82,39.0,39.0,48.0,0,0,0,4
C1R6_1735921395316_jpg.rf.f3535d47d91af602bbb0c05fd961f7ec.png,29,371.2,403.6,Normal,76.87,72.0,65.0,78.0,0,0,0,3
C1R6_1735921395316_jpg.rf.f3535d47d91af602bbb0c05fd961f7ec.png,30,494.2,394.5,Normal,51.26,48.0,43.0,58.0,0,0,0,9
C1R6_1735921395316_jpg.rf.f3535d47d91af602bbb0c05fd961f7ec.png,31,547.2,363.6,Normal,39.09,35.0,29.0,41.0,0,0,0,3
C1R6_1735921395316_jpg.rf.f3535d47d91af602bbb0c05fd961f7ec.png,32,603.4,382.5,Normal,30.18,28.0,23.0,33.0,0,0,0,3
C1R6_1735921395316_jpg.rf.f3535d47d91af602bbb0c05fd961f7ec.png,33,101.6,452.6,Sem Hipocótilo,26.88,26.0,23.0,27.0,0,0,0,0
C1R6_1735921395316_jpg.rf.f3535d47d91af602bbb0c05fd961f7ec.png,34,222.0,441.9,Normal,79.26,70.0,64.0,71.0,0,3,0,3
C1R6_1735921395316_jpg.rf.f3535d47d91af602bbb0c05fd961f7ec.png,35,228.7,509.9,Sem Hipocótilo,14.86,14.0,11.0,15.0,0,0,0,0
C1R6_1735921395316_jpg.rf.f3535d47d91af602bbb0c05fd961f7ec.png,36,272.3,506.3,Normal,91.8,80.0,76.0,92.0,0,0,0,2
C1R6_1735921395316_jpg.rf.f3535d47d91af602bbb0c05fd961f7ec.png,37,324.6,446.6,Normal,50.59,47.0,43.0,52.0,0,0,0,3
C1R6_1735921395316_jpg.rf.f3535d47d91af602bbb0c05fd961f7ec.png,38,371.1,486.7,Sem Raiz,19.24,25.0,15.0,36.0,0,1,0,6
C1R6_1735921395316_jpg.rf.f3535d47d91af602bbb0c05fd961f7ec.png,39,448.3,514.5,Sem Hipocótilo,32.41,31.0,29.0,32.0,0,0,0,0
C1R6_1735921395316_jpg.rf.f3535d47d91af602bbb0c05fd961f7ec.png,40,504.0,497.1,Normal,92.37,88.0,85.0,98.0,0,0,0,10
C1R6_1735921395316_jpg.rf.f3535d47d91af602bbb0c05fd961f7ec.png,41,546.3,460.7,Normal,49.7,43.0,41.0,51.0,0,0,0,3
C1R6_1735921395316_jpg.rf.f3535d47d91af602bbb0c05fd961f7ec.png,42,589.3,501.7,Normal,73.52,75.0,71.0,85.0,3,3,0,5
C1R6_1735921395316_jpg.rf.f3535d47d91af602bbb0c05fd961f7ec.png,43,109.9,536.4,Normal,80.86,76.0,75.0,84.0,0,0,0,2
C1R6_1735921395316_jpg.rf.f3535d47d91af602bbb0c05fd961f7ec.png,44,169.3,520.3,Normal,64.86,74.0,62.0,76.0,3,3,0,3
C1R6_1735921395316_jpg.rf.f3535d47d91af602bbb0c05fd961f7ec.png,45,329.2,541.4,Normal,56.22,54.0,51.0,64.0,0,0,0,8
C1R6_1735921395316_jpg.rf.f3535d47d91af602bbb0c05fd961f7ec.png,46,542.3,521.4,Normal,28.39,31.0,23.0,38.0,0,3,0,4
C1R7_1735921395280_jpg.rf.a15d6d94c64ad40cb4a50e7cc8b6e62c.png,1,123.2,175.8,Normal,46.4,46.0,38.0,48.0,0,3,0,3
C1R7_1735921395280_jpg.rf.a15d6d94c64ad40cb4a50e7cc8b6e62c.png,2,168.7,150.1,Normal,36.32,38.0,32.0,39.0,0,0,0,0
C1R7_1735921395280_jpg.rf.a15d6d94c64ad40cb4a50e7cc8b6e62c.png,3,219.2,175.1,Sem Hipocótilo,18.86,18.0,17.0,19.0,0,0,0,0
C1R7_1735921395280_jpg.rf.a15d6d94c64ad40cb4a50e7cc8b6e62c.png,4,342.1,179.4,Sem Raiz,23.32,24.0,22.0,29.0,0,0,0,0
C1R7_1735921395280_jpg.rf.a15d6d94c64ad40cb4a50e7cc8b6e62c.png,5,379.3,141.2,Sem Hipocótilo,16.92,15.0,11.0,17.0,0,0,0,0
C1R7_1735921395280_jpg.rf.a15d6d94c64ad40cb4a50e7cc8b6e62c.png,6,450.1,175.7,Normal,85.43,77.0,70.0,81.0,0,0,0,1
C1R7_1735921395280_jpg.rf.a15d6d94c64ad40cb4a50e7cc8b6e62c.png,7,601.6,154.8,Normal,61.19,57.0,51.0,62.0,0,0,0,2
C1R7_1735921395280_jpg.rf.a15d6d94c64ad40cb4a50e7cc8b6e62c.png,8,110.4,258.8,Normal,37.92,34.0,33.0,42.0,0,0,0,1
C1R7_1735921395280_jpg.rf.a15d6d94c64ad40cb4a50e7cc8b6e62c.png,9,175.9,226.5,Normal,35.42,31.0,29.0,37.0,0,0,0,1
C1R7_1735921395280_jpg.rf.a15d6d94c64ad40cb4a50e7cc8b6e62c.png,10,219.2,254.4,Sem Hipocótilo,23.89,23.0,19.0,24.0,0,0,0,0
C1R7_1735921395280_jpg.rf.a15d6d94c64ad40cb4a50e7cc8b6e62c.png,11,289.5,201.6,Normal,133.49,130.0,123.0,143.0,0,3,0,10
C1R7_1735921395280_jpg.rf.a15d6d94c64ad40cb4a50e7cc8b6e62c.png,12,330.5,264.7,Normal,39.81,38.0,34.0,45.0,0,0,0,3
C1R7_1735921395280_jpg.rf.a15d6d94c64ad40cb4a50e7cc8b6e62c.png,13,382.1,249.3,Normal,49.72,46.0,40.0,58.0,0,0,0,8
C1R7_1735921395280_jpg.rf.a15d6d94c64ad40cb4a50e7cc8b6e62c.png,14,444.3,269.2,Sem Hipocótilo,18.98,18.0,16.0,21.0,0,0,0,3
C1R7_1735921395280_jpg.rf.a15d6d94c64ad40cb4a50e7cc8b6e62c.png,15,496.5,225.4,Normal,41.88,37.0,30.0,43.0,0,0,0,4
C1R7_1735921395280_jpg.rf.a15d6d94c64ad40cb4a50e7cc8b6e62c.png,16,545.5,207.4,Sem Hipocótilo,51.17,48.0,44.0,49.0,0,0,0,0
C1R7_1735921395280_jpg.rf.a15d6d94c64ad40cb4a50e7cc8b6e62c.png,17,589.1,247.6,Sem Hipocótilo,33.15,28.0,27.0,31.0,0,0,0,0
C1R7_1735921395280_jpg.rf.a15d6d94c64ad40cb4a50e7cc8b6e62c.png,18,132.0,353.3,Normal,71.5,64.0,57.0,66.0,0,0,0,0
C1R7_1735921395280_jpg.rf.a15d6d94c64ad40cb4a50e7cc8b6e62c.png,19,172.1,313.1,Normal,70.29,67.0,60.0,78.0,0,0,0,4
C1R7_1735921395280_jpg.rf.a15d6d94c64ad40cb4a50e7cc8b6e62c.png,20,229.2,339.3,Normal,82.4,77.0,72.0,80.0,0,0,0,1
C1R7_1735921395280_jpg.rf.a15d6d94c64ad40cb4a50e7cc8b6e62c.png,21,287.8,319.8,Normal,69.43,63.0,57.0,73.0,0,0,0,7
C1R7_1735921395280_jpg.rf.a15d6d94c64ad40cb4a50e7cc8b6e62c.png,22,340.0,351.0,Normal,63.83,68.0,63.0,73.0,0,3,0,6
C1R7_1735921395280_jpg.rf.a15d6d94c64ad40cb4a50e7cc8b6e62c.png,23,435.9,348.2,Normal,71.73,69.0,62.0,76.0,0,0,0,7
C1R7_1735921395280_jpg.rf.a15d6d94c64ad40cb4a50e7cc8b6e62c.png,24,491.5,316.3,Normal,76.3,70.0,68.0,76.0,0,0,0,2
C1R7_1735921395280_jpg.rf.a15d6d94c64ad40cb4a50e7cc8b6e62c.png,25,549.0,329.0,Sem Raiz,14.74,18.0,12.0,24.0,0,3,0,4
C1R7_1735921395280_jpg.rf.a15d6d94c64ad40cb4a50e7cc8b6e62c.png,26,605.8,315.6,Normal,32.99,30.0,23.0,38.0,0,0,0,3
C1R7_1735921395280_jpg.rf.a15d6d94c64ad40cb4a50e7cc8b6e62c.png,27,167.4,398.3,Normal,59.69,57.0,51.0,60.0,0,0,0,2
C1R7_1735921395280_jpg.rf.a15d6d94c64ad40cb4a50e7cc8b6e62c.png,28,225.2,422.5,Normal,65.18,62.0,59.0,66.0,0,0,0,2
C1R7_1735921395280_jpg.rf.a15d6d94c64ad40cb4a50e7cc8b6e62c.png,29,280.3,390.4,Normal,35.34,35.0,23.0,40.0,0,1,0,3
C1R7_1735921395280_jpg.rf.a15d6d94c64ad40cb4a50e7cc8b6e62c.png,30,322.7,412.7,Normal,48.67,45.0,42.0,49.0,0,0,0,2
C1R7_1735921395280_jpg.rf.a15d6d94c64ad40cb4a50e7cc8b6e62c.png,31,367.7,399.9,Normal,83.79,77.0,71.0,80.0,0,0,0,2
C1R7_1735921395280_jpg.rf.a15d6d94c64ad40cb4a50e7cc8b6e62c.png,32,441.4,430.4,Sem Hipocótilo,13.0,13.0,12.0,17.0,0,0,0,4
C1R7_1735921395280_jpg.rf.a15d6d94c64ad40cb4a50e7cc8b6e62c.png,33,493.6,413.7,Normal,54.83,53.0,48.0,58.0,0,0,0,1
C1R7_1735921395280_jpg.rf.a15d6d94c64ad40cb4a50e7cc8b6e62c.png,34,547.3,435.7,Sem Hipocótilo,19.18,19.0,15.0,21.0,3,3,0,1
C1R7_1735921395280_jpg.rf.a15d6d94c64ad40cb4a50e7cc8b6e62c.png,35,601.0,380.0,Sem Hipocótilo,14.62,13.0,11.0,14.0,0,0,0,0
C1R7_1735921395280_jpg.rf.a15d6d94c64ad40cb4a50e7cc8b6e62c.png,36,133.2,443.3,Normal,81.39,77.0,72.0,84.0,0,0,0,4
C1R7_1735921395280_jpg.rf.a15d6d94c64ad40cb4a50e7cc8b6e62c.png,37,165.9,469.2,Normal,23.47,20.0,18.0,27.0,0,0,0,4
C1R7_1735921395280_jpg.rf.a15d6d94c64ad40cb4a50e7cc8b6e62c.png,38,214.2,502.4,Normal,78.79,72.0,69.0,85.0,0,0,0,4
C1R7_1735921395280_jpg.rf.a15d6d94c64ad40cb4a50e7cc8b6e62c.png,39,262.5,476.5,Normal,41.36,38.0,36.0,47.0,0,0,0,4
C1R7_1735921395280_jpg.rf.a15d6d94c64ad40cb4a50e7cc8b6e62c.png,40,384.8,469.9,Normal,36.48,35.0,32.0,42.0,0,0,0,6
C1R7_1735921395280_jpg.rf.a15d6d94c64ad40cb4a50e7cc8b6e62c.png,41,478.2,490.5,Normal,76.72,71.0,66.0,76.0,0,0,0,1
C1R7_1735921395280_jpg.rf.a15d6d94c64ad40cb4a50e7cc8b6e62c.png,42,164.5,522.0,Normal,66.95,62.0,60.0,64.0,0,0,0,1
C1R7_1735921395280_jpg.rf.a15d6d94c64ad40cb4a50e7cc8b6e62c.png,43,533.8,552.2,Sem Hipocótilo,39.28,40.0,36.0,44.0,0,0,0,0
C1R8_1735921395257_jpg.rf.e6cd08670a7563f3ab9f35b45390d923.png,1,122.1,178.8,Sem Hipocótilo,19.75,17.0,13.0,17.0,0,0,0,0
C1R8_1735921395257_jpg.rf.e6cd08670a7563f3ab9f35b45390d923.png,2,328.4,182.5,Normal,16.35,20.0,21.0,27.0,0,0,0,2
C1R8_1735921395257_jpg.rf.e6cd08670a7563f3ab9f35b45390d923.png,3,371.5,141.5,Normal,59.25,52.0,47.0,58.0,0,0,0,5
C1R8_1735921395257_jpg.rf.e6cd08670a7563f3ab9f35b45390d923.png,4,475.0,142.2,Sem Hipocótilo,13.49,13.0,12.0,15.0,0,0,0,0
C1R8_1735921395257_jpg.rf.e6cd08670a7563f3ab9f35b45390d923.png,5,541.5,187.0,Normal,86.54,83.0,73.0,87.0,1,1,0,1
C1R8_1735921395257_jpg.rf.e6cd08670a7563f3ab9f35b45390d923.png,6,116.1,257.9,Normal,35.24,33.0,29.0,37.0,0,0,0,3
C1R8_1735921395257_jpg.rf.e6cd08670a7563f3ab9f35b45390d923.png,7,164.1,231.8,Sem Hipocótilo,35.75,36.0,32.0,37.0,0,0,0,0
C1R8_1735921395257_jpg.rf.e6cd08670a7563f3ab9f35b45390d923.png,8,209.6,279.8,Normal,47.09,40.0,35.0,46.0,0,0,0,1
C1R8_1735921395257_jpg.rf.e6cd08670a7563f3ab9f35b45390d923.png,9,212.5,204.4,Normal,62.23,55.0,49.0,61.0,0,0,0,4
C1R8_1735921395257_jpg.rf.e6cd08670a7563f3ab9f35b45390d923.png,10,325.8,273.6,Normal,44.8,42.0,37.0,48.0,0,0,0,6
C1R8_1735921395257_jpg.rf.e6cd08670a7563f3ab9f35b45390d923.png,11,372.6,236.6,Normal,58.67,56.0,50.0,60.0,0,0,0,2
C1R8_1735921395257_jpg.rf.e6cd08670a7563f3ab9f35b45390d923.png,12,416.2,277.9,Normal,47.36,45.0,39.0,51.0,0,0,0,6
C1R8_1735921395257_jpg.rf.e6cd08670a7563f3ab9f35b45390d923.png,13,426.6,201.7,Normal,47.85,42.0,39.0,50.0,0,0,0,1
C1R8_1735921395257_jpg.rf.e6cd08670a7563f3ab9f35b45390d923.png,14,473.0,233.6,Normal,93.36,88.0,79.0,95.0,0,0,0,5
C1R8_1735921395257_jpg.rf.e6cd08670a7563f3ab9f35b45390d923.png,15,548.9,271.7,Normal,74.77,69.0,65.0,74.0,0,0,0,3
C1R8_1735921395257_jpg.rf.e6cd08670a7563f3ab9f35b45390d923.png,16,584.0,261.8,Sem Hipocótilo,25.17,22.0,21.0,24.0,0,0,0,1
C1R8_1735921395257_jpg.rf.e6cd08670a7563f3ab9f35b45390d923.png,17,152.4,313.2,Normal,40.98,39.0,37.0,44.0,0,0,0,2
C1R8_1735921395257_jpg.rf.e6cd08670a7563f3ab9f35b45390d923.png,18,216.7,338.6,Sem Hipocótilo,21.58,21.0,17.0,22.0,0,0,0,0
C1R8_1735921395257_jpg.rf.e6cd08670a7563f3ab9f35b45390d923.png,19,274.8,304.7,Normal,41.34,40.0,35.0,44.0,0,0,0,1
C1R8_1735921395257_jpg.rf.e6cd08670a7563f3ab9f35b45390d923.png,20,320.0,343.1,Sem Hipocótilo,24.61,23.0,23.0,24.0,0,0,0,0
C1R8_1735921395257_jpg.rf.e6cd08670a7563f3ab9f35b45390d923.png,21,379.9,328.2,Normal,38.66,34.0,26.0,42.0,0,0,0,2
C1R8_1735921395257_jpg.rf.e6cd08670a7563f3ab9f35b45390d923.png,22,479.4,321.3,Normal,90.16,82.0,79.0,87.0,0,0,0,2
C1R8_1735921395257_jpg.rf.e6cd08670a7563f3ab9f35b45390d923.png,23,546.2,342.6,Normal,32.59,30.0,25.0,37.0,0,0,0,2
C1R8_1735921395257_jpg.rf.e6cd08670a7563f3ab9f35b45390d923.png,24,170.2,378.0,Sem Hipocótilo,32.74,31.0,31.0,32.0,0,0,0,0
C1R8_1735921395257_jpg.rf.e6cd08670a7563f3ab9f35b45390d923.png,25,376.4,384.0,Normal,50.64,52.0,40.0,61.0,3,3,0,2
C1R8_1735921395257_jpg.rf.e6cd08670a7563f3ab9f35b45390d923.png,26,423.1,436.3,Normal,36.37,37.0,29.0,41.0,0,0,0,4
C1R8_1735921395257_jpg.rf.e6cd08670a7563f3ab9f35b45390d923.png,27,484.1,412.7,Normal,62.99,60.0,52.0,66.0,3,3,0,4
C1R8_1735921395257_jpg.rf.e6cd08670a7563f3ab9f35b45390d923.png,28,594.2,382.7,Sem Hipocótilo,21.25,19.0,17.0,17.0,0,0,0,0
C1R8_1735921395257_jpg.rf.e6cd08670a7563f3ab9f35b45390d923.png,29,100.9,509.6,Normal,50.56,46.0,42.0,54.0,0,0,0,3
C1R8_1735921395257_jpg.rf.e6cd08670a7563f3ab9f35b45390d923.png,30,105.4,440.6,Normal,67.58,63.0,55.0,73.0,0,0,0,3
C1R8_1735921395257_jpg.rf.e6cd08670a7563f3ab9f35b45390d923.png,31,201.1,451.6,Normal,68.78,72.0,61.0,79.0,0,1,0,3
C1R8_1735921395257_jpg.rf.e6cd08670a7563f3ab9f35b45390d923.png,32,213.1,516.6,Normal,106.44,96.0,91.0,105.0,0,0,0,2
C1R8_1735921395257_jpg.rf.e6cd08670a7563f3ab9f35b45390d923.png,33,327.7,507.1,Normal,36.99,34.0,31.0,41.0,0,0,0,4
C1R8_1735921395257_jpg.rf.e6cd08670a7563f3ab9f35b45390d923.png,34,371.9,459.8,Normal,66.36,64.0,60.0,69.0,0,0,0,1
C1R8_1735921395257_jpg.rf.e6cd08670a7563f3ab9f35b45390d923.png,35,484.0,467.6,Sem Hipocótilo,42.14,40.0,37.0,41.0,0,0,0,0
C1R8_1735921395257_jpg.rf.e6cd08670a7563f3ab9f35b45390d923.png,36,531.2,520.0,Normal,90.74,84.0,81.0,87.0,0,0,0,3
C1R9_1735921395238_jpg.rf.d9cab73d2760a7c4fae9d8a20f4682e3.png,1,260.8,117.9,Sem Raiz,14.99,17.0,12.0,22.0,0,0,0,3
C1R9_1735921395238_jpg.rf.d9cab73d2760a7c4fae9d8a20f4682e3.png,2,489.3,111.2,Normal,27.47,26.0,17.0,30.0,0,0,0,0
C1R9_1735921395238_jpg.rf.d9cab73d2760a7c4fae9d8a20f4682e3.png,3,107.0,169.3,Normal,78.32,81.0,73.0,86.0,1,4,0,4
C1R9_1735921395238_jpg.rf.d9cab73d2760a7c4fae9d8a20f4682e3.png,4,146.0,138.3,Normal,61.17,58.0,49.0,67.0,3,3,0,7
C1R9_1735921395238_jpg.rf.d9cab73d2760a7c4fae9d8a20f4682e3.png,5,210.8,168.4,Normal,62.19,55.0,49.0,59.0,0,0,0,1
C1R9_1735921395238_jpg.rf.d9cab73d2760a7c4fae9d8a20f4682e3.png,6,320.1,166.4,Sem Hipocótilo,19.46,18.0,15.0,18.0,0,0,0,0
C1R9_1735921395238_jpg.rf.d9cab73d2760a7c4fae9d8a20f4682e3.png,7,364.5,138.6,Normal,48.11,46.0,41.0,48.0,0,0,0,0
C1R9_1735921395238_jpg.rf.d9cab73d2760a7c4fae9d8a20f4682e3.png,8,412.4,180.9,Normal,68.35,60.0,52.0,63.0,0,0,0,0
C1R9_1735921395238_jpg.rf.d9cab73d2760a7c4fae9d8a20f4682e3.png,9,474.1,191.0,Normal,38.39,34.0,27.0,42.0,0,0,0,4
C1R9_1735921395238_jpg.rf.d9cab73d2760a7c4fae9d8a20f4682e3.png,10,529.3,171.5,Normal,50.26,42.0,36.0,46.0,0,0,0,1
C1R9_1735921395238_jpg.rf.d9cab73d2760a7c4fae9d8a20f4682e3.png,11,579.6,145.6,Normal,72.75,64.0,54.0,70.0,0,0,0,2
C1R9_1735921395238_jpg.rf.d9cab73d2760a7c4fae9d8a20f4682e3.png,12,97.0,244.8,Sem Hipocótilo,38.11,35.0,32.0,35.0,0,0,0,0
C1R9_1735921395238_jpg.rf.d9cab73d2760a7c4fae9d8a20f4682e3.png,13,157.7,216.0,Normal,56.67,54.0,45.0,58.0,0,0,0,1
C1R9_1735921395238_jpg.rf.d9cab73d2760a7c4fae9d8a20f4682e3.png,14,223.5,218.2,Normal,37.96,35.0,32.0,39.0,0,0,0,0
C1R9_1735921395238_jpg.rf.d9cab73d2760a7c4fae9d8a20f4682e3.png,15,263.1,206.0,Normal,59.53,55.0,49.0,60.0,0,0,0,2
C1R9_1735921395238_jpg.rf.d9cab73d2760a7c4fae9d8a20f4682e3.png,16,322.2,254.0,Normal,25.1,23.0,17.0,27.0,0,0,0,2
C1R9_1735921395238_jpg.rf.d9cab73d2760a7c4fae9d8a20f4682e3.png,17,429.6,230.1,Sem Raiz,20.43,20.0,18.0,21.0,0,0,0,0
C1R9_1735921395238_jpg.rf.d9cab73d2760a7c4fae9d8a20f4682e3.png,18,486.0,258.8,Normal,40.25,34.0,26.0,38.0,0,0,0,0
C1R9_1735921395238_jpg.rf.d9cab73d2760a7c4fae9d8a20f4682e3.png,19,589.9,206.2,Normal,69.26,63.0,60.0,69.0,0,0,0,1
C1R9_1735921395238_jpg.rf.d9cab73d2760a7c4fae9d8a20f4682e3.png,20,101.9,349.3,Normal,64.13,63.0,54.0,68.0,0,1,0,4
C1R9_1735921395238_jpg.rf.d9cab73d2760a7c4fae9d8a20f4682e3.png,21,165.3,358.0,Normal,84.24,74.0,66.0,80.0,0,0,0,1
C1R9_1735921395238_jpg.rf.d9cab73d2760a7c4fae9d8a20f4682e3.png,22,167.2,295.5,Normal,28.37,28.0,24.0,33.0,0,0,0,1
C1R9_1735921395238_jpg.rf.d9cab73d2760a7c4fae9d8a20f4682e3.png,23,218.4,341.5,Normal,62.59,57.0,52.0,63.0,1,1,0,3
C1R9_1735921395238_jpg.rf.d9cab73d2760a7c4fae9d8a20f4682e3.png,24,262.3,289.8,Normal,37.83,37.0,33.0,43.0,0,0,0,6
C1R9_1735921395238_jpg.rf.d9cab73d2760a7c4fae9d8a20f4682e3.png,25,307.2,335.5,Normal,105.77,100.0,96.0,109.0,0,0,0,7
C1R9_1735921395238_jpg.rf.d9cab73d2760a7c4fae9d8a20f4682e3.png,26,380.0,280.5,Normal,52.55,47.0,45.0,53.0,0,0,0,2
C1R9_1735921395238_jpg.rf.d9cab73d2760a7c4fae9d8a20f4682e3.png,27,434.3,329.6,Normal,63.99,55.0,51.0,62.0,0,0,0,3
C1R9_1735921395238_jpg.rf.d9cab73d2760a7c4fae9d8a20f4682e3.png,28,478.4,359.9,Normal,103.18,98.0,89.0,108.0,3,3,0,7
C1R9_1735921395238_jpg.rf.d9cab73d2760a7c4fae9d8a20f4682e3.png,29,542.0,318.9,Sem Raiz,26.52,28.0,21.0,35.0,0,0,0,1
C1R9_1735921395238_jpg.rf.d9cab73d2760a7c4fae9d8a20f4682e3.png,30,582.6,304.1,Normal,60.45,55.0,46.0,60.0,3,3,0,3
C1R9_1735921395238_jpg.rf.d9cab73d2760a7c4fae9d8a20f4682e3.png,31,210.6,387.9,Normal,25.54,30.0,26.0,38.0,1,5,0,5
C1R9_1735921395238_jpg.rf.d9cab73d2760a7c4fae9d8a20f4682e3.png,32,263.7,439.4,Sem Hipocótilo,17.37,15.0,15.0,19.0,0,0,0,0
C1R9_1735921395238_jpg.rf.d9cab73d2760a7c4fae9d8a20f4682e3.png,33,266.6,367.1,Sem Hipocótilo,14.84,14.0,13.0,16.0,0,0,0,0
C1R9_1735921395238_jpg.rf.d9cab73d2760a7c4fae9d8a20f4682e3.png,34,339.0,417.5,Normal,68.2,67.0,61.0,70.0,0,3,0,1
C1R9_1735921395238_jpg.rf.d9cab73d2760a7c4fae9d8a20f4682e3.png,35,377.8,374.6,Normal,88.66,81.0,74.0,87.0,0,0,0,2
C1R9_1735921395238_jpg.rf.d9cab73d2760a7c4fae9d8a20f4682e3.png,36,428.9,408.8,Normal,69.34,60.0,52.0,65.0,0,0,0,4
C1R9_1735921395238_jpg.rf.d9cab73d2760a7c4fae9d8a20f4682e3.png,37,533.4,398.3,Normal,55.42,50.0,42.0,60.0,0,0,0,6
C1R9_1735921395238_jpg.rf.d9cab73d2760a7c4fae9d8a20f4682e3.png,38,603.4,364.1,Sem Raiz,11.74,14.0,11.0,16.0,0,0,0,0
C1R9_1735921395238_jpg.rf.d9cab73d2760a7c4fae9d8a20f4682e3.png,39,97.3,493.1,Normal,28.34,27.0,21.0,32.0,0,0,0,0
C1R9_1735921395238_jpg.rf.d9cab73d2760a7c4fae9d8a20f4682e3.png,40,112.5,441.3,Normal,82.64,81.0,70.0,86.0,3,3,0,4
C1R9_1735921395238_jpg.rf.d9cab73d2760a7c4fae9d8a20f4682e3.png,41,227.5,471.8,Sem Raiz,17.99,20.0,17.0,29.0,0,0,0,7
C1R9_1735921395238_jpg.rf.d9cab73d2760a7c4fae9d8a20f4682e3.png,42,228.2,501.0,Sem Hipocótilo,27.52,28.0,25.0,29.0,0,0,0,0
C1R9_1735921395238_jpg.rf.d9cab73d2760a7c4fae9d8a20f4682e3.png,43,333.8,499.7,Sem Hipocótilo,32.62,28.0,24.0,32.0,0,0,0,1
C1R9_1735921395238_jpg.rf.d9cab73d2760a7c4fae9d8a20f4682e3.png,44,388.7,462.0,Normal,56.54,50.0,47.0,58.0,0,0,0,2
C1R9_1735921395238_jpg.rf.d9cab73d2760a7c4fae9d8a20f4682e3.png,45,437.3,490.0,Normal,70.8,61.0,59.0,65.0,0,0,0,2
C1R9_1735921395238_jpg.rf.d9cab73d2760a7c4fae9d8a20f4682e3.png,46,492.8,464.3,Sem Raiz,22.42,23.0,15.0,28.0,0,0,0,1
C1R9_1735921395238_jpg.rf.d9cab73d2760a7c4fae9d8a20f4682e3.png,47,546.7,481.0,Sem Raiz,24.5,21.0,20.0,28.0,0,0,0,0
C1R9_1735921395238_jpg.rf.d9cab73d2760a7c4fae9d8a20f4682e3.png,48,586.1,455.7,Normal,86.7,82.0,72.0,85.0,0,3,0,4
C2R10_1735921507172_jpg.rf.d6f11e01a9e0f7f840f678e22af46f94.png,1,99.1,177.0,Normal,147.49,134.0,126.0,141.0,0,0,0,4
C2R10_1735921507172_jpg.rf.d6f11e01a9e0f7f840f678e22af46f94.png,2,178.9,167.3,Normal,123.12,131.0,130.0,139.0,3,12,3,11
C2R10_1735921507172_jpg.rf.d6f11e01a9e0f7f840f678e22af46f94.png,3,226.1,151.3,Normal,154.71,143.0,138.0,149.0,0,0,0,2
C2R10_1735921507172_jpg.rf.d6f11e01a9e0f7f840f678e22af46f94.png,4,275.8,174.7,Normal,95.25,86.0,77.0,91.0,0,0,0,2
C2R10_1735921507172_jpg.rf.d6f11e01a9e0f7f840f678e22af46f94.png,5,386.1,181.4,Normal,125.32,117.0,113.0,127.0,0,0,0,3
C2R10_1735921507172_jpg.rf.d6f11e01a9e0f7f840f678e22af46f94.png,6,442.7,181.3,Normal,161.45,156.0,151.0,167.0,4,4,1,7
C2R10_1735921507172_jpg.rf.d6f11e01a9e0f7f840f678e22af46f94.png,7,468.3,195.0,Normal,182.43,169.0,164.0,177.0,0,0,0,5
C2R10_1735921507172_jpg.rf.d6f11e01a9e0f7f840f678e22af46f94.png,8,545.2,195.1,Normal,148.91,148.0,142.0,155.0,0,3,0,3
C2R10_1735921507172_jpg.rf.d6f11e01a9e0f7f840f678e22af46f94.png,9,572.7,174.3,Normal,97.89,102.0,91.0,104.0,7,7,0,4
C2R10_1735921507172_jpg.rf.d6f11e01a9e0f7f840f678e22af46f94.png,10,152.5,247.0,Normal,214.06,196.0,191.0,217.0,0,0,0,11
C2R10_1735921507172_jpg.rf.d6f11e01a9e0f7f840f678e22af46f94.png,11,206.0,239.2,Normal,109.21,105.0,100.0,114.0,0,0,0,2
C2R10_1735921507172_jpg.rf.d6f11e01a9e0f7f840f678e22af46f94.png,12,252.6,216.1,Normal,126.35,126.0,122.0,130.0,0,3,0,2
C2R10_1735921507172_jpg.rf.d6f11e01a9e0f7f840f678e22af46f94.png,13,278.1,239.0,Sem Raiz,16.19,15.0,14.0,15.0,0,0,0,0
C2R10_1735921507172_jpg.rf.d6f11e01a9e0f7f840f678e22af46f94.png,14,315.4,200.3,Normal,169.52,162.0,154.0,167.0,0,0,0,2
C2R10_1735921507172_jpg.rf.d6f11e01a9e0f7f840f678e22af46f94.png,15,349.2,211.1,Normal,130.7,128.0,123.0,135.0,0,0,0,5
C2R10_1735921507172_jpg.rf.d6f11e01a9e0f7f840f678e22af46f94.png,16,497.4,237.4,Normal,109.27,104.0,99.0,110.0,0,3,0,3
C2R10_1735921507172_jpg.rf.d6f11e01a9e0f7f840f678e22af46f94.png,17,79.0,308.0,Sem Hipocótilo,84.88,78.0,74.0,79.0,0,0,0,0
C2R10_1735921507172_jpg.rf.d6f11e01a9e0f7f840f678e22af46f94.png,18,118.5,325.4,Normal,131.01,122.0,116.0,129.0,0,0,0,4
C2R10_1735921507172_jpg.rf.d6f11e01a9e0f7f840f678e22af46f94.png,19,234.0,324.0,Normal,143.92,140.0,130.0,142.0,1,3,0,4
C2R10_1735921507172_jpg.rf.d6f11e01a9e0f7f840f678e22af46f94.png,20,278.3,311.1,Sem Hipocótilo,110.64,108.0,102.0,109.0,0,0,0,0
C2R10_1735921507172_jpg.rf.d6f11e01a9e0f7f840f678e22af46f94.png,21,331.8,347.6,Normal,76.95,72.0,70.0,78.0,0,0,0,5
C2R10_1735921507172_jpg.rf.d6f11e01a9e0f7f840f678e22af46f94.png,22,355.6,346.3,Sem Hipocótilo,43.98,44.0,44.0,46.0,0,0,0,1
C2R10_1735921507172_jpg.rf.d6f11e01a9e0f7f840f678e22af46f94.png,23,361.4,305.7,Sem Raiz,11.98,12.0,8.0,16.0,0,0,0,1
C2R10_1735921507172_jpg.rf.d6f11e01a9e0f7f840f678e22af46f94.png,24,406.9,307.8,Normal,171.7,167.0,160.0,172.0,0,0,0,1
C2R10_1735921507172_jpg.rf.d6f11e01a9e0f7f840f678e22af46f94.png,25,426.4,309.2,Sem Raiz,25.88,28.0,22.0,31.0,0,3,0,1
C2R10_1735921507172_jpg.rf.d6f11e01a9e0f7f840f678e22af46f94.png,26,520.4,314.1,Normal,61.16,62.0,49.0,63.0,0,3,0,1
C2R10_1735921507172_jpg.rf.d6f11e01a9e0f7f840f678e22af46f94.png,27,563.2,293.1,Normal,117.7,110.0,100.0,114.0,0,0,0,1
C2R10_1735921507172_jpg.rf.d6f11e01a9e0f7f840f678e22af46f94.png,28,75.4,387.2,Sem Raiz,22.27,20.0,16.0,20.0,0,0,0,0
C2R10_1735921507172_jpg.rf.d6f11e01a9e0f7f840f678e22af46f94.png,29,168.2,386.7,Normal,102.31,98.0,95.0,106.0,0,0,0,2
C2R10_1735921507172_jpg.rf.d6f11e01a9e0f7f840f678e22af46f94.png,30,191.9,378.7,Normal,129.1,122.0,119.0,130.0,0,0,0,4
C2R10_1735921507172_jpg.rf.d6f11e01a9e0f7f840f678e22af46f94.png,31,254.0,394.9,Normal,166.78,151.0,146.0,158.0,0,0,0,6
C2R10_1735921507172_jpg.rf.d6f11e01a9e0f7f840f678e22af46f94.png,32,298.7,377.4,Sem Raiz,23.42,23.0,19.0,26.0,0,0,0,1
C2R10_1735921507172_jpg.rf.d6f11e01a9e0f7f840f678e22af46f94.png,33,372.0,375.1,Normal,113.67,106.0,98.0,113.0,0,0,0,4
C2R10_1735921507172_jpg.rf.d6f11e01a9e0f7f840f678e22af46f94.png,34,424.1,368.5,Sem Hipocótilo,86.22,84.0,80.0,85.0,0,0,0,0
C2R10_1735921507172_jpg.rf.d6f11e01a9e0f7f840f678e22af46f94.png,35,453.9,364.2,Normal,154.3,150.0,145.0,158.0,0,1,0,4
C2R10_1735921507172_jpg.rf.d6f11e01a9e0f7f840f678e22af46f94.png,36,476.5,434.7,Normal,109.79,103.0,97.0,106.0,0,0,0,1
C2R10_1735921507172_jpg.rf.d6f11e01a9e0f7f840f678e22af46f94.png,37,507.0,396.7,Normal,190.0,176.0,171.0,189.0,0,0,0,6
C2R10_1735921507172_jpg.rf.d6f11e01a9e0f7f840f678e22af46f94.png,38,532.1,383.0,Normal,93.73,91.0,83.0,94.0,0,3,0,3
C2R10_1735921507172_jpg.rf.d6f11e01a9e0f7f840f678e22af46f94.png,39,555.0,417.2,Normal,117.38,110.0,109.0,117.0,0,0,0,4
C2R10_1735921507172_jpg.rf.d6f11e01a9e0f7f840f678e22af46f94.png,40,593.1,372.3,Normal,121.14,114.0,106.0,115.0,0,3,0,3
C2R10_1735921507172_jpg.rf.d6f11e01a9e0f7f840f678e22af46f94.png,41,74.3,456.9,Sem Hipocótilo,114.14,111.0,105.0,112.0,0,0,0,0
C2R10_1735921507172_jpg.rf.d6f11e01a9e0f7f840f678e22af46f94.png,42,112.2,483.9,Normal,106.61,98.0,90.0,111.0,2,4,1,6
C2R10_1735921507172_jpg.rf.d6f11e01a9e0f7f840f678e22af46f94.png,43,220.4,450.2,Normal,110.73,101.0,92.0,106.0,0,0,0,3
C2R10_1735921507172_jpg.rf.d6f11e01a9e0f7f840f678e22af46f94.png,44,255.0,502.1,Normal,30.92,28.0,26.0,38.0,0,0,0,4
C2R10_1735921507172_jpg.rf.d6f11e01a9e0f7f840f678e22af46f94.png,45,292.6,448.3,Sem Hipocótilo,97.71,95.0,91.0,96.0,0,0,0,0
C2R10_1735921507172_jpg.rf.d6f11e01a9e0f7f840f678e22af46f94.png,46,328.8,489.1,Normal,137.53,145.0,138.0,154.0,0,4,1,9
C2R10_1735921507172_jpg.rf.d6f11e01a9e0f7f840f678e22af46f94.png,47,367.7,494.7,Normal,84.76,101.0,96.0,107.0,2,4,0,5
C2R10_1735921507172_jpg.rf.d6f11e01a9e0f7f840f678e22af46f94.png,48,393.9,510.2,Normal,34.69,30.0,22.0,37.0,0,0,0,4
C2R10_1735921507172_jpg.rf.d6f11e01a9e0f7f840f678e22af46f94.png,49,425.8,481.4,Sem Hipocótilo,89.79,88.0,83.0,88.0,0,0,0,0
C2R10_1735921507172_jpg.rf.d6f11e01a9e0f7f840f678e22af46f94.png,50,459.9,508.4,Normal,61.34,60.0,56.0,66.0,0,0,0,6
C2R10_1735921507172_jpg.rf.d6f11e01a9e0f7f840f678e22af46f94.png,51,573.9,494.1,Normal,119.28,103.0,97.0,109.0,0,0,0,0
C2R10_1735921507172_jpg.rf.d6f11e01a9e0f7f840f678e22af46f94.png,52,171.1,531.8,Normal,145.19,132.0,127.0,144.0,0,0,0,4
C2R10_1735921507172_jpg.rf.d6f11e01a9e0f7f840f678e22af46f94.png,53,253.3,549.8,Sem Hipocótilo,38.29,37.0,36.0,41.0,0,0,0,3
C2R10_1735921507172_jpg.rf.d6f11e01a9e0f7f840f678e22af46f94.png,54,296.3,531.9,Normal,30.59,28.0,23.0,36.0,0,0,0,2
C2R10_1735921507172_jpg.rf.d6f11e01a9e0f7f840f678e22af46f94.png,55,510.5,529.3,Normal,95.74,103.0,99.0,117.0,4,4,0,5
C2R1_1735921507372_jpg.rf.2b76e0dcd69ac0c1485afdc197e4c74b.png,1,390.0,92.3,Sem Raiz,21.9,21.0,20.0,26.0,0,0,0,1
C2R1_1735921507372_jpg.rf.2b76e0dcd69ac0c1485afdc197e4c74b.png,2,107.8,139.6,Normal,144.32,132.0,129.0,144.0,0,0,0,8
C2R1_1735921507372_jpg.rf.2b76e0dcd69ac0c1485afdc197e4c74b.png,3,138.7,122.0,Normal,120.46,114.0,106.0,125.0,0,0,0,9
C2R1_1735921507372_jpg.rf.2b76e0dcd69ac0c1485afdc197e4c74b.png,4,165.6,181.3,Normal,88.23,83.0,72.0,88.0,0,0,0,1
C2R1_1735921507372_jpg.rf.2b76e0dcd69ac0c1485afdc197e4c74b.png,5,316.9,147.9,Normal,101.46,97.0,92.0,103.0,0,0,0,2
C2R1_1735921507372_jpg.rf.2b76e0dcd69ac0c1485afdc197e4c74b.png,6,389.1,142.2,Sem Hipocótilo,77.54,74.0,72.0,76.0,0,0,0,0
C2R1_1735921507372_jpg.rf.2b76e0dcd69ac0c1485afdc197e4c74b.png,7,503.2,140.2,Normal,147.19,144.0,135.0,154.0,3,3,1,7
C2R1_1735921507372_jpg.rf.2b76e0dcd69ac0c1485afdc197e4c74b.png,8,546.6,150.4,Normal,85.26,75.0,68.0,91.0,0,0,0,5
C2R1_1735921507372_jpg.rf.2b76e0dcd69ac0c1485afdc197e4c74b.png,9,604.7,146.2,Sem Raiz,28.28,26.0,20.0,27.0,0,0,0,1
C2R1_1735921507372_jpg.rf.2b76e0dcd69ac0c1485afdc197e4c74b.png,10,70.8,237.8,Normal,103.73,96.0,86.0,100.0,0,0,0,1
C2R1_1735921507372_jpg.rf.2b76e0dcd69ac0c1485afdc197e4c74b.png,11,140.4,269.4,Normal,97.46,97.0,88.0,98.0,0,3,0,3
C2R1_1735921507372_jpg.rf.2b76e0dcd69ac0c1485afdc197e4c74b.png,12,208.1,210.3,Normal,109.73,104.0,97.0,111.0,0,3,1,7
C2R1_1735921507372_jpg.rf.2b76e0dcd69ac0c1485afdc197e4c74b.png,13,265.5,242.5,Normal,327.69,311.0,301.0,327.0,0,0,0,8
C2R1_1735921507372_jpg.rf.2b76e0dcd69ac0c1485afdc197e4c74b.png,14,290.6,210.1,Normal,164.68,154.0,146.0,161.0,0,0,0,4
C2R1_1735921507372_jpg.rf.2b76e0dcd69ac0c1485afdc197e4c74b.png,15,329.0,278.1,Sem Hipocótilo,67.0,65.0,64.0,66.0,0,0,0,0
C2R1_1735921507372_jpg.rf.2b76e0dcd69ac0c1485afdc197e4c74b.png,16,330.4,218.9,Sem Raiz,36.21,37.0,36.0,38.0,0,0,0,0
C2R1_1735921507372_jpg.rf.2b76e0dcd69ac0c1485afdc197e4c74b.png,17,354.2,250.7,Normal,149.11,138.0,134.0,142.0,0,0,0,1
C2R1_1735921507372_jpg.rf.2b76e0dcd69ac0c1485afdc197e4c74b.png,18,399.2,252.8,Normal,92.78,82.0,75.0,87.0,0,0,0,1
C2R1_1735921507372_jpg.rf.2b76e0dcd69ac0c1485afdc197e4c74b.png,19,428.7,223.8,Normal,142.8,139.0,122.0,140.0,4,4,0,1
C2R1_1735921507372_jpg.rf.2b76e0dcd69ac0c1485afdc197e4c74b.png,20,497.9,251.4,Normal,159.45,154.0,147.0,162.0,0,3,0,5
C2R1_1735921507372_jpg.rf.2b76e0dcd69ac0c1485afdc197e4c74b.png,21,529.9,243.1,Normal,48.31,51.0,40.0,55.0,1,1,3,1
C2R1_1735921507372_jpg.rf.2b76e0dcd69ac0c1485afdc197e4c74b.png,22,592.3,247.0,Normal,117.43,107.0,104.0,113.0,0,0,0,2
C2R1_1735921507372_jpg.rf.2b76e0dcd69ac0c1485afdc197e4c74b.png,23,116.9,319.5,Normal,102.34,98.0,93.0,105.0,0,0,0,2
C2R1_1735921507372_jpg.rf.2b76e0dcd69ac0c1485afdc197e4c74b.png,24,193.0,293.6,Normal,93.1,94.0,85.0,104.0,0,1,0,7
C2R1_1735921507372_jpg.rf.2b76e0dcd69ac0c1485afdc197e4c74b.png,25,219.8,321.2,Normal,90.89,80.0,71.0,86.0,0,0,0,4
C2R1_1735921507372_jpg.rf.2b76e0dcd69ac0c1485afdc197e4c74b.png,26,321.2,314.7,Sem Raiz,20.82,29.0,29.0,31.0,1,7,1,6
C2R1_1735921507372_jpg.rf.2b76e0dcd69ac0c1485afdc197e4c74b.png,27,379.3,307.7,Normal,36.32,33.0,29.0,40.0,0,0,0,2
C2R1_1735921507372_jpg.rf.2b76e0dcd69ac0c1485afdc197e4c74b.png,28,415.2,319.8,Sem Raiz,11.98,12.0,6.0,16.0,0,0,0,3
C2R1_1735921507372_jpg.rf.2b76e0dcd69ac0c1485afdc197e4c74b.png,29,459.9,296.6,Normal,144.6,135.0,128.0,142.0,0,0,0,4
C2R1_1735921507372_jpg.rf.2b76e0dcd69ac0c1485afdc197e4c74b.png,30,522.8,344.7,Normal,158.29,144.0,134.0,147.0,0,3,0,2
C2R1_1735921507372_jpg.rf.2b76e0dcd69ac0c1485afdc197e4c74b.png,31,562.1,309.2,Normal,95.92,109.0,106.0,120.0,0,4,0,5
C2R1_1735921507372_jpg.rf.2b76e0dcd69ac0c1485afdc197e4c74b.png,32,82.2,374.6,Normal,134.43,132.0,126.0,138.0,0,4,0,4
C2R1_1735921507372_jpg.rf.2b76e0dcd69ac0c1485afdc197e4c74b.png,33,246.4,404.9,Normal,150.65,164.0,163.0,175.0,0,18,7,16
C2R1_1735921507372_jpg.rf.2b76e0dcd69ac0c1485afdc197e4c74b.png,34,315.3,372.8,Sem Hipocótilo,89.07,79.0,75.0,81.0,0,0,0,1
C2R1_1735921507372_jpg.rf.2b76e0dcd69ac0c1485afdc197e4c74b.png,35,315.6,420.8,Sem Raiz,37.94,33.0,31.0,34.0,0,0,0,0
C2R1_1735921507372_jpg.rf.2b76e0dcd69ac0c1485afdc197e4c74b.png,36,360.6,418.0,Normal,148.03,136.0,130.0,138.0,0,3,0,4
C2R1_1735921507372_jpg.rf.2b76e0dcd69ac0c1485afdc197e4c74b.png,37,419.3,386.1,Sem Hipocótilo,111.84,101.0,101.0,103.0,0,0,0,0
C2R1_1735921507372_jpg.rf.2b76e0dcd69ac0c1485afdc197e4c74b.png,38,455.7,423.8,Normal,96.22,93.0,89.0,100.0,1,1,1,3
C2R1_1735921507372_jpg.rf.2b76e0dcd69ac0c1485afdc197e4c74b.png,39,493.3,396.4,Normal,137.09,132.0,127.0,142.0,0,0,0,2
C2R1_1735921507372_jpg.rf.2b76e0dcd69ac0c1485afdc197e4c74b.png,40,529.2,414.3,Normal,84.57,82.0,73.0,85.0,0,0,0,3
C2R1_1735921507372_jpg.rf.2b76e0dcd69ac0c1485afdc197e4c74b.png,41,566.8,405.9,Normal,73.69,72.0,57.0,79.0,2,4,0,3
C2R1_1735921507372_jpg.rf.2b76e0dcd69ac0c1485afdc197e4c74b.png,42,91.0,520.0,Normal,147.59,141.0,137.0,148.0,0,0,0,6
C2R1_1735921507372_jpg.rf.2b76e0dcd69ac0c1485afdc197e4c74b.png,43,140.0,478.7,Normal,222.46,210.0,201.0,221.0,0,0,0,5
C2R1_1735921507372_jpg.rf.2b76e0dcd69ac0c1485afdc197e4c74b.png,44,182.2,460.9,Normal,354.34,349.0,327.0,357.0,0,7,0,4
C2R1_1735921507372_jpg.rf.2b76e0dcd69ac0c1485afdc197e4c74b.png,45,215.2,444.5,Normal,154.54,148.0,139.0,154.0,1,1,0,2
C2R1_1735921507372_jpg.rf.2b76e0dcd69ac0c1485afdc197e4c74b.png,46,275.2,471.3,Normal,57.48,53.0,49.0,67.0,0,0,0,4
C2R1_1735921507372_jpg.rf.2b76e0dcd69ac0c1485afdc197e4c74b.png,47,314.4,472.7,Sem Raiz,45.69,41.0,41.0,42.0,0,0,0,0
C2R1_1735921507372_jpg.rf.2b76e0dcd69ac0c1485afdc197e4c74b.png,48,371.7,519.2,Normal,94.93,94.0,87.0,100.0,1,6,0,4
C2R1_1735921507372_jpg.rf.2b76e0dcd69ac0c1485afdc197e4c74b.png,49,435.2,519.8,Normal,129.33,120.0,118.0,130.0,0,0,0,4
C2R1_1735921507372_jpg.rf.2b76e0dcd69ac0c1485afdc197e4c74b.png,50,468.2,502.3,Normal,130.7,119.0,108.0,124.0,0,0,0,1
C2R1_1735921507372_jpg.rf.2b76e0dcd69ac0c1485afdc197e4c74b.png,51,543.5,494.0,Sem Raiz,19.5,17.0,14.0,19.0,0,0,0,0
C2R1_1735921507372_jpg.rf.2b76e0dcd69ac0c1485afdc197e4c74b.png,52,592.4,490.7,Normal,96.99,94.0,93.0,106.0,0,0,0,6
C2R1_1735921507372_jpg.rf.2b76e0dcd69ac0c1485afdc197e4c74b.png,53,311.4,526.5,Sem Hipocótilo,55.47,50.0,46.0,51.0,0,0,0,0
C2R1_1735921507372_jpg.rf.2b76e0dcd69ac0c1485afdc197e4c74b.png,54,533.2,554.6,Sem Hipocótilo,93.22,90.0,86.0,94.0,0,0,0,1
C2R2_1735921507349_jpg.rf.98925032653e8ee1a9ec6f58dd4bb564.png,1,150.4,186.4,Sem Raiz,10.85,10.0,6.0,12.0,0,0,0,0
C2R2_1735921507349_jpg.rf.98925032653e8ee1a9ec6f58dd4bb564.png,2,173.3,139.6,Normal,90.97,84.0,75.0,88.0,0,0,0,1
C2R2_1735921507349_jpg.rf.98925032653e8ee1a9ec6f58dd4bb564.png,3,212.0,157.9,Normal,118.23,114.0,106.0,119.0,2,4,0,4
C2R2_1735921507349_jpg.rf.98925032653e8ee1a9ec6f58dd4bb564.png,4,259.5,156.9,Normal,103.37,104.0,93.0,110.0,3,11,5,3
C2R2_1735921507349_jpg.rf.98925032653e8ee1a9ec6f58dd4bb564.png,5,439.2,166.1,Normal,74.75,65.0,61.0,71.0,0,0,0,1
C2R2_1735921507349_jpg.rf.98925032653e8ee1a9ec6f58dd4bb564.png,6,488.4,176.1,Normal,151.68,143.0,138.0,147.0,0,0,0,0
C2R2_1735921507349_jpg.rf.98925032653e8ee1a9ec6f58dd4bb564.png,7,532.0,192.5,Normal,125.9,115.0,105.0,118.0,0,0,0,1
C2R2_1735921507349_jpg.rf.98925032653e8ee1a9ec6f58dd4bb564.png,8,105.0,215.6,Normal,56.8,54.0,44.0,60.0,1,1,3,4
C2R2_1735921507349_jpg.rf.98925032653e8ee1a9ec6f58dd4bb564.png,9,126.1,212.5,Normal,198.12,186.0,176.0,193.0,0,4,0,4
C2R2_1735921507349_jpg.rf.98925032653e8ee1a9ec6f58dd4bb564.png,10,168.0,265.6,Normal,44.45,40.0,34.0,45.0,0,0,0,3
C2R2_1735921507349_jpg.rf.98925032653e8ee1a9ec6f58dd4bb564.png,11,196.1,275.0,Normal,74.79,68.0,64.0,74.0,0,0,0,3
C2R2_1735921507349_jpg.rf.98925032653e8ee1a9ec6f58dd4bb564.png,12,236.0,206.3,Normal,71.01,64.0,57.0,70.0,0,0,0,4
C2R2_1735921507349_jpg.rf.98925032653e8ee1a9ec6f58dd4bb564.png,13,295.7,261.9,Normal,82.93,81.0,76.0,86.0,0,1,0,2
C2R2_1735921507349_jpg.rf.98925032653e8ee1a9ec6f58dd4bb564.png,14,327.9,202.6,Normal,159.54,159.0,154.0,166.0,0,1,0,5
C2R2_1735921507349_jpg.rf.98925032653e8ee1a9ec6f58dd4bb564.png,15,369.0,267.1,Normal,123.43,114.0,106.0,118.0,0,3,0,4
C2R2_1735921507349_jpg.rf.98925032653e8ee1a9ec6f58dd4bb564.png,16,390.0,209.8,Normal,135.12,117.0,111.0,124.0,0,0,0,5
C2R2_1735921507349_jpg.rf.98925032653e8ee1a9ec6f58dd4bb564.png,17,469.0,218.1,Normal,31.95,28.0,25.0,34.0,0,0,0,3
C2R2_1735921507349_jpg.rf.98925032653e8ee1a9ec6f58dd4bb564.png,18,562.6,244.9,Normal,55.1,53.0,46.0,56.0,0,0,0,1
C2R2_1735921507349_jpg.rf.98925032653e8ee1a9ec6f58dd4bb564.png,19,595.7,201.6,Normal,162.97,155.0,148.0,161.0,0,0,0,3
C2R2_1735921507349_jpg.rf.98925032653e8ee1a9ec6f58dd4bb564.png,20,115.7,332.6,Normal,108.02,111.0,102.0,113.0,0,7,0,2
C2R2_1735921507349_jpg.rf.98925032653e8ee1a9ec6f58dd4bb564.png,21,215.1,350.9,Normal,112.57,99.0,95.0,104.0,0,0,0,0
C2R2_1735921507349_jpg.rf.98925032653e8ee1a9ec6f58dd4bb564.png,22,255.2,289.5,Sem Hipocótilo,11.1,10.0,6.0,12.0,0,0,0,0
C2R2_1735921507349_jpg.rf.98925032653e8ee1a9ec6f58dd4bb564.png,23,312.6,343.3,Normal,94.25,91.0,90.0,95.0,0,1,0,0
C2R2_1735921507349_jpg.rf.98925032653e8ee1a9ec6f58dd4bb564.png,24,446.1,280.1,Normal,88.99,80.0,79.0,92.0,0,0,0,4
C2R2_1735921507349_jpg.rf.98925032653e8ee1a9ec6f58dd4bb564.png,25,481.2,303.4,Normal,99.52,96.0,89.0,104.0,0,0,0,4
C2R2_1735921507349_jpg.rf.98925032653e8ee1a9ec6f58dd4bb564.png,26,513.9,284.3,Normal,124.44,114.0,107.0,119.0,0,0,0,3
C2R2_1735921507349_jpg.rf.98925032653e8ee1a9ec6f58dd4bb564.png,27,602.7,343.2,Normal,82.67,76.0,76.0,84.0,0,0,0,1
C2R2_1735921507349_jpg.rf.98925032653e8ee1a9ec6f58dd4bb564.png,28,151.1,385.1,Normal,130.06,116.0,111.0,123.0,0,0,0,1
C2R2_1735921507349_jpg.rf.98925032653e8ee1a9ec6f58dd4bb564.png,29,248.9,392.7,Normal,83.94,82.0,76.0,88.0,0,1,0,4
C2R2_1735921507349_jpg.rf.98925032653e8ee1a9ec6f58dd4bb564.png,30,322.1,434.3,Sem Hipocótilo,32.19,30.0,27.0,30.0,0,0,0,0
C2R2_1735921507349_jpg.rf.98925032653e8ee1a9ec6f58dd4bb564.png,31,359.5,432.2,Normal,71.95,67.0,61.0,76.0,0,0,0,3
C2R2_1735921507349_jpg.rf.98925032653e8ee1a9ec6f58dd4bb564.png,32,383.2,415.1,Normal,159.06,161.0,153.0,166.0,0,5,0,2
C2R2_1735921507349_jpg.rf.98925032653e8ee1a9ec6f58dd4bb564.png,33,413.1,365.9,Normal,151.42,135.0,127.0,138.0,0,0,0,0
C2R2_1735921507349_jpg.rf.98925032653e8ee1a9ec6f58dd4bb564.png,34,425.9,423.3,Normal,106.38,96.0,91.0,99.0,1,1,0,3
C2R2_1735921507349_jpg.rf.98925032653e8ee1a9ec6f58dd4bb564.png,35,482.2,387.2,Normal,69.69,63.0,51.0,67.0,0,0,0,3
C2R2_1735921507349_jpg.rf.98925032653e8ee1a9ec6f58dd4bb564.png,36,523.4,392.7,Normal,167.11,151.0,147.0,155.0,0,0,0,4
C2R2_1735921507349_jpg.rf.98925032653e8ee1a9ec6f58dd4bb564.png,37,568.8,424.9,Normal,131.24,121.0,110.0,120.0,0,0,0,0
C2R2_1735921507349_jpg.rf.98925032653e8ee1a9ec6f58dd4bb564.png,38,111.8,507.4,Normal,99.68,94.0,86.0,99.0,0,0,0,1
C2R2_1735921507349_jpg.rf.98925032653e8ee1a9ec6f58dd4bb564.png,39,125.5,479.4,Normal,150.43,142.0,137.0,152.0,0,0,0,6
C2R2_1735921507349_jpg.rf.98925032653e8ee1a9ec6f58dd4bb564.png,40,148.9,492.0,Normal,102.98,96.0,90.0,103.0,0,0,0,4
C2R2_1735921507349_jpg.rf.98925032653e8ee1a9ec6f58dd4bb564.png,41,181.7,498.6,Normal,131.58,128.0,124.0,135.0,0,0,0,6
C2R2_1735921507349_jpg.rf.98925032653e8ee1a9ec6f58dd4bb564.png,42,221.7,472.6,Normal,150.45,154.0,143.0,160.0,3,3,3,4
C2R2_1735921507349_jpg.rf.98925032653e8ee1a9ec6f58dd4bb564.png,43,265.0,468.3,Normal,154.46,151.0,140.0,158.0,0,3,0,4
C2R2_1735921507349_jpg.rf.98925032653e8ee1a9ec6f58dd4bb564.png,44,294.2,504.5,Normal,61.57,62.0,59.0,66.0,0,1,0,2
C2R2_1735921507349_jpg.rf.98925032653e8ee1a9ec6f58dd4bb564.png,45,433.3,494.7,Sem Hipocótilo,17.34,16.0,13.0,17.0,0,0,0,0
C2R2_1735921507349_jpg.rf.98925032653e8ee1a9ec6f58dd4bb564.png,46,463.7,459.0,Normal,91.87,85.0,78.0,91.0,0,0,0,5
C2R2_1735921507349_jpg.rf.98925032653e8ee1a9ec6f58dd4bb564.png,47,541.0,464.9,Normal,125.27,119.0,113.0,125.0,2,4,0,4
C2R2_1735921507349_jpg.rf.98925032653e8ee1a9ec6f58dd4bb564.png,48,592.6,494.7,Normal,122.76,123.0,106.0,126.0,2,8,0,2
C2R2_1735921507349_jpg.rf.98925032653e8ee1a9ec6f58dd4bb564.png,49,513.9,526.7,Normal,113.47,110.0,105.0,119.0,0,0,0,1
C2R3_1735921507318_jpg.rf.9f078313e5c81ede7a7537be3ce9eddc.png,1,105.4,180.2,Normal,83.67,73.0,66.0,78.0,0,0,0,2
C2R3_1735921507318_jpg.rf.9f078313e5c81ede7a7537be3ce9eddc.png,2,146.6,153.1,Normal,111.38,101.0,96.0,107.0,0,0,0,1
C2R3_1735921507318_jpg.rf.9f078313e5c81ede7a7537be3ce9eddc.png,3,239.3,164.3,Normal,101.64,109.0,106.0,126.0,0,3,0,6
C2R3_1735921507318_jpg.rf.9f078313e5c81ede7a7537be3ce9eddc.png,4,264.2,167.6,Sem Raiz,25.43,25.0,25.0,32.0,0,0,0,3
C2R3_1735921507318_jpg.rf.9f078313e5c81ede7a7537be3ce9eddc.png,5,303.5,190.5,Normal,117.5,112.0,110.0,121.0,0,0,0,6
C2R3_1735921507318_jpg.rf.9f078313e5c81ede7a7537be3ce9eddc.png,6,368.7,186.0,Sem Raiz,20.63,18.0,14.0,23.0,0,0,0,4
C2R3_1735921507318_jpg.rf.9f078313e5c81ede7a7537be3ce9eddc.png,7,378.0,150.8,Normal,69.41,62.0,51.0,67.0,0,0,0,1
C2R3_1735921507318_jpg.rf.9f078313e5c81ede7a7537be3ce9eddc.png,8,415.3,193.4,Normal,164.66,154.0,141.0,155.0,0,3,0,3
C2R3_1735921507318_jpg.rf.9f078313e5c81ede7a7537be3ce9eddc.png,9,527.2,149.4,Normal,82.02,71.0,64.0,74.0,0,0,0,1
C2R3_1735921507318_jpg.rf.9f078313e5c81ede7a7537be3ce9eddc.png,10,556.7,148.9,Normal,94.13,90.0,86.0,95.0,0,0,0,5
C2R3_1735921507318_jpg.rf.9f078313e5c81ede7a7537be3ce9eddc.png,11,596.7,180.1,Sem Raiz,22.92,20.0,19.0,21.0,0,0,0,0
C2R3_1735921507318_jpg.rf.9f078313e5c81ede7a7537be3ce9eddc.png,12,140.2,273.3,Normal,74.61,72.0,67.0,75.0,0,0,0,1
C2R3_1735921507318_jpg.rf.9f078313e5c81ede7a7537be3ce9eddc.png,13,173.5,218.3,Normal,109.59,95.0,95.0,101.0,0,0,0,0
C2R3_1735921507318_jpg.rf.9f078313e5c81ede7a7537be3ce9eddc.png,14,215.8,204.0,Normal,112.53,107.0,104.0,116.0,0,0,0,2
C2R3_1735921507318_jpg.rf.9f078313e5c81ede7a7537be3ce9eddc.png,15,235.5,272.6,Normal,35.51,35.0,22.0,44.0,3,3,0,5
C2R3_1735921507318_jpg.rf.9f078313e5c81ede7a7537be3ce9eddc.png,16,270.2,211.3,Sem Hipocótilo,59.71,57.0,52.0,58.0,0,0,0,0
C2R3_1735921507318_jpg.rf.9f078313e5c81ede7a7537be3ce9eddc.png,17,327.7,261.3,Normal,115.16,114.0,101.0,116.0,0,4,0,6
C2R3_1735921507318_jpg.rf.9f078313e5c81ede7a7537be3ce9eddc.png,18,367.1,258.1,Sem Hipocótilo,99.6,94.0,93.0,96.0,0,0,0,1
C2R3_1735921507318_jpg.rf.9f078313e5c81ede7a7537be3ce9eddc.png,19,420.5,217.2,Normal,36.68,33.0,31.0,39.0,0,0,0,1
C2R3_1735921507318_jpg.rf.9f078313e5c81ede7a7537be3ce9eddc.png,20,483.9,220.3,Normal,116.13,97.0,89.0,107.0,0,0,0,10
C2R3_1735921507318_jpg.rf.9f078313e5c81ede7a7537be3ce9eddc.png,21,533.8,215.9,Sem Raiz,28.39,25.0,24.0,31.0,0,0,0,3
C2R3_1735921507318_jpg.rf.9f078313e5c81ede7a7537be3ce9eddc.png,22,591.0,241.2,Sem Hipocótilo,94.78,89.0,85.0,92.0,0,0,0,3
C2R3_1735921507318_jpg.rf.9f078313e5c81ede7a7537be3ce9eddc.png,23,104.3,309.9,Normal,96.59,91.0,84.0,97.0,1,3,0,6
C2R3_1735921507318_jpg.rf.9f078313e5c81ede7a7537be3ce9eddc.png,24,175.4,310.0,Normal,153.75,143.0,139.0,150.0,0,0,0,3
C2R3_1735921507318_jpg.rf.9f078313e5c81ede7a7537be3ce9eddc.png,25,215.9,312.8,Sem Raiz,21.06,23.0,22.0,28.0,0,3,3,2
C2R3_1735921507318_jpg.rf.9f078313e5c81ede7a7537be3ce9eddc.png,26,263.9,307.3,Normal,117.63,108.0,107.0,118.0,0,0,0,3
C2R3_1735921507318_jpg.rf.9f078313e5c81ede7a7537be3ce9eddc.png,27,267.1,350.0,Normal,31.45,34.0,28.0,39.0,2,4,0,2
C2R3_1735921507318_jpg.rf.9f078313e5c81ede7a7537be3ce9eddc.png,28,390.9,348.0,Normal,129.61,119.0,113.0,128.0,0,0,0,0
C2R3_1735921507318_jpg.rf.9f078313e5c81ede7a7537be3ce9eddc.png,29,422.4,313.1,Normal,137.68,122.0,118.0,129.0,0,0,0,1
C2R3_1735921507318_jpg.rf.9f078313e5c81ede7a7537be3ce9eddc.png,30,465.1,325.7,Normal,125.41,114.0,113.0,127.0,0,0,0,6
C2R3_1735921507318_jpg.rf.9f078313e5c81ede7a7537be3ce9eddc.png,31,520.1,329.6,Normal,116.26,103.0,95.0,110.0,0,0,0,2
C2R3_1735921507318_jpg.rf.9f078313e5c81ede7a7537be3ce9eddc.png,32,606.7,331.1,Normal,83.75,81.0,73.0,88.0,0,0,0,1
C2R3_1735921507318_jpg.rf.9f078313e5c81ede7a7537be3ce9eddc.png,33,119.2,387.8,Normal,113.19,97.0,89.0,102.0,0,0,0,0
C2R3_1735921507318_jpg.rf.9f078313e5c81ede7a7537be3ce9eddc.png,34,157.9,407.7,Normal,112.77,100.0,92.0,108.0,0,0,0,4
C2R3_1735921507318_jpg.rf.9f078313e5c81ede7a7537be3ce9eddc.png,35,207.2,371.6,Sem Raiz,27.16,24.0,22.0,30.0,0,0,0,4
C2R3_1735921507318_jpg.rf.9f078313e5c81ede7a7537be3ce9eddc.png,36,215.2,429.1,Sem Hipocótilo,72.88,67.0,63.0,70.0,0,0,0,2
C2R3_1735921507318_jpg.rf.9f078313e5c81ede7a7537be3ce9eddc.png,37,268.4,422.4,Sem Raiz,59.69,52.0,51.0,53.0,0,0,0,0
C2R3_1735921507318_jpg.rf.9f078313e5c81ede7a7537be3ce9eddc.png,38,312.1,365.3,Normal,119.45,114.0,110.0,118.0,0,0,0,0
C2R3_1735921507318_jpg.rf.9f078313e5c81ede7a7537be3ce9eddc.png,39,370.5,374.3,Normal,78.97,96.0,93.0,103.0,7,23,14,13
C2R3_1735921507318_jpg.rf.9f078313e5c81ede7a7537be3ce9eddc.png,40,478.3,368.3,Normal,81.2,77.0,73.0,86.0,3,3,3,3
C2R3_1735921507318_jpg.rf.9f078313e5c81ede7a7537be3ce9eddc.png,41,580.0,379.9,Normal,93.97,85.0,74.0,89.0,0,4,0,1
C2R3_1735921507318_jpg.rf.9f078313e5c81ede7a7537be3ce9eddc.png,42,137.4,502.3,Normal,127.14,114.0,108.0,117.0,0,4,0,1
C2R3_1735921507318_jpg.rf.9f078313e5c81ede7a7537be3ce9eddc.png,43,300.1,496.6,Normal,167.62,158.0,150.0,163.0,0,1,0,4
C2R3_1735921507318_jpg.rf.9f078313e5c81ede7a7537be3ce9eddc.png,44,333.8,440.1,Normal,55.46,51.0,47.0,55.0,0,0,0,0
C2R3_1735921507318_jpg.rf.9f078313e5c81ede7a7537be3ce9eddc.png,45,378.6,506.0,Normal,160.86,156.0,151.0,162.0,0,0,0,2
C2R3_1735921507318_jpg.rf.9f078313e5c81ede7a7537be3ce9eddc.png,46,417.4,511.9,Normal,117.52,111.0,104.0,118.0,3,3,0,7
C2R3_1735921507318_jpg.rf.9f078313e5c81ede7a7537be3ce9eddc.png,47,444.5,486.6,Normal,220.64,205.0,199.0,212.0,0,0,0,3
C2R3_1735921507318_jpg.rf.9f078313e5c81ede7a7537be3ce9eddc.png,48,484.7,486.2,Normal,179.72,167.0,160.0,177.0,0,0,0,5
C2R3_1735921507318_jpg.rf.9f078313e5c81ede7a7537be3ce9eddc.png,49,524.7,452.3,Normal,135.87,123.0,116.0,134.0,0,0,0,6
C2R3_1735921507318_jpg.rf.9f078313e5c81ede7a7537be3ce9eddc.png,50,555.0,515.3,Normal,176.2,162.0,159.0,173.0,0,0,0,6
C2R3_1735921507318_jpg.rf.9f078313e5c81ede7a7537be3ce9eddc.png,51,599.7,501.8,Normal,138.8,141.0,137.0,151.0,4,4,1,3
C2R3_1735921507318_jpg.rf.9f078313e5c81ede7a7537be3ce9eddc.png,52,100.7,525.1,Normal,167.81,153.0,143.0,158.0,0,0,0,1
C2R3_1735921507318_jpg.rf.9f078313e5c81ede7a7537be3ce9eddc.png,53,206.4,523.0,Normal,91.33,84.0,82.0,93.0,0,0,0,4
C2R4_1735921507294_jpg.rf.2b6e20417669fe46f2096b8130dbea8b.png,1,121.4,169.7,Normal,51.16,54.0,45.0,57.0,0,1,0,1
C2R4_1735921507294_jpg.rf.2b6e20417669fe46f2096b8130dbea8b.png,2,171.9,146.3,Normal,112.32,102.0,94.0,108.0,0,0,0,4
C2R4_1735921507294_jpg.rf.2b6e20417669fe46f2096b8130dbea8b.png,3,214.4,192.1,Normal,126.58,117.0,112.0,123.0,0,0,0,1
C2R4_1735921507294_jpg.rf.2b6e20417669fe46f2096b8130dbea8b.png,4,272.2,161.5,Normal,91.58,84.0,78.0,89.0,0,0,0,2
C2R4_1735921507294_jpg.rf.2b6e20417669fe46f2096b8130dbea8b.png,5,327.4,139.9,Sem Raiz,28.73,25.0,24.0,29.0,0,0,0,3
C2R4_1735921507294_jpg.rf.2b6e20417669fe46f2096b8130dbea8b.png,6,333.8,175.1,Sem Hipocótilo,17.98,18.0,16.0,21.0,0,0,0,1
C2R4_1735921507294_jpg.rf.2b6e20417669fe46f2096b8130dbea8b.png,7,357.6,151.4,Normal,113.4,103.0,97.0,107.0,0,0,0,2
C2R4_1735921507294_jpg.rf.2b6e20417669fe46f2096b8130dbea8b.png,8,423.8,153.8,Sem Raiz,24.89,21.0,17.0,22.0,0,0,0,0
C2R4_1735921507294_jpg.rf.2b6e20417669fe46f2096b8130dbea8b.png,9,482.7,195.2,Normal,142.52,131.0,122.0,139.0,0,0,0,4
C2R4_1735921507294_jpg.rf.2b6e20417669fe46f2096b8130dbea8b.png,10,525.6,168.4,Normal,101.95,93.0,83.0,95.0,0,0,0,0
C2R4_1735921507294_jpg.rf.2b6e20417669fe46f2096b8130dbea8b.png,11,556.0,183.0,Normal,130.56,120.0,115.0,124.0,0,0,0,0
C2R4_1735921507294_jpg.rf.2b6e20417669fe46f2096b8130dbea8b.png,12,160.6,246.3,Normal,99.66,90.0,81.0,96.0,0,3,0,4
C2R4_1735921507294_jpg.rf.2b6e20417669fe46f2096b8130dbea8b.png,13,252.0,232.7,Normal,64.0,61.0,54.0,66.0,0,0,0,1
C2R4_1735921507294_jpg.rf.2b6e20417669fe46f2096b8130dbea8b.png,14,313.1,239.2,Normal,136.18,120.0,111.0,126.0,0,0,0,2
C2R4_1735921507294_jpg.rf.2b6e20417669fe46f2096b8130dbea8b.png,15,371.5,257.3,Normal,90.53,79.0,75.0,87.0,0,0,0,6
C2R4_1735921507294_jpg.rf.2b6e20417669fe46f2096b8130dbea8b.png,16,402.2,211.5,Normal,41.15,43.0,31.0,46.0,0,1,0,2
C2R4_1735921507294_jpg.rf.2b6e20417669fe46f2096b8130dbea8b.png,17,421.9,218.7,Sem Hipocótilo,91.18,86.0,82.0,88.0,0,0,0,0
C2R4_1735921507294_jpg.rf.2b6e20417669fe46f2096b8130dbea8b.png,18,465.5,249.8,Normal,81.53,79.0,70.0,82.0,0,4,0,1
C2R4_1735921507294_jpg.rf.2b6e20417669fe46f2096b8130dbea8b.png,19,512.5,271.3,Normal,121.18,116.0,109.0,123.0,0,3,0,2
C2R4_1735921507294_jpg.rf.2b6e20417669fe46f2096b8130dbea8b.png,20,573.5,234.7,Normal,51.39,52.0,45.0,52.0,0,1,0,0
C2R4_1735921507294_jpg.rf.2b6e20417669fe46f2096b8130dbea8b.png,21,89.8,343.8,Normal,98.26,95.0,83.0,100.0,0,3,0,2
C2R4_1735921507294_jpg.rf.2b6e20417669fe46f2096b8130dbea8b.png,22,115.2,285.3,Normal,132.81,123.0,115.0,126.0,0,3,0,3
C2R4_1735921507294_jpg.rf.2b6e20417669fe46f2096b8130dbea8b.png,23,158.1,284.8,Normal,42.27,44.0,40.0,51.0,0,1,0,4
C2R4_1735921507294_jpg.rf.2b6e20417669fe46f2096b8130dbea8b.png,24,189.5,284.3,Normal,97.57,94.0,80.0,101.0,0,0,0,4
C2R4_1735921507294_jpg.rf.2b6e20417669fe46f2096b8130dbea8b.png,25,212.8,349.4,Normal,169.78,162.0,156.0,170.0,0,0,0,4
C2R4_1735921507294_jpg.rf.2b6e20417669fe46f2096b8130dbea8b.png,26,305.3,336.7,Normal,101.31,88.0,83.0,101.0,0,0,0,5
C2R4_1735921507294_jpg.rf.2b6e20417669fe46f2096b8130dbea8b.png,27,361.7,313.7,Normal,115.65,103.0,99.0,110.0,0,0,0,3
C2R4_1735921507294_jpg.rf.2b6e20417669fe46f2096b8130dbea8b.png,28,393.5,353.6,Normal,132.66,125.0,117.0,124.0,0,0,0,0
C2R4_1735921507294_jpg.rf.2b6e20417669fe46f2096b8130dbea8b.png,29,462.2,335.9,Normal,110.92,99.0,89.0,106.0,0,0,0,1
C2R4_1735921507294_jpg.rf.2b6e20417669fe46f2096b8130dbea8b.png,30,530.8,338.1,Normal,104.9,96.0,86.0,103.0,0,0,0,5
C2R4_1735921507294_jpg.rf.2b6e20417669fe46f2096b8130dbea8b.png,31,570.3,327.3,Normal,159.93,143.0,138.0,154.0,0,0,0,4
C2R4_1735921507294_jpg.rf.2b6e20417669fe46f2096b8130dbea8b.png,32,116.0,415.0,Normal,90.42,80.0,75.0,84.0,0,0,0,0
C2R4_1735921507294_jpg.rf.2b6e20417669fe46f2096b8130dbea8b.png,33,165.9,366.0,Normal,49.72,50.0,42.0,55.0,0,4,0,1
C2R4_1735921507294_jpg.rf.2b6e20417669fe46f2096b8130dbea8b.png,34,239.3,386.2,Normal,148.4,140.0,130.0,145.0,0,4,0,2
C2R4_1735921507294_jpg.rf.2b6e20417669fe46f2096b8130dbea8b.png,35,277.6,361.4,Normal,150.2,144.0,132.0,148.0,0,4,0,1
C2R4_1735921507294_jpg.rf.2b6e20417669fe46f2096b8130dbea8b.png,36,311.8,430.2,Normal,85.97,81.0,74.0,91.0,0,3,0,4
C2R4_1735921507294_jpg.rf.2b6e20417669fe46f2096b8130dbea8b.png,37,338.5,411.9,Normal,111.93,108.0,99.0,112.0,0,0,0,2
C2R4_1735921507294_jpg.rf.2b6e20417669fe46f2096b8130dbea8b.png,38,464.5,432.2,Normal,129.11,118.0,111.0,122.0,0,0,0,0
C2R4_1735921507294_jpg.rf.2b6e20417669fe46f2096b8130dbea8b.png,39,563.3,426.0,Sem Raiz,45.45,40.0,36.0,42.0,0,0,0,0
C2R4_1735921507294_jpg.rf.2b6e20417669fe46f2096b8130dbea8b.png,40,72.1,506.1,Normal,38.12,42.0,28.0,48.0,0,4,0,5
C2R4_1735921507294_jpg.rf.2b6e20417669fe46f2096b8130dbea8b.png,41,153.7,498.5,Normal,198.94,186.0,180.0,194.0,0,0,0,4
C2R4_1735921507294_jpg.rf.2b6e20417669fe46f2096b8130dbea8b.png,42,183.0,471.4,Sem Raiz,43.7,39.0,39.0,43.0,0,0,0,3
C2R4_1735921507294_jpg.rf.2b6e20417669fe46f2096b8130dbea8b.png,43,202.5,473.9,Normal,204.45,187.0,175.0,191.0,0,4,0,4
C2R4_1735921507294_jpg.rf.2b6e20417669fe46f2096b8130dbea8b.png,44,268.8,497.5,Normal,61.43,54.0,51.0,59.0,0,0,0,3
C2R4_1735921507294_jpg.rf.2b6e20417669fe46f2096b8130dbea8b.png,45,301.4,496.3,Normal,55.52,56.0,49.0,56.0,0,3,0,1
C2R4_1735921507294_jpg.rf.2b6e20417669fe46f2096b8130dbea8b.png,46,352.8,470.5,Normal,82.11,76.0,70.0,79.0,0,0,0,0
C2R4_1735921507294_jpg.rf.2b6e20417669fe46f2096b8130dbea8b.png,47,403.5,442.0,Normal,125.65,114.0,103.0,118.0,0,0,0,1
C2R4_1735921507294_jpg.rf.2b6e20417669fe46f2096b8130dbea8b.png,48,450.4,496.6,Normal,101.79,95.0,88.0,101.0,0,0,0,2
C2R4_1735921507294_jpg.rf.2b6e20417669fe46f2096b8130dbea8b.png,49,500.4,467.3,Normal,124.07,118.0,109.0,124.0,0,3,0,6
C2R4_1735921507294_jpg.rf.2b6e20417669fe46f2096b8130dbea8b.png,50,529.7,491.0,Normal,77.28,75.0,65.0,85.0,0,3,0,5
C2R4_1735921507294_jpg.rf.2b6e20417669fe46f2096b8130dbea8b.png,51,569.1,508.7,Sem Hipocótilo,115.45,113.0,105.0,116.0,0,0,0,3
C2R4_1735921507294_jpg.rf.2b6e20417669fe46f2096b8130dbea8b.png,52,590.7,464.0,Normal,172.74,156.0,154.0,161.0,0,0,0,1
C2R4_1735921507294_jpg.rf.2b6e20417669fe46f2096b8130dbea8b.png,53,182.6,553.8,Sem Hipocótilo,115.51,112.0,111.0,114.0,0,0,0,0
C2R4_1735921507294_jpg.rf.2b6e20417669fe46f2096b8130dbea8b.png,54,413.0,536.8,Normal,70.2,66.0,58.0,73.0,0,1,0,3
C2R5_1735921507267_jpg.rf.7ffb9594c7847ddcda94b10ad7bcae5f.png,1,279.5,119.9,Sem Raiz,28.94,27.0,29.0,36.0,0,0,0,6
C2R5_1735921507267_jpg.rf.7ffb9594c7847ddcda94b10ad7bcae5f.png,2,94.5,169.0,Normal,140.85,128.0,124.0,133.0,0,0,0,3
C2R5_1735921507267_jpg.rf.7ffb9594c7847ddcda94b10ad7bcae5f.png,3,123.3,194.7,Sem Raiz,17.7,15.0,14.0,18.0,0,0,0,0
C2R5_1735921507267_jpg.rf.7ffb9594c7847ddcda94b10ad7bcae5f.png,4,155.6,146.8,Normal,76.49,70.0,66.0,79.0,0,0,0,4
C2R5_1735921507267_jpg.rf.7ffb9594c7847ddcda94b10ad7bcae5f.png,5,201.3,143.3,Normal,81.36,73.0,62.0,79.0,3,3,0,1
C2R5_1735921507267_jpg.rf.7ffb9594c7847ddcda94b10ad7bcae5f.png,6,291.5,184.7,Normal,160.05,144.0,135.0,148.0,0,0,0,1
C2R5_1735921507267_jpg.rf.7ffb9594c7847ddcda94b10ad7bcae5f.png,7,394.1,176.9,Normal,113.61,110.0,99.0,115.0,3,3,0,4
C2R5_1735921507267_jpg.rf.7ffb9594c7847ddcda94b10ad7bcae5f.png,8,420.2,166.3,Normal,106.05,104.0,93.0,108.0,0,0,0,1
C2R5_1735921507267_jpg.rf.7ffb9594c7847ddcda94b10ad7bcae5f.png,9,472.6,196.5,Normal,112.96,105.0,101.0,111.0,3,3,0,2
C2R5_1735921507267_jpg.rf.7ffb9594c7847ddcda94b10ad7bcae5f.png,10,504.7,167.8,Normal,136.16,119.0,109.0,126.0,0,0,0,4
C2R5_1735921507267_jpg.rf.7ffb9594c7847ddcda94b10ad7bcae5f.png,11,591.8,169.0,Normal,88.01,82.0,79.0,90.0,0,0,0,6
C2R5_1735921507267_jpg.rf.7ffb9594c7847ddcda94b10ad7bcae5f.png,12,109.2,240.8,Sem Hipocótilo,75.11,72.0,67.0,74.0,3,3,0,3
C2R5_1735921507267_jpg.rf.7ffb9594c7847ddcda94b10ad7bcae5f.png,13,167.5,241.7,Normal,138.72,130.0,129.0,146.0,0,0,0,7
C2R5_1735921507267_jpg.rf.7ffb9594c7847ddcda94b10ad7bcae5f.png,14,207.3,220.4,Normal,139.9,121.0,116.0,124.0,0,0,0,3
C2R5_1735921507267_jpg.rf.7ffb9594c7847ddcda94b10ad7bcae5f.png,15,249.2,216.4,Normal,130.31,123.0,121.0,129.0,0,0,0,4
C2R5_1735921507267_jpg.rf.7ffb9594c7847ddcda94b10ad7bcae5f.png,16,311.0,234.0,Normal,174.25,155.0,147.0,162.0,0,0,0,2
C2R5_1735921507267_jpg.rf.7ffb9594c7847ddcda94b10ad7bcae5f.png,17,382.9,236.9,Normal,80.37,76.0,69.0,83.0,0,0,0,2
C2R5_1735921507267_jpg.rf.7ffb9594c7847ddcda94b10ad7bcae5f.png,18,536.8,253.5,Normal,157.81,143.0,140.0,152.0,0,0,0,1
C2R5_1735921507267_jpg.rf.7ffb9594c7847ddcda94b10ad7bcae5f.png,19,559.9,242.1,Normal,92.29,93.0,84.0,104.0,2,4,0,6
C2R5_1735921507267_jpg.rf.7ffb9594c7847ddcda94b10ad7bcae5f.png,20,76.5,333.0,Normal,143.32,126.0,121.0,135.0,0,0,0,4
C2R5_1735921507267_jpg.rf.7ffb9594c7847ddcda94b10ad7bcae5f.png,21,136.1,326.4,Normal,96.8,97.0,85.0,102.0,3,6,0,4
C2R5_1735921507267_jpg.rf.7ffb9594c7847ddcda94b10ad7bcae5f.png,22,209.2,326.0,Normal,106.74,93.0,84.0,94.0,0,0,0,0
C2R5_1735921507267_jpg.rf.7ffb9594c7847ddcda94b10ad7bcae5f.png,23,336.9,332.9,Normal,144.5,135.0,127.0,139.0,0,0,0,0
C2R5_1735921507267_jpg.rf.7ffb9594c7847ddcda94b10ad7bcae5f.png,24,378.5,350.8,Normal,92.67,90.0,83.0,98.0,0,0,0,2
C2R5_1735921507267_jpg.rf.7ffb9594c7847ddcda94b10ad7bcae5f.png,25,418.5,309.3,Normal,193.05,171.0,168.0,175.0,0,0,0,2
C2R5_1735921507267_jpg.rf.7ffb9594c7847ddcda94b10ad7bcae5f.png,26,437.7,327.1,Normal,44.1,41.0,37.0,47.0,0,0,0,1
C2R5_1735921507267_jpg.rf.7ffb9594c7847ddcda94b10ad7bcae5f.png,27,488.7,305.8,Normal,118.77,105.0,98.0,110.0,0,0,0,2
C2R5_1735921507267_jpg.rf.7ffb9594c7847ddcda94b10ad7bcae5f.png,28,595.2,307.8,Normal,113.47,105.0,94.0,109.0,0,1,0,4
C2R5_1735921507267_jpg.rf.7ffb9594c7847ddcda94b10ad7bcae5f.png,29,119.2,403.0,Normal,87.13,81.0,80.0,92.0,0,0,0,1
C2R5_1735921507267_jpg.rf.7ffb9594c7847ddcda94b10ad7bcae5f.png,30,154.0,389.8,Normal,170.29,151.0,140.0,155.0,0,0,0,1
C2R5_1735921507267_jpg.rf.7ffb9594c7847ddcda94b10ad7bcae5f.png,31,223.3,431.7,Normal,101.84,97.0,95.0,106.0,0,0,0,4
C2R5_1735921507267_jpg.rf.7ffb9594c7847ddcda94b10ad7bcae5f.png,32,236.2,372.4,Normal,149.16,143.0,137.0,151.0,0,0,0,2
C2R5_1735921507267_jpg.rf.7ffb9594c7847ddcda94b10ad7bcae5f.png,33,264.8,396.3,Normal,159.73,145.0,140.0,152.0,0,0,0,2
C2R5_1735921507267_jpg.rf.7ffb9594c7847ddcda94b10ad7bcae5f.png,34,285.6,379.2,Normal,102.9,96.0,91.0,109.0,0,0,0,6
C2R5_1735921507267_jpg.rf.7ffb9594c7847ddcda94b10ad7bcae5f.png,35,428.8,417.3,Normal,119.62,122.0,115.0,123.0,4,3,1,1
C2R5_1735921507267_jpg.rf.7ffb9594c7847ddcda94b10ad7bcae5f.png,36,463.6,413.9,Normal,51.86,40.0,42.0,53.0,0,0,0,3
C2R5_1735921507267_jpg.rf.7ffb9594c7847ddcda94b10ad7bcae5f.png,37,507.1,388.0,Normal,76.13,72.0,66.0,82.0,0,3,0,5
C2R5_1735921507267_jpg.rf.7ffb9594c7847ddcda94b10ad7bcae5f.png,38,542.5,366.0,Normal,50.96,45.0,37.0,52.0,0,0,0,4
C2R5_1735921507267_jpg.rf.7ffb9594c7847ddcda94b10ad7bcae5f.png,39,97.7,517.0,Normal,119.41,119.0,101.0,121.0,0,3,0,1
C2R5_1735921507267_jpg.rf.7ffb9594c7847ddcda94b10ad7bcae5f.png,40,162.2,500.5,Normal,153.15,151.0,142.0,159.0,3,6,0,2
C2R5_1735921507267_jpg.rf.7ffb9594c7847ddcda94b10ad7bcae5f.png,41,206.8,515.9,Normal,186.65,169.0,161.0,171.0,0,0,0,0
C2R5_1735921507267_jpg.rf.7ffb9594c7847ddcda94b10ad7bcae5f.png,42,310.9,490.9,Sem Raiz,21.4,18.0,15.0,22.0,0,0,0,1
C2R5_1735921507267_jpg.rf.7ffb9594c7847ddcda94b10ad7bcae5f.png,43,349.0,474.0,Normal,126.2,114.0,110.0,121.0,0,0,0,6
C2R5_1735921507267_jpg.rf.7ffb9594c7847ddcda94b10ad7bcae5f.png,44,382.1,501.8,Normal,142.95,139.0,136.0,148.0,0,0,0,6
C2R5_1735921507267_jpg.rf.7ffb9594c7847ddcda94b10ad7bcae5f.png,45,428.7,500.6,Sem Raiz,17.91,18.0,17.0,22.0,0,0,0,1
C2R5_1735921507267_jpg.rf.7ffb9594c7847ddcda94b10ad7bcae5f.png,46,474.9,507.9,Normal,134.11,125.0,115.0,131.0,0,0,0,2
C2R5_1735921507267_jpg.rf.7ffb9594c7847ddcda94b10ad7bcae5f.png,47,542.6,500.3,Normal,165.19,145.0,141.0,154.0,0,0,0,4
C2R5_1735921507267_jpg.rf.7ffb9594c7847ddcda94b10ad7bcae5f.png,48,587.4,444.4,Normal,80.12,72.0,67.0,80.0,0,0,0,5
C2R5_1735921507267_jpg.rf.7ffb9594c7847ddcda94b10ad7bcae5f.png,49,243.5,535.7,Normal,174.27,167.0,167.0,177.0,0,0,0,5
C2R5_1735921507267_jpg.rf.7ffb9594c7847ddcda94b10ad7bcae5f.png,50,313.4,532.8,Sem Hipocótilo,35.43,35.0,32.0,37.0,0,0,0,1
C2R5_1735921507267_jpg.rf.7ffb9594c7847ddcda94b10ad7bcae5f.png,51,432.1,554.2,Sem Hipocótilo,73.07,69.0,65.0,70.0,0,0,0,0
C2R5_1735921507267_jpg.rf.7ffb9594c7847ddcda94b10ad7bcae5f.png,52,584.6,529.6,Sem Hipocótilo,24.21,22.0,17.0,23.0,0,0,0,0
C2R6_1735921507235_jpg.rf.2e227a094448c4452be7853a7235137c.png,1,462.2,116.9,Normal,48.61,43.0,36.0,50.0,0,0,0,3
C2R6_1735921507235_jpg.rf.2e227a094448c4452be7853a7235137c.png,2,140.8,193.6,Sem Raiz,24.37,24.0,24.0,24.0,0,0,0,0
C2R6_1735921507235_jpg.rf.2e227a094448c4452be7853a7235137c.png,3,168.2,184.4,Normal,97.74,90.0,85.0,97.0,0,0,0,6
C2R6_1735921507235_jpg.rf.2e227a094448c4452be7853a7235137c.png,4,203.5,196.4,Normal,103.84,97.0,90.0,106.0,0,0,0,4
C2R6_1735921507235_jpg.rf.2e227a094448c4452be7853a7235137c.png,5,305.0,177.4,Normal,66.97,62.0,58.0,75.0,0,0,0,8
C2R6_1735921507235_jpg.rf.2e227a094448c4452be7853a7235137c.png,6,364.0,193.4,Normal,192.16,177.0,173.0,183.0,0,0,0,1
C2R6_1735921507235_jpg.rf.2e227a094448c4452be7853a7235137c.png,7,521.3,167.1,Sem Hipocótilo,53.82,52.0,48.0,54.0,0,0,0,0
C2R6_1735921507235_jpg.rf.2e227a094448c4452be7853a7235137c.png,8,576.6,133.9,Normal,91.22,83.0,80.0,88.0,0,0,0,0
C2R6_1735921507235_jpg.rf.2e227a094448c4452be7853a7235137c.png,9,78.8,257.8,Normal,73.26,65.0,56.0,72.0,0,0,0,4
C2R6_1735921507235_jpg.rf.2e227a094448c4452be7853a7235137c.png,10,118.0,206.1,Normal,125.04,114.0,101.0,121.0,1,1,0,4
C2R6_1735921507235_jpg.rf.2e227a094448c4452be7853a7235137c.png,11,230.1,234.0,Normal,185.12,178.0,171.0,182.0,0,0,0,0
C2R6_1735921507235_jpg.rf.2e227a094448c4452be7853a7235137c.png,12,267.3,238.6,Normal,172.24,162.0,155.0,166.0,0,3,0,1
C2R6_1735921507235_jpg.rf.2e227a094448c4452be7853a7235137c.png,13,298.7,268.8,Normal,97.14,83.0,79.0,92.0,0,0,0,4
C2R6_1735921507235_jpg.rf.2e227a094448c4452be7853a7235137c.png,14,333.2,245.1,Normal,72.92,82.0,75.0,89.0,0,5,1,5
C2R6_1735921507235_jpg.rf.2e227a094448c4452be7853a7235137c.png,15,400.9,252.1,Normal,123.18,120.0,115.0,125.0,3,6,1,5
C2R6_1735921507235_jpg.rf.2e227a094448c4452be7853a7235137c.png,16,423.4,238.9,Normal,158.94,155.0,145.0,161.0,0,0,0,4
C2R6_1735921507235_jpg.rf.2e227a094448c4452be7853a7235137c.png,17,459.7,201.9,Normal,46.89,48.0,35.0,63.0,0,4,0,6
C2R6_1735921507235_jpg.rf.2e227a094448c4452be7853a7235137c.png,18,469.9,230.2,Sem Hipocótilo,12.94,12.0,12.0,14.0,0,0,0,0
C2R6_1735921507235_jpg.rf.2e227a094448c4452be7853a7235137c.png,19,561.3,208.6,Sem Raiz,12.04,12.0,9.0,14.0,0,0,0,0
C2R6_1735921507235_jpg.rf.2e227a094448c4452be7853a7235137c.png,20,563.2,261.9,Sem Hipocótilo,73.11,70.0,69.0,74.0,0,0,0,1
C2R6_1735921507235_jpg.rf.2e227a094448c4452be7853a7235137c.png,21,83.0,345.2,Normal,81.94,77.0,67.0,80.0,0,0,0,0
C2R6_1735921507235_jpg.rf.2e227a094448c4452be7853a7235137c.png,22,148.4,303.6,Normal,135.8,121.0,115.0,127.0,0,0,0,2
C2R6_1735921507235_jpg.rf.2e227a094448c4452be7853a7235137c.png,23,184.1,285.5,Sem Hipocótilo,33.3,29.0,25.0,33.0,0,0,0,1
C2R6_1735921507235_jpg.rf.2e227a094448c4452be7853a7235137c.png,24,197.0,343.9,Normal,42.49,37.0,33.0,42.0,0,0,0,3
C2R6_1735921507235_jpg.rf.2e227a094448c4452be7853a7235137c.png,25,228.9,358.9,Sem Raiz,5.48,5.0,4.0,8.0,0,0,0,0
C2R6_1735921507235_jpg.rf.2e227a094448c4452be7853a7235137c.png,26,247.2,296.4,Normal,121.92,114.0,110.0,121.0,0,0,0,1
C2R6_1735921507235_jpg.rf.2e227a094448c4452be7853a7235137c.png,27,365.3,359.3,Normal,92.62,90.0,87.0,93.0,0,0,0,0
C2R6_1735921507235_jpg.rf.2e227a094448c4452be7853a7235137c.png,28,461.0,329.7,Sem Hipocótilo,63.2,61.0,56.0,61.0,0,0,0,0
C2R6_1735921507235_jpg.rf.2e227a094448c4452be7853a7235137c.png,29,505.7,290.2,Normal,120.04,112.0,105.0,117.0,0,0,0,1
C2R6_1735921507235_jpg.rf.2e227a094448c4452be7853a7235137c.png,30,95.0,397.7,Normal,33.73,37.0,22.0,43.0,0,3,0,6
C2R6_1735921507235_jpg.rf.2e227a094448c4452be7853a7235137c.png,31,149.0,396.6,Normal,33.58,27.0,21.0,32.0,0,0,0,2
C2R6_1735921507235_jpg.rf.2e227a094448c4452be7853a7235137c.png,32,196.0,423.7,Normal,71.3,70.0,62.0,77.0,0,0,0,0
C2R6_1735921507235_jpg.rf.2e227a094448c4452be7853a7235137c.png,33,227.4,414.2,Sem Hipocótilo,72.43,67.0,62.0,68.0,0,0,0,0
C2R6_1735921507235_jpg.rf.2e227a094448c4452be7853a7235137c.png,34,275.9,387.6,Normal,131.89,118.0,110.0,121.0,0,0,0,0
C2R6_1735921507235_jpg.rf.2e227a094448c4452be7853a7235137c.png,35,304.2,374.2,Normal,149.55,133.0,124.0,138.0,0,0,0,1
C2R6_1735921507235_jpg.rf.2e227a094448c4452be7853a7235137c.png,36,326.2,422.9,Normal,144.74,134.0,128.0,136.0,0,0,0,0
C2R6_1735921507235_jpg.rf.2e227a094448c4452be7853a7235137c.png,37,395.9,361.7,Normal,65.36,69.0,64.0,72.0,5,9,4,4
C2R6_1735921507235_jpg.rf.2e227a094448c4452be7853a7235137c.png,38,410.7,426.0,Normal,80.39,71.0,67.0,78.0,0,0,0,5
C2R6_1735921507235_jpg.rf.2e227a094448c4452be7853a7235137c.png,39,467.9,397.3,Normal,87.53,87.0,81.0,93.0,0,6,0,6
C2R6_1735921507235_jpg.rf.2e227a094448c4452be7853a7235137c.png,40,518.6,366.5,Normal,120.77,103.0,101.0,112.0,0,0,0,2
C2R6_1735921507235_jpg.rf.2e227a094448c4452be7853a7235137c.png,41,551.8,424.1,Normal,155.95,148.0,138.0,150.0,0,3,0,2
C2R6_1735921507235_jpg.rf.2e227a094448c4452be7853a7235137c.png,42,584.5,403.0,Sem Raiz,56.48,51.0,51.0,54.0,0,0,0,0
C2R6_1735921507235_jpg.rf.2e227a094448c4452be7853a7235137c.png,43,125.3,501.9,Normal,125.13,123.0,119.0,135.0,0,0,0,5
C2R6_1735921507235_jpg.rf.2e227a094448c4452be7853a7235137c.png,44,167.4,491.1,Normal,139.7,132.0,127.0,143.0,0,0,0,5
C2R6_1735921507235_jpg.rf.2e227a094448c4452be7853a7235137c.png,45,187.5,499.7,Sem Raiz,14.12,14.0,13.0,17.0,0,0,0,0
C2R6_1735921507235_jpg.rf.2e227a094448c4452be7853a7235137c.png,46,248.4,516.7,Normal,127.1,109.0,100.0,114.0,0,0,0,4
C2R6_1735921507235_jpg.rf.2e227a094448c4452be7853a7235137c.png,47,280.7,515.2,Normal,141.28,136.0,128.0,143.0,0,0,0,4
C2R6_1735921507235_jpg.rf.2e227a094448c4452be7853a7235137c.png,48,359.4,494.0,Normal,135.22,132.0,130.0,136.0,0,0,0,1
C2R6_1735921507235_jpg.rf.2e227a094448c4452be7853a7235137c.png,49,445.4,499.4,Sem Hipocótilo,21.71,19.0,16.0,19.0,0,0,0,0
C2R6_1735921507235_jpg.rf.2e227a094448c4452be7853a7235137c.png,50,458.7,461.9,Normal,56.62,56.0,50.0,75.0,3,3,0,9
C2R6_1735921507235_jpg.rf.2e227a094448c4452be7853a7235137c.png,51,530.1,445.3,Normal,128.94,114.0,106.0,119.0,0,0,0,2
C2R6_1735921507235_jpg.rf.2e227a094448c4452be7853a7235137c.png,52,584.5,503.0,Sem Hipocótilo,146.59,139.0,136.0,140.0,0,0,0,0
C2R6_1735921507235_jpg.rf.2e227a094448c4452be7853a7235137c.png,53,199.2,560.0,Sem Hipocótilo,105.42,100.0,97.0,104.0,0,0,0,0
C2R6_1735921507235_jpg.rf.2e227a094448c4452be7853a7235137c.png,54,394.0,543.8,Normal,163.57,155.0,150.0,162.0,0,0,0,5
C2R6_1735921507235_jpg.rf.2e227a094448c4452be7853a7235137c.png,55,487.7,527.4,Normal,108.88,101.0,98.0,103.0,0,0,0,0
C2R7_1735921507220_jpg.rf.96ad8f0579e29137d5d38c36326935f2.png,1,495.8,112.7,Sem Raiz,22.77,22.0,23.0,23.0,0,0,0,0
C2R7_1735921507220_jpg.rf.96ad8f0579e29137d5d38c36326935f2.png,2,543.7,114.0,Sem Hipocótilo,37.35,32.0,32.0,35.0,0,0,0,0
C2R7_1735921507220_jpg.rf.96ad8f0579e29137d5d38c36326935f2.png,3,132.8,195.3,Normal,106.35,96.0,94.0,100.0,0,0,0,0
C2R7_1735921507220_jpg.rf.96ad8f0579e29137d5d38c36326935f2.png,4,190.1,195.8,Normal,106.56,94.0,85.0,103.0,0,0,0,4
C2R7_1735921507220_jpg.rf.96ad8f0579e29137d5d38c36326935f2.png,5,228.0,178.1,Normal,88.95,82.0,75.0,86.0,0,0,0,2
C2R7_1735921507220_jpg.rf.96ad8f0579e29137d5d38c36326935f2.png,6,251.2,189.1,Normal,188.46,178.0,170.0,183.0,0,0,0,1
C2R7_1735921507220_jpg.rf.96ad8f0579e29137d5d38c36326935f2.png,7,290.8,177.6,Sem Raiz,13.88,13.0,12.0,14.0,0,0,0,0
C2R7_1735921507220_jpg.rf.96ad8f0579e29137d5d38c36326935f2.png,8,318.9,152.0,Sem Raiz,52.75,46.0,47.0,49.0,0,0,0,1
C2R7_1735921507220_jpg.rf.96ad8f0579e29137d5d38c36326935f2.png,9,369.4,151.3,Normal,105.5,101.0,95.0,110.0,0,0,0,4
C2R7_1735921507220_jpg.rf.96ad8f0579e29137d5d38c36326935f2.png,10,418.2,137.2,Normal,91.23,77.0,77.0,88.0,0,0,0,2
C2R7_1735921507220_jpg.rf.96ad8f0579e29137d5d38c36326935f2.png,11,448.5,198.0,Normal,132.76,125.0,117.0,127.0,0,0,0,0
C2R7_1735921507220_jpg.rf.96ad8f0579e29137d5d38c36326935f2.png,12,490.3,139.4,Sem Hipocótilo,15.0,15.0,12.0,16.0,0,0,0,0
C2R7_1735921507220_jpg.rf.96ad8f0579e29137d5d38c36326935f2.png,13,172.0,226.3,Normal,114.7,105.0,101.0,110.0,0,0,0,1
C2R7_1735921507220_jpg.rf.96ad8f0579e29137d5d38c36326935f2.png,14,230.1,276.6,Normal,39.25,36.0,31.0,42.0,0,0,0,2
C2R7_1735921507220_jpg.rf.96ad8f0579e29137d5d38c36326935f2.png,15,273.1,237.9,Normal,118.69,118.0,104.0,122.0,0,4,0,2
C2R7_1735921507220_jpg.rf.96ad8f0579e29137d5d38c36326935f2.png,16,298.6,270.2,Normal,107.12,97.0,94.0,108.0,4,4,0,4
C2R7_1735921507220_jpg.rf.96ad8f0579e29137d5d38c36326935f2.png,17,326.0,210.9,Sem Hipocótilo,62.55,61.0,60.0,62.0,0,0,0,0
C2R7_1735921507220_jpg.rf.96ad8f0579e29137d5d38c36326935f2.png,18,355.5,271.7,Normal,105.89,104.0,99.0,111.0,0,0,0,6
C2R7_1735921507220_jpg.rf.96ad8f0579e29137d5d38c36326935f2.png,19,387.2,262.9,Sem Raiz,33.13,30.0,29.0,31.0,0,0,0,0
C2R7_1735921507220_jpg.rf.96ad8f0579e29137d5d38c36326935f2.png,20,414.8,255.5,Normal,118.36,109.0,104.0,123.0,0,0,0,6
C2R7_1735921507220_jpg.rf.96ad8f0579e29137d5d38c36326935f2.png,21,490.8,259.1,Normal,153.2,142.0,138.0,151.0,0,0,0,1
C2R7_1735921507220_jpg.rf.96ad8f0579e29137d5d38c36326935f2.png,22,541.7,202.7,Normal,103.78,89.0,79.0,96.0,0,0,0,3
C2R7_1735921507220_jpg.rf.96ad8f0579e29137d5d38c36326935f2.png,23,556.2,249.6,Normal,31.3,36.0,28.0,39.0,0,3,0,4
C2R7_1735921507220_jpg.rf.96ad8f0579e29137d5d38c36326935f2.png,24,597.7,229.9,Normal,87.28,84.0,80.0,87.0,0,1,0,1
C2R7_1735921507220_jpg.rf.96ad8f0579e29137d5d38c36326935f2.png,25,83.9,331.3,Normal,100.47,92.0,83.0,99.0,0,0,0,2
C2R7_1735921507220_jpg.rf.96ad8f0579e29137d5d38c36326935f2.png,26,113.9,288.4,Normal,164.8,153.0,148.0,162.0,0,0,0,6
C2R7_1735921507220_jpg.rf.96ad8f0579e29137d5d38c36326935f2.png,27,164.2,317.7,Normal,145.43,133.0,124.0,142.0,0,0,0,4
C2R7_1735921507220_jpg.rf.96ad8f0579e29137d5d38c36326935f2.png,28,226.4,357.5,Normal,79.85,74.0,71.0,80.0,0,0,0,2
C2R7_1735921507220_jpg.rf.96ad8f0579e29137d5d38c36326935f2.png,29,331.0,343.2,Normal,62.78,62.0,60.0,66.0,0,0,0,1
C2R7_1735921507220_jpg.rf.96ad8f0579e29137d5d38c36326935f2.png,30,353.5,356.8,Normal,51.83,45.0,36.0,50.0,0,0,0,3
C2R7_1735921507220_jpg.rf.96ad8f0579e29137d5d38c36326935f2.png,31,386.6,338.8,Sem Hipocótilo,97.18,95.0,92.0,97.0,0,0,0,0
C2R7_1735921507220_jpg.rf.96ad8f0579e29137d5d38c36326935f2.png,32,441.1,305.3,Sem Raiz,33.17,31.0,27.0,33.0,0,0,0,3
C2R7_1735921507220_jpg.rf.96ad8f0579e29137d5d38c36326935f2.png,33,473.0,284.8,Normal,92.75,87.0,80.0,99.0,0,3,0,4
C2R7_1735921507220_jpg.rf.96ad8f0579e29137d5d38c36326935f2.png,34,592.4,322.7,Normal,103.19,96.0,93.0,105.0,0,0,0,4
C2R7_1735921507220_jpg.rf.96ad8f0579e29137d5d38c36326935f2.png,35,156.1,438.8,Normal,179.65,171.0,163.0,172.0,0,0,0,0
C2R7_1735921507220_jpg.rf.96ad8f0579e29137d5d38c36326935f2.png,36,206.3,426.8,Normal,82.67,77.0,71.0,78.0,0,0,0,0
C2R7_1735921507220_jpg.rf.96ad8f0579e29137d5d38c36326935f2.png,37,285.0,425.2,Normal,221.15,204.0,197.0,208.0,0,0,0,1
C2R7_1735921507220_jpg.rf.96ad8f0579e29137d5d38c36326935f2.png,38,329.8,429.5,Normal,152.28,142.0,132.0,150.0,0,0,0,4
C2R7_1735921507220_jpg.rf.96ad8f0579e29137d5d38c36326935f2.png,39,423.2,367.2,Sem Hipocótilo,83.89,79.0,78.0,80.0,0,0,0,0
C2R7_1735921507220_jpg.rf.96ad8f0579e29137d5d38c36326935f2.png,40,480.5,419.8,Normal,89.44,83.0,75.0,89.0,0,0,0,0
C2R7_1735921507220_jpg.rf.96ad8f0579e29137d5d38c36326935f2.png,41,503.6,388.7,Sem Raiz,12.46,15.0,15.0,15.0,0,0,0,0
C2R7_1735921507220_jpg.rf.96ad8f0579e29137d5d38c36326935f2.png,42,521.7,431.5,Sem Hipocótilo,71.13,70.0,68.0,78.0,0,0,0,1
C2R7_1735921507220_jpg.rf.96ad8f0579e29137d5d38c36326935f2.png,43,550.7,374.1,Sem Hipocótilo,57.09,57.0,55.0,56.0,0,0,0,0
C2R7_1735921507220_jpg.rf.96ad8f0579e29137d5d38c36326935f2.png,44,579.4,423.7,Normal,106.16,99.0,89.0,106.0,0,0,0,6
C2R7_1735921507220_jpg.rf.96ad8f0579e29137d5d38c36326935f2.png,45,102.0,512.2,Normal,65.3,63.0,57.0,64.0,0,0,0,0
C2R7_1735921507220_jpg.rf.96ad8f0579e29137d5d38c36326935f2.png,46,118.9,466.3,Normal,143.32,138.0,134.0,149.0,0,0,0,6
C2R7_1735921507220_jpg.rf.96ad8f0579e29137d5d38c36326935f2.png,47,173.1,501.2,Normal,185.3,180.0,172.0,188.0,0,10,2,7
C2R7_1735921507220_jpg.rf.96ad8f0579e29137d5d38c36326935f2.png,48,248.5,504.1,Normal,161.96,154.0,149.0,163.0,0,0,0,6
C2R7_1735921507220_jpg.rf.96ad8f0579e29137d5d38c36326935f2.png,49,317.6,489.4,Sem Raiz,22.04,21.0,15.0,22.0,0,0,0,0
C2R7_1735921507220_jpg.rf.96ad8f0579e29137d5d38c36326935f2.png,50,366.8,472.8,Normal,140.68,134.0,129.0,142.0,0,0,0,7
C2R7_1735921507220_jpg.rf.96ad8f0579e29137d5d38c36326935f2.png,51,408.6,501.4,Normal,104.23,89.0,84.0,97.0,0,0,0,4
C2R7_1735921507220_jpg.rf.96ad8f0579e29137d5d38c36326935f2.png,52,451.3,479.6,Normal,138.84,128.0,123.0,132.0,0,0,0,1
C2R7_1735921507220_jpg.rf.96ad8f0579e29137d5d38c36326935f2.png,53,506.2,515.6,Normal,72.0,76.0,78.0,85.0,0,4,3,2
C2R7_1735921507220_jpg.rf.96ad8f0579e29137d5d38c36326935f2.png,54,553.0,509.8,Normal,66.63,64.0,51.0,70.0,4,4,0,2
C2R7_1735921507220_jpg.rf.96ad8f0579e29137d5d38c36326935f2.png,55,605.2,504.7,Sem Hipocótilo,46.43,46.0,42.0,49.0,0,0,0,3
C2R7_1735921507220_jpg.rf.96ad8f0579e29137d5d38c36326935f2.png,56,200.7,525.8,Normal,67.99,63.0,58.0,68.0,0,0,0,1
C2R8_1735921507202_jpg.rf.04298205fa74143ad590ce9121683405.png,1,146.0,116.9,Normal,95.41,89.0,85.0,91.0,0,0,0,1
C2R8_1735921507202_jpg.rf.04298205fa74143ad590ce9121683405.png,2,110.3,149.7,Normal,132.17,124.0,118.0,130.0,0,0,0,7
C2R8_1735921507202_jpg.rf.04298205fa74143ad590ce9121683405.png,3,219.8,148.4,Normal,158.66,151.0,147.0,163.0,0,0,0,10
C2R8_1735921507202_jpg.rf.04298205fa74143ad590ce9121683405.png,4,244.8,178.0,Normal,139.02,128.0,124.0,137.0,0,0,0,7
C2R8_1735921507202_jpg.rf.04298205fa74143ad590ce9121683405.png,5,311.7,188.4,Normal,93.0,84.0,79.0,96.0,0,0,0,7
C2R8_1735921507202_jpg.rf.04298205fa74143ad590ce9121683405.png,6,352.5,171.6,Normal,99.21,90.0,86.0,96.0,0,0,0,4
C2R8_1735921507202_jpg.rf.04298205fa74143ad590ce9121683405.png,7,410.0,185.3,Normal,117.05,105.0,99.0,112.0,0,0,0,3
C2R8_1735921507202_jpg.rf.04298205fa74143ad590ce9121683405.png,8,472.8,198.6,Normal,103.02,92.0,80.0,98.0,0,0,0,6
C2R8_1735921507202_jpg.rf.04298205fa74143ad590ce9121683405.png,9,100.2,266.9,Sem Hipocótilo,56.79,60.0,55.0,61.0,0,4,0,2
C2R8_1735921507202_jpg.rf.04298205fa74143ad590ce9121683405.png,10,154.3,210.7,Normal,122.14,119.0,112.0,123.0,0,3,0,4
C2R8_1735921507202_jpg.rf.04298205fa74143ad590ce9121683405.png,11,194.1,211.8,Normal,144.79,141.0,132.0,148.0,3,6,0,5
C2R8_1735921507202_jpg.rf.04298205fa74143ad590ce9121683405.png,12,363.4,232.3,Normal,84.8,76.0,71.0,81.0,0,0,0,4
C2R8_1735921507202_jpg.rf.04298205fa74143ad590ce9121683405.png,13,457.6,246.8,Normal,82.21,74.0,62.0,80.0,0,0,0,1
C2R8_1735921507202_jpg.rf.04298205fa74143ad590ce9121683405.png,14,533.5,213.1,Normal,101.1,95.0,86.0,101.0,0,0,0,0
C2R8_1735921507202_jpg.rf.04298205fa74143ad590ce9121683405.png,15,560.6,210.4,Normal,108.78,114.0,100.0,117.0,4,4,0,3
C2R8_1735921507202_jpg.rf.04298205fa74143ad590ce9121683405.png,16,125.5,326.7,Normal,84.73,79.0,76.0,83.0,0,0,0,1
C2R8_1735921507202_jpg.rf.04298205fa74143ad590ce9121683405.png,17,164.3,282.5,Sem Raiz,13.28,12.0,10.0,14.0,0,0,0,1
C2R8_1735921507202_jpg.rf.04298205fa74143ad590ce9121683405.png,18,175.7,358.8,Sem Hipocótilo,130.33,125.0,122.0,127.0,0,0,0,0
C2R8_1735921507202_jpg.rf.04298205fa74143ad590ce9121683405.png,19,216.1,321.2,Normal,130.64,119.0,112.0,127.0,0,0,0,5
C2R8_1735921507202_jpg.rf.04298205fa74143ad590ce9121683405.png,20,246.6,337.4,Normal,162.15,156.0,155.0,163.0,0,3,0,7
C2R8_1735921507202_jpg.rf.04298205fa74143ad590ce9121683405.png,21,282.7,288.8,Normal,152.31,153.0,142.0,162.0,0,4,1,7
C2R8_1735921507202_jpg.rf.04298205fa74143ad590ce9121683405.png,22,309.7,311.4,Normal,75.73,70.0,66.0,77.0,0,0,0,6
C2R8_1735921507202_jpg.rf.04298205fa74143ad590ce9121683405.png,23,361.9,286.6,Sem Raiz,32.6,30.0,25.0,33.0,0,0,0,3
C2R8_1735921507202_jpg.rf.04298205fa74143ad590ce9121683405.png,24,368.0,339.8,Sem Hipocótilo,48.55,49.0,47.0,49.0,0,0,0,0
C2R8_1735921507202_jpg.rf.04298205fa74143ad590ce9121683405.png,25,397.5,310.1,Normal,157.89,149.0,142.0,153.0,0,0,0,3
C2R8_1735921507202_jpg.rf.04298205fa74143ad590ce9121683405.png,26,425.0,333.6,Normal,142.48,134.0,130.0,137.0,0,0,0,1
C2R8_1735921507202_jpg.rf.04298205fa74143ad590ce9121683405.png,27,472.6,308.7,Sem Raiz,17.33,17.0,15.0,17.0,0,0,0,0
C2R8_1735921507202_jpg.rf.04298205fa74143ad590ce9121683405.png,28,528.9,341.1,Normal,129.18,127.0,122.0,135.0,0,1,0,3
C2R8_1735921507202_jpg.rf.04298205fa74143ad590ce9121683405.png,29,570.8,309.8,Normal,212.71,197.0,183.0,211.0,0,0,0,4
C2R8_1735921507202_jpg.rf.04298205fa74143ad590ce9121683405.png,30,86.5,377.9,Normal,161.43,158.0,152.0,168.0,0,0,0,9
C2R8_1735921507202_jpg.rf.04298205fa74143ad590ce9121683405.png,31,158.5,381.8,Sem Hipocótilo,46.28,41.0,40.0,42.0,0,0,0,0
C2R8_1735921507202_jpg.rf.04298205fa74143ad590ce9121683405.png,32,162.5,430.2,Sem Raiz,15.43,15.0,10.0,17.0,0,0,0,0
C2R8_1735921507202_jpg.rf.04298205fa74143ad590ce9121683405.png,33,217.1,423.0,Sem Raiz,8.94,14.0,9.0,14.0,0,3,0,3
C2R8_1735921507202_jpg.rf.04298205fa74143ad590ce9121683405.png,34,276.7,399.8,Normal,81.95,77.0,73.0,81.0,0,0,0,0
C2R8_1735921507202_jpg.rf.04298205fa74143ad590ce9121683405.png,35,304.2,432.4,Normal,96.41,88.0,80.0,94.0,0,0,0,2
C2R8_1735921507202_jpg.rf.04298205fa74143ad590ce9121683405.png,36,325.4,417.7,Normal,92.66,91.0,82.0,101.0,0,4,0,5
C2R8_1735921507202_jpg.rf.04298205fa74143ad590ce9121683405.png,37,352.3,435.0,Normal,115.36,105.0,99.0,114.0,0,0,0,7
C2R8_1735921507202_jpg.rf.04298205fa74143ad590ce9121683405.png,38,473.3,373.4,Sem Hipocótilo,105.12,98.0,96.0,101.0,0,0,0,1
C2R8_1735921507202_jpg.rf.04298205fa74143ad590ce9121683405.png,39,494.9,383.2,Normal,137.18,133.0,123.0,145.0,2,4,0,8
C2R8_1735921507202_jpg.rf.04298205fa74143ad590ce9121683405.png,40,564.8,402.3,Normal,35.6,33.0,26.0,39.0,0,0,0,6
C2R8_1735921507202_jpg.rf.04298205fa74143ad590ce9121683405.png,41,111.5,449.0,Normal,145.56,132.0,126.0,139.0,0,0,0,3
C2R8_1735921507202_jpg.rf.04298205fa74143ad590ce9121683405.png,42,163.7,510.3,Sem Hipocótilo,126.58,123.0,118.0,124.0,0,0,0,0
C2R8_1735921507202_jpg.rf.04298205fa74143ad590ce9121683405.png,43,194.4,458.7,Sem Hipocótilo,70.13,60.0,56.0,61.0,0,0,0,0
C2R8_1735921507202_jpg.rf.04298205fa74143ad590ce9121683405.png,44,251.8,510.0,Normal,188.82,181.0,175.0,187.0,3,3,0,6
C2R8_1735921507202_jpg.rf.04298205fa74143ad590ce9121683405.png,45,316.5,516.7,Normal,59.18,57.0,52.0,61.0,0,0,0,1
C2R8_1735921507202_jpg.rf.04298205fa74143ad590ce9121683405.png,46,372.3,500.4,Normal,58.67,56.0,50.0,59.0,0,0,0,0
C2R8_1735921507202_jpg.rf.04298205fa74143ad590ce9121683405.png,47,441.5,471.8,Normal,311.42,293.0,278.0,306.0,0,0,0,7
C2R8_1735921507202_jpg.rf.04298205fa74143ad590ce9121683405.png,48,563.6,494.9,Normal,36.89,50.0,47.0,56.0,4,10,5,6
C2R8_1735921507202_jpg.rf.04298205fa74143ad590ce9121683405.png,49,208.7,532.1,Normal,122.88,123.0,122.0,129.0,0,0,0,2
C2R8_1735921507202_jpg.rf.04298205fa74143ad590ce9121683405.png,50,419.6,552.7,Normal,127.3,122.0,119.0,129.0,0,0,0,2
C2R8_1735921507202_jpg.rf.04298205fa74143ad590ce9121683405.png,51,468.8,522.2,Normal,105.97,99.0,94.0,110.0,0,0,0,2
C2R8_1735921507202_jpg.rf.04298205fa74143ad590ce9121683405.png,52,497.4,530.3,Normal,114.6,107.0,94.0,115.0,0,0,0,4
C2R8_1735921507202_jpg.rf.04298205fa74143ad590ce9121683405.png,53,537.7,548.9,Normal,78.03,72.0,62.0,80.0,0,0,0,1
C2R9_1735921507188_jpg.rf.290aa8170fa2ac4e9b579507ea769188.png,1,130.7,170.2,Normal,144.08,140.0,133.0,145.0,0,3,0,2
C2R9_1735921507188_jpg.rf.290aa8170fa2ac4e9b579507ea769188.png,2,165.4,175.2,Normal,104.88,96.0,91.0,106.0,0,0,0,2
C2R9_1735921507188_jpg.rf.290aa8170fa2ac4e9b579507ea769188.png,3,198.3,167.2,Normal,117.8,111.0,104.0,114.0,0,0,0,2
C2R9_1735921507188_jpg.rf.290aa8170fa2ac4e9b579507ea769188.png,4,232.7,181.8,Normal,131.12,130.0,120.0,136.0,0,6,3,6
C2R9_1735921507188_jpg.rf.290aa8170fa2ac4e9b579507ea769188.png,5,413.0,169.3,Normal,143.11,139.0,134.0,143.0,0,4,0,4
C2R9_1735921507188_jpg.rf.290aa8170fa2ac4e9b579507ea769188.png,6,488.7,167.8,Normal,102.1,98.0,85.0,102.0,3,6,0,4
C2R9_1735921507188_jpg.rf.290aa8170fa2ac4e9b579507ea769188.png,7,528.0,187.0,Normal,67.8,65.0,59.0,75.0,0,0,0,10
C2R9_1735921507188_jpg.rf.290aa8170fa2ac4e9b579507ea769188.png,8,103.6,204.8,Normal,96.59,99.0,88.0,106.0,4,4,0,5
C2R9_1735921507188_jpg.rf.290aa8170fa2ac4e9b579507ea769188.png,9,242.4,254.3,Normal,125.96,117.0,112.0,120.0,0,0,0,0
C2R9_1735921507188_jpg.rf.290aa8170fa2ac4e9b579507ea769188.png,10,284.9,219.4,Normal,199.01,191.0,187.0,198.0,3,3,0,6
C2R9_1735921507188_jpg.rf.290aa8170fa2ac4e9b579507ea769188.png,11,306.6,222.7,Normal,158.75,147.0,139.0,151.0,0,0,0,2
C2R9_1735921507188_jpg.rf.290aa8170fa2ac4e9b579507ea769188.png,12,336.6,210.8,Normal,147.37,138.0,134.0,145.0,4,4,0,4
C2R9_1735921507188_jpg.rf.290aa8170fa2ac4e9b579507ea769188.png,13,381.5,218.3,Normal,144.89,141.0,132.0,149.0,0,0,0,2
C2R9_1735921507188_jpg.rf.290aa8170fa2ac4e9b579507ea769188.png,14,456.6,211.5,Normal,161.28,158.0,148.0,165.0,0,0,0,0
C2R9_1735921507188_jpg.rf.290aa8170fa2ac4e9b579507ea769188.png,15,511.1,276.3,Normal,96.12,94.0,87.0,100.0,0,0,0,6
C2R9_1735921507188_jpg.rf.290aa8170fa2ac4e9b579507ea769188.png,16,562.7,200.4,Normal,85.34,80.0,77.0,89.0,0,0,0,4
C2R9_1735921507188_jpg.rf.290aa8170fa2ac4e9b579507ea769188.png,17,70.1,346.7,Normal,123.53,114.0,103.0,117.0,0,0,0,0
C2R9_1735921507188_jpg.rf.290aa8170fa2ac4e9b579507ea769188.png,18,115.1,330.7,Normal,145.5,135.0,128.0,143.0,0,0,0,4
C2R9_1735921507188_jpg.rf.290aa8170fa2ac4e9b579507ea769188.png,19,147.4,309.7,Normal,111.03,102.0,98.0,112.0,0,0,0,5
C2R9_1735921507188_jpg.rf.290aa8170fa2ac4e9b579507ea769188.png,20,221.5,321.8,Normal,116.84,107.0,98.0,114.0,0,0,0,4
C2R9_1735921507188_jpg.rf.290aa8170fa2ac4e9b579507ea769188.png,21,257.4,352.4,Normal,173.08,166.0,162.0,173.0,0,1,0,6
C2R9_1735921507188_jpg.rf.290aa8170fa2ac4e9b579507ea769188.png,22,356.3,281.8,Normal,80.85,78.0,72.0,79.0,0,3,0,1
C2R9_1735921507188_jpg.rf.290aa8170fa2ac4e9b579507ea769188.png,23,425.4,342.6,Normal,155.99,146.0,138.0,153.0,0,0,0,4
C2R9_1735921507188_jpg.rf.290aa8170fa2ac4e9b579507ea769188.png,24,491.0,358.2,Normal,144.92,139.0,139.0,145.0,0,0,0,1
C2R9_1735921507188_jpg.rf.290aa8170fa2ac4e9b579507ea769188.png,25,525.9,334.8,Normal,100.31,86.0,83.0,92.0,0,0,0,3
C2R9_1735921507188_jpg.rf.290aa8170fa2ac4e9b579507ea769188.png,26,580.2,354.9,Normal,32.43,32.0,28.0,40.0,0,0,0,2
C2R9_1735921507188_jpg.rf.290aa8170fa2ac4e9b579507ea769188.png,27,589.5,288.3,Normal,82.92,77.0,67.0,84.0,0,0,0,2
C2R9_1735921507188_jpg.rf.290aa8170fa2ac4e9b579507ea769188.png,28,171.7,375.0,Normal,147.37,135.0,129.0,144.0,0,0,0,2
C2R9_1735921507188_jpg.rf.290aa8170fa2ac4e9b579507ea769188.png,29,205.4,393.0,Normal,111.68,107.0,100.0,109.0,0,3,0,1
C2R9_1735921507188_jpg.rf.290aa8170fa2ac4e9b579507ea769188.png,30,308.1,404.8,Normal,160.99,148.0,142.0,153.0,0,0,0,3
C2R9_1735921507188_jpg.rf.290aa8170fa2ac4e9b579507ea769188.png,31,329.8,363.9,Normal,96.88,97.0,86.0,106.0,2,7,0,6
C2R9_1735921507188_jpg.rf.290aa8170fa2ac4e9b579507ea769188.png,32,360.4,392.6,Normal,81.1,78.0,72.0,83.0,0,0,0,0
C2R9_1735921507188_jpg.rf.290aa8170fa2ac4e9b579507ea769188.png,33,392.2,392.7,Sem Hipocótilo,77.59,72.0,67.0,74.0,0,0,0,1
C2R9_1735921507188_jpg.rf.290aa8170fa2ac4e9b579507ea769188.png,34,458.3,387.1,Normal,116.68,115.0,104.0,121.0,2,4,1,5
C2R9_1735921507188_jpg.rf.290aa8170fa2ac4e9b579507ea769188.png,35,76.9,473.3,Normal,47.72,43.0,37.0,50.0,0,0,0,2
C2R9_1735921507188_jpg.rf.290aa8170fa2ac4e9b579507ea769188.png,36,101.2,468.8,Normal,102.07,94.0,90.0,103.0,0,0,0,2
C2R9_1735921507188_jpg.rf.290aa8170fa2ac4e9b579507ea769188.png,37,140.7,508.7,Normal,105.14,96.0,87.0,103.0,3,3,0,4
C2R9_1735921507188_jpg.rf.290aa8170fa2ac4e9b579507ea769188.png,38,183.4,503.6,Normal,90.69,85.0,76.0,91.0,0,0,0,1
C2R9_1735921507188_jpg.rf.290aa8170fa2ac4e9b579507ea769188.png,39,225.7,471.5,Normal,155.73,145.0,137.0,152.0,0,0,0,4
C2R9_1735921507188_jpg.rf.290aa8170fa2ac4e9b579507ea769188.png,40,251.0,509.5,Normal,34.88,33.0,17.0,43.0,0,0,0,6
C2R9_1735921507188_jpg.rf.290aa8170fa2ac4e9b579507ea769188.png,41,285.7,504.3,Normal,149.43,140.0,135.0,148.0,0,0,0,7
C2R9_1735921507188_jpg.rf.290aa8170fa2ac4e9b579507ea769188.png,42,353.6,518.2,Normal,146.73,144.0,142.0,156.0,0,0,0,5
C2R9_1735921507188_jpg.rf.290aa8170fa2ac4e9b579507ea769188.png,43,408.9,483.9,Normal,120.68,119.0,113.0,125.0,0,0,0,3
C2R9_1735921507188_jpg.rf.290aa8170fa2ac4e9b579507ea769188.png,44,518.5,485.5,Normal,128.22,122.0,119.0,129.0,0,0,0,2
C2R9_1735921507188_jpg.rf.290aa8170fa2ac4e9b579507ea769188.png,45,569.0,446.7,Normal,90.73,85.0,81.0,98.0,0,0,0,5
C2R9_1735921507188_jpg.rf.290aa8170fa2ac4e9b579507ea769188.png,46,316.9,541.2,Normal,129.37,122.0,119.0,127.0,0,0,0,1
C2R9_1735921507188_jpg.rf.290aa8170fa2ac4e9b579507ea769188.png,47,388.1,534.1,Normal,91.0,82.0,73.0,88.0,0,4,0,1
C2R9_1735921507188_jpg.rf.290aa8170fa2ac4e9b579507ea769188.png,48,449.2,522.7,Normal,123.84,134.0,131.0,147.0,4,4,0,9
C2R9_1735921507188_jpg.rf.290aa8170fa2ac4e9b579507ea769188.png,49,483.0,530.2,Normal,31.3,31.0,26.0,34.0,0,0,0,0
C2R9_1735921507188_jpg.rf.290aa8170fa2ac4e9b579507ea769188.png,50,558.6,537.0,Normal,68.36,63.0,57.0,66.0,0,0,0,2
C3R10_1735921758746_jpg.rf.033c0ee31afa5d1c9c1b2b9855ea886f.png,1,485.2,111.3,Sem Raiz,11.74,13.0,11.0,14.0,0,0,0,1
C3R10_1735921758746_jpg.rf.033c0ee31afa5d1c9c1b2b9855ea886f.png,2,67.8,179.6,Normal,125.79,125.0,115.0,129.0,3,6,0,2
C3R10_1735921758746_jpg.rf.033c0ee31afa5d1c9c1b2b9855ea886f.png,3,109.5,170.6,Normal,78.3,75.0,69.0,80.0,0,0,0,1
C3R10_1735921758746_jpg.rf.033c0ee31afa5d1c9c1b2b9855ea886f.png,4,138.4,190.1,Normal,101.37,97.0,91.0,104.0,0,0,0,3
C3R10_1735921758746_jpg.rf.033c0ee31afa5d1c9c1b2b9855ea886f.png,5,174.5,187.9,Normal,109.65,106.0,105.0,117.0,0,0,0,4
C3R10_1735921758746_jpg.rf.033c0ee31afa5d1c9c1b2b9855ea886f.png,6,239.7,192.0,Normal,144.24,143.0,138.0,147.0,0,3,0,2
C3R10_1735921758746_jpg.rf.033c0ee31afa5d1c9c1b2b9855ea886f.png,7,281.9,161.3,Normal,126.11,122.0,117.0,131.0,0,0,0,6
C3R10_1735921758746_jpg.rf.033c0ee31afa5d1c9c1b2b9855ea886f.png,8,316.7,181.1,Normal,120.19,114.0,109.0,122.0,0,0,0,4
C3R10_1735921758746_jpg.rf.033c0ee31afa5d1c9c1b2b9855ea886f.png,9,404.2,155.2,Normal,104.38,98.0,95.0,103.0,0,0,0,3
C3R10_1735921758746_jpg.rf.033c0ee31afa5d1c9c1b2b9855ea886f.png,10,436.2,175.2,Normal,111.64,100.0,94.0,107.0,0,0,0,4
C3R10_1735921758746_jpg.rf.033c0ee31afa5d1c9c1b2b9855ea886f.png,11,495.5,153.3,Sem Hipocótilo,49.32,50.0,50.0,56.0,0,0,0,1
C3R10_1735921758746_jpg.rf.033c0ee31afa5d1c9c1b2b9855ea886f.png,12,566.6,192.2,Normal,105.37,100.0,98.0,106.0,0,0,0,0
C3R10_1735921758746_jpg.rf.033c0ee31afa5d1c9c1b2b9855ea886f.png,13,591.5,191.6,Normal,86.97,83.0,80.0,92.0,0,0,0,5
C3R10_1735921758746_jpg.rf.033c0ee31afa5d1c9c1b2b9855ea886f.png,14,90.4,264.9,Normal,119.71,117.0,108.0,125.0,0,3,0,4
C3R10_1735921758746_jpg.rf.033c0ee31afa5d1c9c1b2b9855ea886f.png,15,169.0,272.6,Sem Raiz,17.54,30.0,23.0,34.0,4,4,0,3
C3R10_1735921758746_jpg.rf.033c0ee31afa5d1c9c1b2b9855ea886f.png,16,203.8,206.6,Normal,104.48,99.0,92.0,106.0,3,3,0,7
C3R10_1735921758746_jpg.rf.033c0ee31afa5d1c9c1b2b9855ea886f.png,17,218.2,258.0,Sem Raiz,35.03,35.0,26.0,39.0,0,0,0,0
C3R10_1735921758746_jpg.rf.033c0ee31afa5d1c9c1b2b9855ea886f.png,18,273.3,242.8,Normal,121.96,110.0,105.0,118.0,0,0,0,4
C3R10_1735921758746_jpg.rf.033c0ee31afa5d1c9c1b2b9855ea886f.png,19,337.3,257.3,Normal,97.94,90.0,83.0,98.0,0,0,0,3
C3R10_1735921758746_jpg.rf.033c0ee31afa5d1c9c1b2b9855ea886f.png,20,360.5,232.0,Normal,112.15,116.0,113.0,125.0,1,1,0,7
C3R10_1735921758746_jpg.rf.033c0ee31afa5d1c9c1b2b9855ea886f.png,21,449.9,247.7,Normal,112.48,104.0,103.0,108.0,0,0,0,1
C3R10_1735921758746_jpg.rf.033c0ee31afa5d1c9c1b2b9855ea886f.png,22,520.3,212.1,Normal,169.73,163.0,155.0,174.0,3,3,0,6
C3R10_1735921758746_jpg.rf.033c0ee31afa5d1c9c1b2b9855ea886f.png,23,128.1,289.6,Normal,101.24,98.0,87.0,99.0,3,6,0,1
C3R10_1735921758746_jpg.rf.033c0ee31afa5d1c9c1b2b9855ea886f.png,24,170.4,340.9,Sem Hipocótilo,78.18,75.0,72.0,77.0,0,0,0,0
C3R10_1735921758746_jpg.rf.033c0ee31afa5d1c9c1b2b9855ea886f.png,25,212.4,323.4,Sem Raiz,13.93,13.0,7.0,15.0,0,0,0,1
C3R10_1735921758746_jpg.rf.033c0ee31afa5d1c9c1b2b9855ea886f.png,26,268.2,320.7,Normal,93.26,86.0,86.0,101.0,0,0,0,6
C3R10_1735921758746_jpg.rf.033c0ee31afa5d1c9c1b2b9855ea886f.png,27,331.9,317.7,Sem Raiz,16.34,15.0,13.0,18.0,0,0,0,1
C3R10_1735921758746_jpg.rf.033c0ee31afa5d1c9c1b2b9855ea886f.png,28,401.2,307.2,Normal,107.01,106.0,97.0,108.0,0,6,0,3
C3R10_1735921758746_jpg.rf.033c0ee31afa5d1c9c1b2b9855ea886f.png,29,476.4,292.5,Normal,163.42,157.0,153.0,163.0,0,0,0,3
C3R10_1735921758746_jpg.rf.033c0ee31afa5d1c9c1b2b9855ea886f.png,30,503.7,353.7,Normal,97.05,93.0,89.0,100.0,0,0,0,3
C3R10_1735921758746_jpg.rf.033c0ee31afa5d1c9c1b2b9855ea886f.png,31,539.5,307.4,Normal,86.92,81.0,76.0,87.0,0,0,0,1
C3R10_1735921758746_jpg.rf.033c0ee31afa5d1c9c1b2b9855ea886f.png,32,573.4,317.9,Normal,80.33,76.0,69.0,84.0,0,0,0,2
C3R10_1735921758746_jpg.rf.033c0ee31afa5d1c9c1b2b9855ea886f.png,33,592.8,323.0,Normal,32.23,30.0,25.0,39.0,0,0,0,7
C3R10_1735921758746_jpg.rf.033c0ee31afa5d1c9c1b2b9855ea886f.png,34,65.8,371.8,Normal,120.5,124.0,112.0,133.0,0,6,0,7
C3R10_1735921758746_jpg.rf.033c0ee31afa5d1c9c1b2b9855ea886f.png,35,85.0,393.1,Sem Raiz,23.7,21.0,18.0,24.0,0,0,0,4
C3R10_1735921758746_jpg.rf.033c0ee31afa5d1c9c1b2b9855ea886f.png,36,116.3,424.3,Normal,168.48,158.0,157.0,166.0,0,0,0,6
C3R10_1735921758746_jpg.rf.033c0ee31afa5d1c9c1b2b9855ea886f.png,37,164.8,418.2,Normal,106.69,96.0,90.0,104.0,0,0,0,2
C3R10_1735921758746_jpg.rf.033c0ee31afa5d1c9c1b2b9855ea886f.png,38,205.5,389.6,Sem Raiz,27.71,27.0,23.0,35.0,0,0,0,4
C3R10_1735921758746_jpg.rf.033c0ee31afa5d1c9c1b2b9855ea886f.png,39,206.6,433.9,Sem Hipocótilo,29.68,27.0,22.0,30.0,0,0,0,3
C3R10_1735921758746_jpg.rf.033c0ee31afa5d1c9c1b2b9855ea886f.png,40,305.6,398.1,Normal,68.41,72.0,66.0,82.0,0,2,0,6
C3R10_1735921758746_jpg.rf.033c0ee31afa5d1c9c1b2b9855ea886f.png,41,342.4,408.9,Normal,179.38,175.0,162.0,187.0,0,1,0,9
C3R10_1735921758746_jpg.rf.033c0ee31afa5d1c9c1b2b9855ea886f.png,42,368.0,382.2,Normal,84.62,82.0,74.0,89.0,0,0,0,6
C3R10_1735921758746_jpg.rf.033c0ee31afa5d1c9c1b2b9855ea886f.png,43,409.3,394.6,Sem Raiz,10.0,9.0,9.0,12.0,0,0,0,0
C3R10_1735921758746_jpg.rf.033c0ee31afa5d1c9c1b2b9855ea886f.png,44,433.4,368.9,Normal,126.0,117.0,110.0,122.0,0,0,0,2
C3R10_1735921758746_jpg.rf.033c0ee31afa5d1c9c1b2b9855ea886f.png,45,533.4,429.9,Normal,77.33,72.0,62.0,82.0,2,4,0,5
C3R10_1735921758746_jpg.rf.033c0ee31afa5d1c9c1b2b9855ea886f.png,46,585.6,419.5,Normal,73.45,71.0,64.0,76.0,1,1,0,2
C3R10_1735921758746_jpg.rf.033c0ee31afa5d1c9c1b2b9855ea886f.png,47,84.2,482.1,Normal,48.82,49.0,39.0,54.0,0,3,0,1
C3R10_1735921758746_jpg.rf.033c0ee31afa5d1c9c1b2b9855ea886f.png,48,148.1,468.6,Normal,36.3,33.0,28.0,42.0,0,0,0,4
C3R10_1735921758746_jpg.rf.033c0ee31afa5d1c9c1b2b9855ea886f.png,49,221.2,480.4,Normal,137.98,129.0,122.0,136.0,0,0,0,4
C3R10_1735921758746_jpg.rf.033c0ee31afa5d1c9c1b2b9855ea886f.png,50,257.2,450.6,Normal,164.15,153.0,153.0,168.0,0,9,4,7
C3R10_1735921758746_jpg.rf.033c0ee31afa5d1c9c1b2b9855ea886f.png,51,279.0,457.6,Normal,95.47,87.0,84.0,93.0,0,0,0,2
C3R10_1735921758746_jpg.rf.033c0ee31afa5d1c9c1b2b9855ea886f.png,52,404.4,456.9,Sem Hipocótilo,91.8,87.0,82.0,91.0,0,0,0,1
C3R10_1735921758746_jpg.rf.033c0ee31afa5d1c9c1b2b9855ea886f.png,53,450.7,497.7,Normal,74.71,78.0,69.0,86.0,0,1,0,9
C3R10_1735921758746_jpg.rf.033c0ee31afa5d1c9c1b2b9855ea886f.png,54,480.8,454.2,Normal,85.23,80.0,71.0,86.0,0,6,0,6
C3R1_1735921758928_jpg.rf.795e7859fef148b0c821d54b95d1850d.png,1,156.9,115.8,Normal,32.56,34.0,29.0,41.0,0,3,0,6
C3R1_1735921758928_jpg.rf.795e7859fef148b0c821d54b95d1850d.png,2,106.6,166.8,Normal,117.39,111.0,107.0,123.0,0,0,0,6
C3R1_1735921758928_jpg.rf.795e7859fef148b0c821d54b95d1850d.png,3,158.3,160.1,Sem Hipocótilo,20.52,21.0,19.0,26.0,0,0,0,3
C3R1_1735921758928_jpg.rf.795e7859fef148b0c821d54b95d1850d.png,4,237.2,142.2,Normal,101.09,96.0,91.0,104.0,0,0,0,2
C3R1_1735921758928_jpg.rf.795e7859fef148b0c821d54b95d1850d.png,5,284.5,157.4,Normal,125.77,119.0,111.0,124.0,0,0,0,1
C3R1_1735921758928_jpg.rf.795e7859fef148b0c821d54b95d1850d.png,6,333.3,179.0,Normal,133.33,129.0,123.0,137.0,0,3,0,7
C3R1_1735921758928_jpg.rf.795e7859fef148b0c821d54b95d1850d.png,7,372.8,199.0,Normal,140.08,137.0,131.0,146.0,0,0,0,2
C3R1_1735921758928_jpg.rf.795e7859fef148b0c821d54b95d1850d.png,8,397.8,199.7,Normal,116.58,118.0,111.0,127.0,4,4,0,7
C3R1_1735921758928_jpg.rf.795e7859fef148b0c821d54b95d1850d.png,9,433.5,199.3,Sem Raiz,11.52,12.0,12.0,16.0,0,0,0,0
C3R1_1735921758928_jpg.rf.795e7859fef148b0c821d54b95d1850d.png,10,489.0,193.2,Normal,93.49,82.0,80.0,90.0,0,0,0,4
C3R1_1735921758928_jpg.rf.795e7859fef148b0c821d54b95d1850d.png,11,527.0,186.4,Normal,120.71,110.0,105.0,115.0,0,0,0,1
C3R1_1735921758928_jpg.rf.795e7859fef148b0c821d54b95d1850d.png,12,115.5,274.8,Normal,62.43,57.0,54.0,60.0,0,0,0,0
C3R1_1735921758928_jpg.rf.795e7859fef148b0c821d54b95d1850d.png,13,153.4,277.4,Normal,120.97,111.0,105.0,119.0,0,0,0,2
C3R1_1735921758928_jpg.rf.795e7859fef148b0c821d54b95d1850d.png,14,199.7,258.1,Sem Hipocótilo,24.29,23.0,21.0,23.0,0,0,0,0
C3R1_1735921758928_jpg.rf.795e7859fef148b0c821d54b95d1850d.png,15,211.7,230.3,Normal,110.08,101.0,95.0,105.0,0,0,0,1
C3R1_1735921758928_jpg.rf.795e7859fef148b0c821d54b95d1850d.png,16,314.3,241.3,Sem Raiz,22.36,20.0,20.0,24.0,0,0,0,1
C3R1_1735921758928_jpg.rf.795e7859fef148b0c821d54b95d1850d.png,17,454.0,214.6,Normal,114.26,104.0,95.0,110.0,0,0,0,6
C3R1_1735921758928_jpg.rf.795e7859fef148b0c821d54b95d1850d.png,18,550.1,215.4,Normal,138.49,117.0,105.0,121.0,0,0,0,0
C3R1_1735921758928_jpg.rf.795e7859fef148b0c821d54b95d1850d.png,19,597.0,242.7,Normal,153.8,148.0,144.0,158.0,0,0,0,3
C3R1_1735921758928_jpg.rf.795e7859fef148b0c821d54b95d1850d.png,20,164.7,348.3,Normal,97.68,98.0,89.0,107.0,4,4,1,7
C3R1_1735921758928_jpg.rf.795e7859fef148b0c821d54b95d1850d.png,21,255.8,282.0,Normal,173.35,160.0,149.0,164.0,0,0,0,2
C3R1_1735921758928_jpg.rf.795e7859fef148b0c821d54b95d1850d.png,22,282.6,306.3,Normal,135.4,134.0,122.0,137.0,0,4,0,2
C3R1_1735921758928_jpg.rf.795e7859fef148b0c821d54b95d1850d.png,23,307.5,286.3,Sem Hipocótilo,55.69,54.0,54.0,55.0,0,0,0,0
C3R1_1735921758928_jpg.rf.795e7859fef148b0c821d54b95d1850d.png,24,342.9,327.4,Normal,103.02,97.0,91.0,107.0,0,0,0,6
C3R1_1735921758928_jpg.rf.795e7859fef148b0c821d54b95d1850d.png,25,427.3,283.5,Normal,154.7,148.0,140.0,155.0,0,0,0,1
C3R1_1735921758928_jpg.rf.795e7859fef148b0c821d54b95d1850d.png,26,471.5,319.7,Normal,63.09,56.0,51.0,62.0,0,0,0,2
C3R1_1735921758928_jpg.rf.795e7859fef148b0c821d54b95d1850d.png,27,497.0,351.7,Sem Raiz,12.45,19.0,14.0,27.0,0,3,0,3
C3R1_1735921758928_jpg.rf.795e7859fef148b0c821d54b95d1850d.png,28,571.2,357.5,Normal,149.52,162.0,154.0,172.0,6,6,2,7
C3R1_1735921758928_jpg.rf.795e7859fef148b0c821d54b95d1850d.png,29,96.9,364.2,Normal,89.38,82.0,75.0,92.0,0,0,0,3
C3R1_1735921758928_jpg.rf.795e7859fef148b0c821d54b95d1850d.png,30,181.2,379.4,Normal,106.06,103.0,97.0,106.0,4,4,0,4
C3R1_1735921758928_jpg.rf.795e7859fef148b0c821d54b95d1850d.png,31,229.9,384.7,Normal,117.4,118.0,114.0,125.0,0,1,0,4
C3R1_1735921758928_jpg.rf.795e7859fef148b0c821d54b95d1850d.png,32,247.6,361.6,Sem Hipocótilo,27.62,26.0,24.0,24.0,3,3,0,0
C3R1_1735921758928_jpg.rf.795e7859fef148b0c821d54b95d1850d.png,33,314.4,371.9,Normal,72.5,69.0,67.0,75.0,0,0,0,3
C3R1_1735921758928_jpg.rf.795e7859fef148b0c821d54b95d1850d.png,34,363.4,378.8,Normal,98.35,90.0,89.0,96.0,0,0,0,1
C3R1_1735921758928_jpg.rf.795e7859fef148b0c821d54b95d1850d.png,35,433.0,404.5,Sem Hipocótilo,111.95,107.0,107.0,108.0,0,0,0,0
C3R1_1735921758928_jpg.rf.795e7859fef148b0c821d54b95d1850d.png,36,461.7,412.8,Normal,90.34,86.0,80.0,90.0,0,0,0,1
C3R1_1735921758928_jpg.rf.795e7859fef148b0c821d54b95d1850d.png,37,538.8,363.9,Normal,119.4,115.0,112.0,121.0,0,0,0,6
C3R1_1735921758928_jpg.rf.795e7859fef148b0c821d54b95d1850d.png,38,109.6,506.8,Normal,132.36,127.0,121.0,138.0,0,0,0,7
C3R1_1735921758928_jpg.rf.795e7859fef148b0c821d54b95d1850d.png,39,223.9,498.0,Normal,103.35,95.0,83.0,100.0,0,0,0,1
C3R1_1735921758928_jpg.rf.795e7859fef148b0c821d54b95d1850d.png,40,263.5,462.7,Normal,112.03,114.0,120.0,134.0,3,10,2,11
C3R1_1735921758928_jpg.rf.795e7859fef148b0c821d54b95d1850d.png,41,359.4,477.0,Normal,70.47,68.0,59.0,73.0,0,3,0,4
C3R1_1735921758928_jpg.rf.795e7859fef148b0c821d54b95d1850d.png,42,389.7,447.0,Normal,143.58,131.0,125.0,138.0,0,0,0,2
C3R1_1735921758928_jpg.rf.795e7859fef148b0c821d54b95d1850d.png,43,461.0,515.1,Normal,85.28,85.0,76.0,87.0,0,0,0,0
C3R1_1735921758928_jpg.rf.795e7859fef148b0c821d54b95d1850d.png,44,516.3,481.7,Normal,173.54,164.0,154.0,182.0,0,1,0,10
C3R1_1735921758928_jpg.rf.795e7859fef148b0c821d54b95d1850d.png,45,153.0,542.8,Normal,124.01,104.0,99.0,109.0,0,0,0,1
C3R1_1735921758928_jpg.rf.795e7859fef148b0c821d54b95d1850d.png,46,192.1,540.0,Sem Hipocótilo,33.1,30.0,30.0,32.0,0,0,0,0
C3R1_1735921758928_jpg.rf.795e7859fef148b0c821d54b95d1850d.png,47,256.6,566.5,Normal,52.63,47.0,42.0,54.0,0,0,0,4
C3R1_1735921758928_jpg.rf.795e7859fef148b0c821d54b95d1850d.png,48,296.2,521.5,Normal,147.37,137.0,134.0,145.0,0,0,0,4
C3R1_1735921758928_jpg.rf.795e7859fef148b0c821d54b95d1850d.png,49,332.9,558.3,Normal,149.0,143.0,137.0,149.0,0,0,0,4
C3R1_1735921758928_jpg.rf.795e7859fef148b0c821d54b95d1850d.png,50,407.7,524.3,Normal,36.24,34.0,33.0,40.0,0,0,0,6
C3R1_1735921758928_jpg.rf.795e7859fef148b0c821d54b95d1850d.png,51,578.7,527.7,Normal,61.73,60.0,56.0,67.0,0,0,0,2
C3R2_1735921758909_jpg.rf.0135d22fe9480b19fe3466b8770b5b05.png,1,86.8,197.1,Normal,115.28,106.0,96.0,110.0,0,0,0,0
C3R2_1735921758909_jpg.rf.0135d22fe9480b19fe3466b8770b5b05.png,2,109.0,155.7,Sem Raiz,34.4,30.0,26.0,31.0,0,0,0,0
C3R2_1735921758909_jpg.rf.0135d22fe9480b19fe3466b8770b5b05.png,3,144.8,185.7,Normal,131.51,124.0,119.0,135.0,0,0,0,2
C3R2_1735921758909_jpg.rf.0135d22fe9480b19fe3466b8770b5b05.png,4,185.3,138.8,Normal,38.7,38.0,37.0,48.0,0,3,0,6
C3R2_1735921758909_jpg.rf.0135d22fe9480b19fe3466b8770b5b05.png,5,225.5,182.5,Normal,112.19,106.0,97.0,108.0,0,3,0,3
C3R2_1735921758909_jpg.rf.0135d22fe9480b19fe3466b8770b5b05.png,6,284.2,187.0,Normal,119.66,109.0,107.0,117.0,0,0,0,2
C3R2_1735921758909_jpg.rf.0135d22fe9480b19fe3466b8770b5b05.png,7,465.6,181.0,Normal,97.94,93.0,88.0,96.0,3,3,0,1
C3R2_1735921758909_jpg.rf.0135d22fe9480b19fe3466b8770b5b05.png,8,519.4,199.3,Normal,154.16,148.0,138.0,154.0,0,0,0,3
C3R2_1735921758909_jpg.rf.0135d22fe9480b19fe3466b8770b5b05.png,9,550.9,196.4,Normal,140.72,134.0,126.0,141.0,0,0,0,6
C3R2_1735921758909_jpg.rf.0135d22fe9480b19fe3466b8770b5b05.png,10,122.6,212.9,Sem Hipocótilo,77.76,71.0,71.0,71.0,0,0,0,0
C3R2_1735921758909_jpg.rf.0135d22fe9480b19fe3466b8770b5b05.png,11,174.7,231.0,Normal,67.78,66.0,57.0,70.0,1,3,0,3
C3R2_1735921758909_jpg.rf.0135d22fe9480b19fe3466b8770b5b05.png,12,246.7,229.4,Normal,163.4,155.0,148.0,166.0,3,12,3,8
C3R2_1735921758909_jpg.rf.0135d22fe9480b19fe3466b8770b5b05.png,13,312.3,247.3,Normal,89.4,85.0,79.0,97.0,0,0,0,6
C3R2_1735921758909_jpg.rf.0135d22fe9480b19fe3466b8770b5b05.png,14,337.9,224.6,Normal,166.44,151.0,144.0,155.0,0,0,0,1
C3R2_1735921758909_jpg.rf.0135d22fe9480b19fe3466b8770b5b05.png,15,373.0,225.3,Normal,99.03,95.0,88.0,105.0,0,0,0,7
C3R2_1735921758909_jpg.rf.0135d22fe9480b19fe3466b8770b5b05.png,16,412.8,228.3,Normal,188.67,181.0,179.0,187.0,0,0,0,4
C3R2_1735921758909_jpg.rf.0135d22fe9480b19fe3466b8770b5b05.png,17,441.8,214.2,Normal,100.57,97.0,92.0,100.0,0,0,0,0
C3R2_1735921758909_jpg.rf.0135d22fe9480b19fe3466b8770b5b05.png,18,476.5,226.2,Normal,19.51,29.0,23.0,33.0,2,7,0,4
C3R2_1735921758909_jpg.rf.0135d22fe9480b19fe3466b8770b5b05.png,19,582.5,254.7,Normal,109.15,97.0,87.0,102.0,0,0,0,1
C3R2_1735921758909_jpg.rf.0135d22fe9480b19fe3466b8770b5b05.png,20,87.6,334.2,Normal,123.1,121.0,108.0,122.0,0,4,0,1
C3R2_1735921758909_jpg.rf.0135d22fe9480b19fe3466b8770b5b05.png,21,139.2,323.9,Normal,102.42,107.0,106.0,118.0,5,10,4,5
C3R2_1735921758909_jpg.rf.0135d22fe9480b19fe3466b8770b5b05.png,22,182.0,308.2,Normal,33.25,29.0,25.0,31.0,0,0,0,0
C3R2_1735921758909_jpg.rf.0135d22fe9480b19fe3466b8770b5b05.png,23,213.5,314.9,Normal,73.58,65.0,61.0,68.0,0,0,0,1
C3R2_1735921758909_jpg.rf.0135d22fe9480b19fe3466b8770b5b05.png,24,267.2,348.7,Normal,154.58,146.0,143.0,153.0,0,1,0,5
C3R2_1735921758909_jpg.rf.0135d22fe9480b19fe3466b8770b5b05.png,25,358.3,320.7,Normal,124.91,119.0,113.0,126.0,0,0,0,3
C3R2_1735921758909_jpg.rf.0135d22fe9480b19fe3466b8770b5b05.png,26,390.7,299.2,Normal,124.64,118.0,113.0,123.0,0,0,0,1
C3R2_1735921758909_jpg.rf.0135d22fe9480b19fe3466b8770b5b05.png,27,421.8,350.9,Normal,151.48,139.0,131.0,141.0,0,0,0,0
C3R2_1735921758909_jpg.rf.0135d22fe9480b19fe3466b8770b5b05.png,28,470.7,337.4,Normal,91.47,87.0,72.0,89.0,0,0,0,1
C3R2_1735921758909_jpg.rf.0135d22fe9480b19fe3466b8770b5b05.png,29,496.3,295.5,Normal,99.51,94.0,87.0,104.0,0,0,0,7
C3R2_1735921758909_jpg.rf.0135d22fe9480b19fe3466b8770b5b05.png,30,520.9,358.2,Sem Hipocótilo,22.81,21.0,16.0,23.0,0,0,0,1
C3R2_1735921758909_jpg.rf.0135d22fe9480b19fe3466b8770b5b05.png,31,531.6,324.8,Normal,45.38,39.0,31.0,47.0,3,3,0,4
C3R2_1735921758909_jpg.rf.0135d22fe9480b19fe3466b8770b5b05.png,32,562.4,354.3,Normal,124.65,121.0,117.0,133.0,0,0,0,6
C3R2_1735921758909_jpg.rf.0135d22fe9480b19fe3466b8770b5b05.png,33,123.3,391.0,Sem Raiz,35.73,33.0,33.0,39.0,0,0,0,6
C3R2_1735921758909_jpg.rf.0135d22fe9480b19fe3466b8770b5b05.png,34,162.7,409.3,Sem Hipocótilo,39.91,40.0,38.0,43.0,0,0,0,3
C3R2_1735921758909_jpg.rf.0135d22fe9480b19fe3466b8770b5b05.png,35,163.5,362.7,Normal,44.4,42.0,38.0,48.0,0,0,0,2
C3R2_1735921758909_jpg.rf.0135d22fe9480b19fe3466b8770b5b05.png,36,199.7,437.0,Sem Hipocótilo,81.63,76.0,74.0,77.0,0,0,0,0
C3R2_1735921758909_jpg.rf.0135d22fe9480b19fe3466b8770b5b05.png,37,201.1,386.0,Sem Raiz,12.82,11.0,10.0,14.0,0,0,0,0
C3R2_1735921758909_jpg.rf.0135d22fe9480b19fe3466b8770b5b05.png,38,225.6,423.3,Normal,147.17,146.0,128.0,159.0,3,3,0,8
C3R2_1735921758909_jpg.rf.0135d22fe9480b19fe3466b8770b5b05.png,39,281.5,417.2,Normal,126.91,122.0,117.0,130.0,0,0,0,4
C3R2_1735921758909_jpg.rf.0135d22fe9480b19fe3466b8770b5b05.png,40,345.7,417.4,Normal,156.29,148.0,138.0,159.0,0,0,0,2
C3R2_1735921758909_jpg.rf.0135d22fe9480b19fe3466b8770b5b05.png,41,381.7,430.0,Normal,107.56,100.0,91.0,103.0,0,0,0,0
C3R2_1735921758909_jpg.rf.0135d22fe9480b19fe3466b8770b5b05.png,42,516.7,438.1,Normal,124.27,121.0,109.0,129.0,3,3,0,7
C3R2_1735921758909_jpg.rf.0135d22fe9480b19fe3466b8770b5b05.png,43,593.4,375.5,Normal,151.76,132.0,122.0,141.0,0,0,0,2
C3R2_1735921758909_jpg.rf.0135d22fe9480b19fe3466b8770b5b05.png,44,87.8,479.8,Normal,90.01,84.0,76.0,94.0,0,0,0,3
C3R2_1735921758909_jpg.rf.0135d22fe9480b19fe3466b8770b5b05.png,45,118.3,461.7,Sem Hipocótilo,86.88,81.0,80.0,84.0,0,0,0,0
C3R2_1735921758909_jpg.rf.0135d22fe9480b19fe3466b8770b5b05.png,46,147.5,465.3,Normal,44.61,46.0,37.0,54.0,0,3,0,4
C3R2_1735921758909_jpg.rf.0135d22fe9480b19fe3466b8770b5b05.png,47,319.3,458.1,Normal,150.21,145.0,138.0,150.0,0,0,0,3
C3R2_1735921758909_jpg.rf.0135d22fe9480b19fe3466b8770b5b05.png,48,350.8,508.4,Sem Hipocótilo,22.92,20.0,19.0,23.0,0,0,0,1
C3R2_1735921758909_jpg.rf.0135d22fe9480b19fe3466b8770b5b05.png,49,401.1,512.2,Sem Hipocótilo,92.69,90.0,88.0,91.0,0,0,0,1
C3R2_1735921758909_jpg.rf.0135d22fe9480b19fe3466b8770b5b05.png,50,413.0,443.5,Sem Raiz,34.83,34.0,29.0,44.0,0,0,0,2
C3R2_1735921758909_jpg.rf.0135d22fe9480b19fe3466b8770b5b05.png,51,437.1,443.4,Normal,147.88,143.0,136.0,146.0,0,4,0,1
C3R2_1735921758909_jpg.rf.0135d22fe9480b19fe3466b8770b5b05.png,52,451.5,482.4,Normal,125.61,122.0,117.0,130.0,0,1,0,3
C3R2_1735921758909_jpg.rf.0135d22fe9480b19fe3466b8770b5b05.png,53,490.4,483.1,Normal,143.48,131.0,129.0,144.0,0,0,0,2
C3R2_1735921758909_jpg.rf.0135d22fe9480b19fe3466b8770b5b05.png,54,557.7,454.5,Normal,45.85,46.0,39.0,52.0,0,3,0,5
C3R2_1735921758909_jpg.rf.0135d22fe9480b19fe3466b8770b5b05.png,55,588.9,471.1,Normal,116.51,112.0,105.0,121.0,0,0,0,1
C3R3_1735921758892_jpg.rf.14d04fc18cac18fe41ba87aa0d109657.png,1,75.8,184.9,Normal,130.83,124.0,124.0,131.0,0,0,0,1
C3R3_1735921758892_jpg.rf.14d04fc18cac18fe41ba87aa0d109657.png,2,120.6,198.4,Sem Raiz,13.74,13.0,12.0,16.0,0,0,0,1
C3R3_1735921758892_jpg.rf.14d04fc18cac18fe41ba87aa0d109657.png,3,125.9,138.0,Sem Raiz,25.18,23.0,24.0,24.0,0,0,0,1
C3R3_1735921758892_jpg.rf.14d04fc18cac18fe41ba87aa0d109657.png,4,137.3,176.2,Sem Hipocótilo,38.37,35.0,33.0,38.0,0,0,0,3
C3R3_1735921758892_jpg.rf.14d04fc18cac18fe41ba87aa0d109657.png,5,183.3,199.6,Normal,130.51,123.0,116.0,124.0,0,0,0,1
C3R3_1735921758892_jpg.rf.14d04fc18cac18fe41ba87aa0d109657.png,6,471.4,179.4,Normal,124.22,114.0,109.0,120.0,0,0,0,3
C3R3_1735921758892_jpg.rf.14d04fc18cac18fe41ba87aa0d109657.png,7,511.1,191.3,Normal,120.18,110.0,106.0,119.0,0,0,0,4
C3R3_1735921758892_jpg.rf.14d04fc18cac18fe41ba87aa0d109657.png,8,567.1,181.3,Normal,66.77,59.0,56.0,68.0,0,0,0,2
C3R3_1735921758892_jpg.rf.14d04fc18cac18fe41ba87aa0d109657.png,9,115.8,247.6,Sem Hipocótilo,76.7,78.0,72.0,80.0,1,1,0,1
C3R3_1735921758892_jpg.rf.14d04fc18cac18fe41ba87aa0d109657.png,10,213.8,209.8,Normal,145.69,143.0,135.0,151.0,0,0,0,6
C3R3_1735921758892_jpg.rf.14d04fc18cac18fe41ba87aa0d109657.png,11,261.1,205.1,Normal,144.63,135.0,127.0,137.0,0,0,0,0
C3R3_1735921758892_jpg.rf.14d04fc18cac18fe41ba87aa0d109657.png,12,315.1,216.6,Normal,100.98,98.0,93.0,105.0,3,3,0,4
C3R3_1735921758892_jpg.rf.14d04fc18cac18fe41ba87aa0d109657.png,13,345.4,225.5,Normal,174.32,162.0,156.0,169.0,0,0,0,4
C3R3_1735921758892_jpg.rf.14d04fc18cac18fe41ba87aa0d109657.png,14,381.3,204.9,Normal,107.27,105.0,95.0,108.0,0,1,0,2
C3R3_1735921758892_jpg.rf.14d04fc18cac18fe41ba87aa0d109657.png,15,404.6,204.4,Normal,111.36,113.0,101.0,118.0,0,3,0,4
C3R3_1735921758892_jpg.rf.14d04fc18cac18fe41ba87aa0d109657.png,16,450.7,252.1,Normal,129.89,122.0,115.0,129.0,0,0,0,7
C3R3_1735921758892_jpg.rf.14d04fc18cac18fe41ba87aa0d109657.png,17,597.9,235.5,Normal,143.41,139.0,133.0,147.0,0,0,0,4
C3R3_1735921758892_jpg.rf.14d04fc18cac18fe41ba87aa0d109657.png,18,83.3,331.7,Normal,61.13,66.0,61.0,78.0,1,5,0,9
C3R3_1735921758892_jpg.rf.14d04fc18cac18fe41ba87aa0d109657.png,19,114.2,342.2,Normal,49.37,44.0,42.0,51.0,0,0,0,4
C3R3_1735921758892_jpg.rf.14d04fc18cac18fe41ba87aa0d109657.png,20,152.3,296.0,Normal,118.23,110.0,104.0,112.0,0,0,0,0
C3R3_1735921758892_jpg.rf.14d04fc18cac18fe41ba87aa0d109657.png,21,181.9,319.1,Normal,93.6,91.0,86.0,94.0,0,1,0,1
C3R3_1735921758892_jpg.rf.14d04fc18cac18fe41ba87aa0d109657.png,22,212.2,335.5,Sem Raiz,23.16,25.0,24.0,28.0,0,9,3,4
C3R3_1735921758892_jpg.rf.14d04fc18cac18fe41ba87aa0d109657.png,23,245.3,335.9,Normal,98.14,94.0,88.0,100.0,0,0,0,6
C3R3_1735921758892_jpg.rf.14d04fc18cac18fe41ba87aa0d109657.png,24,278.4,308.0,Normal,127.49,120.0,115.0,130.0,0,0,0,2
C3R3_1735921758892_jpg.rf.14d04fc18cac18fe41ba87aa0d109657.png,25,309.6,344.0,Normal,119.47,110.0,109.0,117.0,0,0,0,2
C3R3_1735921758892_jpg.rf.14d04fc18cac18fe41ba87aa0d109657.png,26,358.0,323.2,Normal,108.47,98.0,94.0,105.0,3,3,0,6
C3R3_1735921758892_jpg.rf.14d04fc18cac18fe41ba87aa0d109657.png,27,409.8,312.1,Normal,153.06,149.0,140.0,155.0,0,0,0,4
C3R3_1735921758892_jpg.rf.14d04fc18cac18fe41ba87aa0d109657.png,28,477.2,290.4,Normal,87.07,78.0,75.0,81.0,0,0,0,0
C3R3_1735921758892_jpg.rf.14d04fc18cac18fe41ba87aa0d109657.png,29,514.1,328.0,Normal,126.05,131.0,126.0,139.0,4,9,7,8
C3R3_1735921758892_jpg.rf.14d04fc18cac18fe41ba87aa0d109657.png,30,552.7,310.7,Normal,110.92,93.0,89.0,102.0,0,0,0,7
C3R3_1735921758892_jpg.rf.14d04fc18cac18fe41ba87aa0d109657.png,31,66.5,438.2,Normal,154.44,146.0,139.0,154.0,0,0,0,4
C3R3_1735921758892_jpg.rf.14d04fc18cac18fe41ba87aa0d109657.png,32,98.4,429.9,Normal,98.27,87.0,81.0,91.0,0,0,0,1
C3R3_1735921758892_jpg.rf.14d04fc18cac18fe41ba87aa0d109657.png,33,211.1,389.4,Sem Hipocótilo,78.64,76.0,73.0,78.0,0,0,0,1
C3R3_1735921758892_jpg.rf.14d04fc18cac18fe41ba87aa0d109657.png,34,346.5,413.1,Normal,98.91,84.0,76.0,91.0,3,3,0,6
C3R3_1735921758892_jpg.rf.14d04fc18cac18fe41ba87aa0d109657.png,35,428.5,363.0,Normal,100.39,96.0,90.0,100.0,0,3,0,1
C3R3_1735921758892_jpg.rf.14d04fc18cac18fe41ba87aa0d109657.png,36,490.5,416.4,Normal,130.1,120.0,105.0,122.0,3,3,0,1
C3R3_1735921758892_jpg.rf.14d04fc18cac18fe41ba87aa0d109657.png,37,524.0,411.0,Normal,87.37,82.0,78.0,90.0,0,0,0,5
C3R3_1735921758892_jpg.rf.14d04fc18cac18fe41ba87aa0d109657.png,38,563.1,416.2,Normal,150.29,155.0,139.0,156.0,3,4,0,2
C3R3_1735921758892_jpg.rf.14d04fc18cac18fe41ba87aa0d109657.png,39,589.9,407.1,Normal,166.3,160.0,146.0,162.0,0,1,0,2
C3R3_1735921758892_jpg.rf.14d04fc18cac18fe41ba87aa0d109657.png,40,118.9,501.4,Normal,33.49,35.0,27.0,37.0,2,7,0,3
C3R3_1735921758892_jpg.rf.14d04fc18cac18fe41ba87aa0d109657.png,41,136.0,441.5,Normal,98.65,98.0,87.0,102.0,2,7,0,5
C3R3_1735921758892_jpg.rf.14d04fc18cac18fe41ba87aa0d109657.png,42,166.7,448.3,Normal,80.02,76.0,67.0,85.0,0,3,0,5
C3R3_1735921758892_jpg.rf.14d04fc18cac18fe41ba87aa0d109657.png,43,181.2,445.4,Sem Raiz,10.65,16.0,11.0,18.0,0,4,0,4
C3R3_1735921758892_jpg.rf.14d04fc18cac18fe41ba87aa0d109657.png,44,187.6,499.7,Sem Hipocótilo,67.39,71.0,67.0,73.0,0,1,0,1
C3R3_1735921758892_jpg.rf.14d04fc18cac18fe41ba87aa0d109657.png,45,224.8,508.8,Sem Hipocótilo,41.46,42.0,40.0,45.0,0,0,0,3
C3R3_1735921758892_jpg.rf.14d04fc18cac18fe41ba87aa0d109657.png,46,232.9,464.9,Normal,33.83,32.0,24.0,39.0,0,0,0,1
C3R3_1735921758892_jpg.rf.14d04fc18cac18fe41ba87aa0d109657.png,47,266.0,450.3,Normal,158.02,155.0,143.0,161.0,0,4,0,3
C3R3_1735921758892_jpg.rf.14d04fc18cac18fe41ba87aa0d109657.png,48,297.4,479.2,Normal,89.05,87.0,76.0,91.0,1,1,0,2
C3R3_1735921758892_jpg.rf.14d04fc18cac18fe41ba87aa0d109657.png,49,348.6,496.2,Normal,120.01,107.0,100.0,112.0,0,0,0,1
C3R3_1735921758892_jpg.rf.14d04fc18cac18fe41ba87aa0d109657.png,50,384.9,463.2,Normal,127.15,126.0,115.0,134.0,5,7,0,5
C3R3_1735921758892_jpg.rf.14d04fc18cac18fe41ba87aa0d109657.png,51,447.8,498.6,Normal,124.61,108.0,104.0,115.0,0,0,0,1
C3R3_1735921758892_jpg.rf.14d04fc18cac18fe41ba87aa0d109657.png,52,473.1,459.4,Normal,131.36,133.0,110.0,134.0,4,4,0,3
C3R3_1735921758892_jpg.rf.14d04fc18cac18fe41ba87aa0d109657.png,53,529.3,495.6,Normal,56.72,54.0,46.0,61.0,2,4,0,6
C3R3_1735921758892_jpg.rf.14d04fc18cac18fe41ba87aa0d109657.png,54,570.3,525.0,Normal,24.28,22.0,16.0,26.0,0,0,0,3
C3R4_1735921758871_jpg.rf.2f9e053c143e9da1e9fa590c6c990fcb.png,1,100.7,134.1,Sem Raiz,11.46,11.0,6.0,12.0,0,0,0,0
C3R4_1735921758871_jpg.rf.2f9e053c143e9da1e9fa590c6c990fcb.png,2,114.7,181.1,Normal,79.39,81.0,72.0,88.0,0,4,0,5
C3R4_1735921758871_jpg.rf.2f9e053c143e9da1e9fa590c6c990fcb.png,3,146.2,160.1,Normal,98.96,93.0,88.0,98.0,0,0,0,2
C3R4_1735921758871_jpg.rf.2f9e053c143e9da1e9fa590c6c990fcb.png,4,207.0,198.8,Normal,97.34,91.0,86.0,96.0,0,0,0,2
C3R4_1735921758871_jpg.rf.2f9e053c143e9da1e9fa590c6c990fcb.png,5,240.0,186.6,Normal,133.63,119.0,114.0,126.0,0,0,0,2
C3R4_1735921758871_jpg.rf.2f9e053c143e9da1e9fa590c6c990fcb.png,6,324.9,199.2,Normal,142.89,136.0,127.0,137.0,0,0,0,0
C3R4_1735921758871_jpg.rf.2f9e053c143e9da1e9fa590c6c990fcb.png,7,409.3,187.7,Normal,138.11,128.0,126.0,136.0,0,0,0,7
C3R4_1735921758871_jpg.rf.2f9e053c143e9da1e9fa590c6c990fcb.png,8,462.8,187.4,Normal,141.08,133.0,128.0,142.0,0,0,0,2
C3R4_1735921758871_jpg.rf.2f9e053c143e9da1e9fa590c6c990fcb.png,9,90.3,266.4,Sem Hipocótilo,61.34,60.0,59.0,62.0,0,0,0,1
C3R4_1735921758871_jpg.rf.2f9e053c143e9da1e9fa590c6c990fcb.png,10,97.5,209.6,Normal,43.41,47.0,30.0,55.0,0,4,0,3
C3R4_1735921758871_jpg.rf.2f9e053c143e9da1e9fa590c6c990fcb.png,11,160.6,275.7,Normal,81.78,80.0,75.0,87.0,0,0,0,2
C3R4_1735921758871_jpg.rf.2f9e053c143e9da1e9fa590c6c990fcb.png,12,186.6,213.7,Normal,132.95,125.0,121.0,132.0,0,0,0,2
C3R4_1735921758871_jpg.rf.2f9e053c143e9da1e9fa590c6c990fcb.png,13,269.6,268.1,Normal,125.79,113.0,105.0,121.0,0,0,0,2
C3R4_1735921758871_jpg.rf.2f9e053c143e9da1e9fa590c6c990fcb.png,14,287.0,201.0,Normal,117.65,114.0,105.0,121.0,0,6,0,6
C3R4_1735921758871_jpg.rf.2f9e053c143e9da1e9fa590c6c990fcb.png,15,345.6,215.8,Normal,188.38,180.0,177.0,185.0,0,0,0,2
C3R4_1735921758871_jpg.rf.2f9e053c143e9da1e9fa590c6c990fcb.png,16,382.7,225.8,Normal,128.88,121.0,113.0,131.0,0,0,0,7
C3R4_1735921758871_jpg.rf.2f9e053c143e9da1e9fa590c6c990fcb.png,17,429.4,236.6,Normal,147.28,142.0,134.0,150.0,0,4,0,5
C3R4_1735921758871_jpg.rf.2f9e053c143e9da1e9fa590c6c990fcb.png,18,486.0,233.9,Normal,106.8,100.0,97.0,113.0,0,0,0,6
C3R4_1735921758871_jpg.rf.2f9e053c143e9da1e9fa590c6c990fcb.png,19,528.8,206.3,Normal,119.13,133.0,134.0,145.0,0,12,5,6
C3R4_1735921758871_jpg.rf.2f9e053c143e9da1e9fa590c6c990fcb.png,20,557.4,218.3,Normal,121.31,115.0,106.0,126.0,0,4,0,10
C3R4_1735921758871_jpg.rf.2f9e053c143e9da1e9fa590c6c990fcb.png,21,591.2,219.6,Normal,76.1,73.0,69.0,77.0,0,0,0,1
C3R4_1735921758871_jpg.rf.2f9e053c143e9da1e9fa590c6c990fcb.png,22,113.8,296.3,Normal,90.57,82.0,76.0,87.0,0,0,0,3
C3R4_1735921758871_jpg.rf.2f9e053c143e9da1e9fa590c6c990fcb.png,23,228.9,354.4,Normal,166.06,158.0,151.0,161.0,0,0,0,2
C3R4_1735921758871_jpg.rf.2f9e053c143e9da1e9fa590c6c990fcb.png,24,255.0,353.2,Normal,126.46,131.0,122.0,139.0,1,9,2,4
C3R4_1735921758871_jpg.rf.2f9e053c143e9da1e9fa590c6c990fcb.png,25,305.2,314.5,Normal,156.05,142.0,130.0,148.0,0,0,0,1
C3R4_1735921758871_jpg.rf.2f9e053c143e9da1e9fa590c6c990fcb.png,26,477.3,358.3,Normal,116.85,109.0,106.0,119.0,0,0,0,5
C3R4_1735921758871_jpg.rf.2f9e053c143e9da1e9fa590c6c990fcb.png,27,505.9,290.0,Normal,43.18,45.0,40.0,54.0,0,1,0,5
C3R4_1735921758871_jpg.rf.2f9e053c143e9da1e9fa590c6c990fcb.png,28,512.2,343.9,Normal,100.36,93.0,87.0,100.0,3,3,0,2
C3R4_1735921758871_jpg.rf.2f9e053c143e9da1e9fa590c6c990fcb.png,29,550.6,320.7,Normal,114.35,118.0,110.0,124.0,0,7,1,7
C3R4_1735921758871_jpg.rf.2f9e053c143e9da1e9fa590c6c990fcb.png,30,599.3,345.5,Normal,114.76,117.0,110.0,123.0,0,4,0,4
C3R4_1735921758871_jpg.rf.2f9e053c143e9da1e9fa590c6c990fcb.png,31,81.6,394.0,Normal,125.36,119.0,112.0,125.0,0,0,0,4
C3R4_1735921758871_jpg.rf.2f9e053c143e9da1e9fa590c6c990fcb.png,32,97.9,432.6,Normal,64.28,64.0,54.0,65.0,0,1,0,1
C3R4_1735921758871_jpg.rf.2f9e053c143e9da1e9fa590c6c990fcb.png,33,130.4,439.8,Normal,175.4,165.0,163.0,174.0,0,0,0,2
C3R4_1735921758871_jpg.rf.2f9e053c143e9da1e9fa590c6c990fcb.png,34,167.3,373.8,Normal,113.49,109.0,105.0,117.0,0,0,0,2
C3R4_1735921758871_jpg.rf.2f9e053c143e9da1e9fa590c6c990fcb.png,35,198.1,430.5,Normal,259.64,257.0,241.0,269.0,0,3,0,3
C3R4_1735921758871_jpg.rf.2f9e053c143e9da1e9fa590c6c990fcb.png,36,279.3,415.5,Normal,162.26,152.0,150.0,160.0,0,0,0,3
C3R4_1735921758871_jpg.rf.2f9e053c143e9da1e9fa590c6c990fcb.png,37,336.4,400.0,Normal,141.46,135.0,127.0,142.0,0,0,0,2
C3R4_1735921758871_jpg.rf.2f9e053c143e9da1e9fa590c6c990fcb.png,38,377.9,373.9,Normal,130.95,123.0,118.0,126.0,0,0,0,1
C3R4_1735921758871_jpg.rf.2f9e053c143e9da1e9fa590c6c990fcb.png,39,398.3,360.8,Normal,141.89,142.0,132.0,144.0,0,3,0,1
C3R4_1735921758871_jpg.rf.2f9e053c143e9da1e9fa590c6c990fcb.png,40,437.5,377.0,Normal,108.95,101.0,92.0,110.0,0,0,0,5
C3R4_1735921758871_jpg.rf.2f9e053c143e9da1e9fa590c6c990fcb.png,41,511.2,419.5,Sem Raiz,14.82,14.0,12.0,15.0,0,0,0,0
C3R4_1735921758871_jpg.rf.2f9e053c143e9da1e9fa590c6c990fcb.png,42,577.5,432.2,Normal,147.74,145.0,142.0,155.0,0,0,0,7
C3R4_1735921758871_jpg.rf.2f9e053c143e9da1e9fa590c6c990fcb.png,43,158.6,483.9,Normal,40.19,40.0,39.0,42.0,0,5,4,5
C3R4_1735921758871_jpg.rf.2f9e053c143e9da1e9fa590c6c990fcb.png,44,234.9,495.2,Normal,62.13,59.0,54.0,65.0,0,0,0,1
C3R4_1735921758871_jpg.rf.2f9e053c143e9da1e9fa590c6c990fcb.png,45,306.7,473.6,Normal,152.95,148.0,139.0,154.0,0,0,0,1
C3R4_1735921758871_jpg.rf.2f9e053c143e9da1e9fa590c6c990fcb.png,46,335.6,488.1,Sem Raiz,26.55,24.0,20.0,26.0,0,0,0,3
C3R4_1735921758871_jpg.rf.2f9e053c143e9da1e9fa590c6c990fcb.png,47,362.8,458.4,Normal,157.74,150.0,140.0,156.0,0,0,0,4
C3R4_1735921758871_jpg.rf.2f9e053c143e9da1e9fa590c6c990fcb.png,48,409.8,456.7,Normal,156.54,147.0,140.0,153.0,0,0,0,4
C3R4_1735921758871_jpg.rf.2f9e053c143e9da1e9fa590c6c990fcb.png,49,454.3,504.1,Normal,156.87,151.0,144.0,162.0,3,13,6,8
C3R4_1735921758871_jpg.rf.2f9e053c143e9da1e9fa590c6c990fcb.png,50,505.6,509.6,Normal,70.73,70.0,60.0,78.0,1,1,0,2
C3R4_1735921758871_jpg.rf.2f9e053c143e9da1e9fa590c6c990fcb.png,51,526.7,459.4,Normal,69.69,71.0,58.0,78.0,0,4,0,3
C3R4_1735921758871_jpg.rf.2f9e053c143e9da1e9fa590c6c990fcb.png,52,547.5,472.6,Normal,169.51,167.0,160.0,170.0,0,3,0,2
C3R5_1735921758848_jpg.rf.8320f4dd524ab82d060efd067c75b60c.png,1,123.7,189.0,Normal,132.12,117.0,114.0,121.0,0,0,0,1
C3R5_1735921758848_jpg.rf.8320f4dd524ab82d060efd067c75b60c.png,2,179.1,174.8,Normal,120.3,110.0,104.0,115.0,0,0,0,0
C3R5_1735921758848_jpg.rf.8320f4dd524ab82d060efd067c75b60c.png,3,227.0,186.9,Normal,135.71,129.0,124.0,135.0,0,0,0,2
C3R5_1735921758848_jpg.rf.8320f4dd524ab82d060efd067c75b60c.png,4,275.2,187.2,Normal,97.47,88.0,85.0,97.0,0,0,0,5
C3R5_1735921758848_jpg.rf.8320f4dd524ab82d060efd067c75b60c.png,5,302.5,193.0,Normal,125.47,114.0,111.0,123.0,0,0,0,5
C3R5_1735921758848_jpg.rf.8320f4dd524ab82d060efd067c75b60c.png,6,409.3,184.3,Normal,144.27,134.0,125.0,137.0,0,0,0,0
C3R5_1735921758848_jpg.rf.8320f4dd524ab82d060efd067c75b60c.png,7,436.3,181.8,Sem Raiz,20.64,18.0,16.0,20.0,0,0,0,0
C3R5_1735921758848_jpg.rf.8320f4dd524ab82d060efd067c75b60c.png,8,165.6,240.4,Normal,125.79,119.0,117.0,130.0,0,0,0,6
C3R5_1735921758848_jpg.rf.8320f4dd524ab82d060efd067c75b60c.png,9,248.0,253.5,Normal,128.22,136.0,131.0,146.0,4,4,1,3
C3R5_1735921758848_jpg.rf.8320f4dd524ab82d060efd067c75b60c.png,10,345.3,203.6,Normal,132.88,130.0,125.0,136.0,0,1,0,1
C3R5_1735921758848_jpg.rf.8320f4dd524ab82d060efd067c75b60c.png,11,378.5,219.1,Normal,85.89,82.0,78.0,91.0,0,0,0,5
C3R5_1735921758848_jpg.rf.8320f4dd524ab82d060efd067c75b60c.png,12,435.6,237.1,Sem Hipocótilo,68.28,66.0,62.0,71.0,0,0,0,3
C3R5_1735921758848_jpg.rf.8320f4dd524ab82d060efd067c75b60c.png,13,463.8,226.2,Normal,139.39,129.0,124.0,136.0,0,0,0,4
C3R5_1735921758848_jpg.rf.8320f4dd524ab82d060efd067c75b60c.png,14,495.0,202.0,Normal,95.25,87.0,79.0,91.0,0,0,0,3
C3R5_1735921758848_jpg.rf.8320f4dd524ab82d060efd067c75b60c.png,15,521.7,205.9,Normal,139.32,129.0,128.0,137.0,0,0,0,1
C3R5_1735921758848_jpg.rf.8320f4dd524ab82d060efd067c75b60c.png,16,545.5,210.4,Normal,64.53,58.0,51.0,65.0,0,0,0,2
C3R5_1735921758848_jpg.rf.8320f4dd524ab82d060efd067c75b60c.png,17,580.4,201.8,Normal,107.98,101.0,94.0,105.0,0,0,0,0
C3R5_1735921758848_jpg.rf.8320f4dd524ab82d060efd067c75b60c.png,18,595.2,262.1,Normal,83.67,77.0,74.0,82.0,0,0,0,3
C3R5_1735921758848_jpg.rf.8320f4dd524ab82d060efd067c75b60c.png,19,132.2,297.5,Normal,59.18,52.0,45.0,59.0,0,0,0,1
C3R5_1735921758848_jpg.rf.8320f4dd524ab82d060efd067c75b60c.png,20,183.3,355.0,Normal,109.55,94.0,89.0,96.0,0,0,0,0
C3R5_1735921758848_jpg.rf.8320f4dd524ab82d060efd067c75b60c.png,21,225.4,323.3,Normal,151.91,137.0,126.0,142.0,0,0,0,1
C3R5_1735921758848_jpg.rf.8320f4dd524ab82d060efd067c75b60c.png,22,268.2,352.2,Sem Hipocótilo,82.3,74.0,69.0,75.0,0,0,0,0
C3R5_1735921758848_jpg.rf.8320f4dd524ab82d060efd067c75b60c.png,23,273.3,293.0,Sem Raiz,20.18,20.0,15.0,23.0,0,0,0,3
C3R5_1735921758848_jpg.rf.8320f4dd524ab82d060efd067c75b60c.png,24,326.6,341.8,Normal,169.3,156.0,152.0,165.0,0,0,0,6
C3R5_1735921758848_jpg.rf.8320f4dd524ab82d060efd067c75b60c.png,25,353.4,356.0,Normal,138.86,130.0,125.0,134.0,0,0,0,2
C3R5_1735921758848_jpg.rf.8320f4dd524ab82d060efd067c75b60c.png,26,449.9,357.2,Normal,139.7,131.0,125.0,140.0,0,0,0,2
C3R5_1735921758848_jpg.rf.8320f4dd524ab82d060efd067c75b60c.png,27,474.4,334.7,Normal,36.33,51.0,40.0,56.0,11,18,7,11
C3R5_1735921758848_jpg.rf.8320f4dd524ab82d060efd067c75b60c.png,28,518.8,349.7,Normal,111.68,99.0,95.0,106.0,0,0,0,2
C3R5_1735921758848_jpg.rf.8320f4dd524ab82d060efd067c75b60c.png,29,549.4,325.9,Normal,79.12,77.0,71.0,80.0,0,0,0,0
C3R5_1735921758848_jpg.rf.8320f4dd524ab82d060efd067c75b60c.png,30,132.7,395.8,Normal,68.78,68.0,62.0,80.0,0,0,0,6
C3R5_1735921758848_jpg.rf.8320f4dd524ab82d060efd067c75b60c.png,31,220.7,396.4,Normal,84.25,83.0,80.0,89.0,0,0,0,6
C3R5_1735921758848_jpg.rf.8320f4dd524ab82d060efd067c75b60c.png,32,297.8,394.3,Normal,142.71,137.0,130.0,142.0,0,0,0,3
C3R5_1735921758848_jpg.rf.8320f4dd524ab82d060efd067c75b60c.png,33,394.9,365.7,Normal,136.72,135.0,132.0,140.0,0,3,1,4
C3R5_1735921758848_jpg.rf.8320f4dd524ab82d060efd067c75b60c.png,34,419.5,370.2,Normal,84.63,81.0,73.0,82.0,0,0,0,1
C3R5_1735921758848_jpg.rf.8320f4dd524ab82d060efd067c75b60c.png,35,586.0,364.0,Normal,113.31,103.0,97.0,109.0,0,0,0,6
C3R5_1735921758848_jpg.rf.8320f4dd524ab82d060efd067c75b60c.png,36,127.3,464.4,Sem Raiz,17.31,17.0,16.0,20.0,0,0,0,1
C3R5_1735921758848_jpg.rf.8320f4dd524ab82d060efd067c75b60c.png,37,176.0,475.7,Normal,179.35,174.0,170.0,180.0,0,0,0,2
C3R5_1735921758848_jpg.rf.8320f4dd524ab82d060efd067c75b60c.png,38,212.5,462.9,Normal,37.12,32.0,30.0,40.0,0,0,0,5
C3R5_1735921758848_jpg.rf.8320f4dd524ab82d060efd067c75b60c.png,39,252.2,453.5,Normal,87.58,105.0,101.0,113.0,0,6,1,12
C3R5_1735921758848_jpg.rf.8320f4dd524ab82d060efd067c75b60c.png,40,259.1,508.4,Normal,124.4,119.0,111.0,125.0,0,0,0,0
C3R5_1735921758848_jpg.rf.8320f4dd524ab82d060efd067c75b60c.png,41,323.9,494.7,Normal,37.59,36.0,31.0,42.0,0,0,0,4
C3R5_1735921758848_jpg.rf.8320f4dd524ab82d060efd067c75b60c.png,42,366.7,445.5,Normal,130.05,112.0,107.0,119.0,0,0,0,1
C3R5_1735921758848_jpg.rf.8320f4dd524ab82d060efd067c75b60c.png,43,379.6,511.2,Normal,146.29,136.0,129.0,142.0,0,0,0,2
C3R5_1735921758848_jpg.rf.8320f4dd524ab82d060efd067c75b60c.png,44,433.0,497.2,Normal,118.53,113.0,106.0,119.0,0,0,0,0
C3R5_1735921758848_jpg.rf.8320f4dd524ab82d060efd067c75b60c.png,45,477.6,447.9,Normal,134.71,125.0,121.0,132.0,0,0,0,0
C3R5_1735921758848_jpg.rf.8320f4dd524ab82d060efd067c75b60c.png,46,491.3,517.6,Normal,59.84,59.0,52.0,64.0,0,0,0,1
C3R5_1735921758848_jpg.rf.8320f4dd524ab82d060efd067c75b60c.png,47,520.5,464.1,Normal,81.12,77.0,72.0,85.0,0,0,0,2
C3R5_1735921758848_jpg.rf.8320f4dd524ab82d060efd067c75b60c.png,48,554.2,469.4,Normal,163.1,151.0,146.0,156.0,0,0,0,3
C3R5_1735921758848_jpg.rf.8320f4dd524ab82d060efd067c75b60c.png,49,574.2,496.2,Normal,117.65,123.0,110.0,127.0,0,7,0,4
C3R5_1735921758848_jpg.rf.8320f4dd524ab82d060efd067c75b60c.png,50,130.7,543.0,Normal,74.22,71.0,64.0,78.0,0,3,3,5
C3R5_1735921758848_jpg.rf.8320f4dd524ab82d060efd067c75b60c.png,51,400.5,536.6,Normal,125.04,122.0,115.0,126.0,0,0,0,4
C3R6_1735921758827_jpg.rf.1670a3de81fd04a78077cc9f0fcc5019.png,1,174.0,109.4,Sem Raiz,16.94,17.0,13.0,17.0,0,0,0,0
C3R6_1735921758827_jpg.rf.1670a3de81fd04a78077cc9f0fcc5019.png,2,291.8,112.1,Sem Raiz,9.94,11.0,5.0,16.0,0,0,0,0
C3R6_1735921758827_jpg.rf.1670a3de81fd04a78077cc9f0fcc5019.png,3,75.4,123.4,Normal,32.97,32.0,23.0,39.0,3,3,0,3
C3R6_1735921758827_jpg.rf.1670a3de81fd04a78077cc9f0fcc5019.png,4,116.7,160.3,Sem Raiz,28.5,25.0,24.0,33.0,0,0,0,1
C3R6_1735921758827_jpg.rf.1670a3de81fd04a78077cc9f0fcc5019.png,5,145.6,178.4,Normal,106.55,107.0,100.0,109.0,0,3,0,0
C3R6_1735921758827_jpg.rf.1670a3de81fd04a78077cc9f0fcc5019.png,6,185.3,174.2,Sem Hipocótilo,98.59,100.0,99.0,105.0,0,0,0,1
C3R6_1735921758827_jpg.rf.1670a3de81fd04a78077cc9f0fcc5019.png,7,250.4,185.0,Normal,102.13,94.0,87.0,103.0,0,0,0,5
C3R6_1735921758827_jpg.rf.1670a3de81fd04a78077cc9f0fcc5019.png,8,288.1,159.3,Sem Hipocótilo,70.55,66.0,65.0,67.0,0,0,0,0
C3R6_1735921758827_jpg.rf.1670a3de81fd04a78077cc9f0fcc5019.png,9,317.9,148.0,Normal,118.14,107.0,102.0,109.0,0,0,0,0
C3R6_1735921758827_jpg.rf.1670a3de81fd04a78077cc9f0fcc5019.png,10,349.0,188.5,Normal,123.81,116.0,112.0,126.0,0,0,0,7
C3R6_1735921758827_jpg.rf.1670a3de81fd04a78077cc9f0fcc5019.png,11,377.5,182.1,Normal,87.04,89.0,85.0,97.0,0,1,0,2
C3R6_1735921758827_jpg.rf.1670a3de81fd04a78077cc9f0fcc5019.png,12,414.9,198.2,Normal,119.74,118.0,107.0,126.0,0,3,0,3
C3R6_1735921758827_jpg.rf.1670a3de81fd04a78077cc9f0fcc5019.png,13,443.3,130.5,Sem Raiz,21.23,20.0,20.0,20.0,0,0,0,0
C3R6_1735921758827_jpg.rf.1670a3de81fd04a78077cc9f0fcc5019.png,14,487.0,193.3,Normal,140.53,132.0,126.0,139.0,0,0,0,4
C3R6_1735921758827_jpg.rf.1670a3de81fd04a78077cc9f0fcc5019.png,15,538.1,175.9,Normal,86.44,85.0,72.0,90.0,4,7,0,5
C3R6_1735921758827_jpg.rf.1670a3de81fd04a78077cc9f0fcc5019.png,16,588.8,154.8,Sem Raiz,26.23,22.0,21.0,26.0,0,0,0,3
C3R6_1735921758827_jpg.rf.1670a3de81fd04a78077cc9f0fcc5019.png,17,77.1,248.1,Normal,103.98,101.0,95.0,109.0,0,0,0,3
C3R6_1735921758827_jpg.rf.1670a3de81fd04a78077cc9f0fcc5019.png,18,112.1,219.0,Sem Hipocótilo,75.01,71.0,69.0,74.0,0,0,0,1
C3R6_1735921758827_jpg.rf.1670a3de81fd04a78077cc9f0fcc5019.png,19,163.5,232.8,Sem Raiz,45.49,47.0,36.0,50.0,0,4,0,3
C3R6_1735921758827_jpg.rf.1670a3de81fd04a78077cc9f0fcc5019.png,20,219.9,200.7,Normal,172.35,165.0,161.0,172.0,3,4,0,6
C3R6_1735921758827_jpg.rf.1670a3de81fd04a78077cc9f0fcc5019.png,21,272.3,259.4,Normal,142.56,141.0,128.0,143.0,0,7,0,4
C3R6_1735921758827_jpg.rf.1670a3de81fd04a78077cc9f0fcc5019.png,22,299.8,274.4,Normal,118.36,112.0,108.0,121.0,0,0,0,2
C3R6_1735921758827_jpg.rf.1670a3de81fd04a78077cc9f0fcc5019.png,23,441.6,207.7,Sem Hipocótilo,126.76,117.0,118.0,120.0,0,0,0,3
C3R6_1735921758827_jpg.rf.1670a3de81fd04a78077cc9f0fcc5019.png,24,469.3,260.7,Normal,140.56,136.0,133.0,144.0,0,0,0,6
C3R6_1735921758827_jpg.rf.1670a3de81fd04a78077cc9f0fcc5019.png,25,597.7,204.0,Sem Hipocótilo,60.24,58.0,59.0,61.0,0,0,0,1
C3R6_1735921758827_jpg.rf.1670a3de81fd04a78077cc9f0fcc5019.png,26,89.5,345.6,Normal,67.57,62.0,56.0,70.0,0,0,0,3
C3R6_1735921758827_jpg.rf.1670a3de81fd04a78077cc9f0fcc5019.png,27,140.8,308.7,Normal,55.15,56.0,46.0,60.0,0,3,0,3
C3R6_1735921758827_jpg.rf.1670a3de81fd04a78077cc9f0fcc5019.png,28,163.0,301.3,Sem Hipocótilo,75.55,71.0,69.0,73.0,0,0,0,1
C3R6_1735921758827_jpg.rf.1670a3de81fd04a78077cc9f0fcc5019.png,29,190.8,324.2,Normal,64.35,59.0,54.0,62.0,0,0,0,4
C3R6_1735921758827_jpg.rf.1670a3de81fd04a78077cc9f0fcc5019.png,30,245.3,338.6,Normal,105.07,100.0,94.0,106.0,0,0,0,3
C3R6_1735921758827_jpg.rf.1670a3de81fd04a78077cc9f0fcc5019.png,31,319.6,331.9,Normal,113.07,112.0,113.0,122.0,4,9,5,9
C3R6_1735921758827_jpg.rf.1670a3de81fd04a78077cc9f0fcc5019.png,32,355.1,322.1,Normal,123.43,122.0,113.0,126.0,0,1,0,2
C3R6_1735921758827_jpg.rf.1670a3de81fd04a78077cc9f0fcc5019.png,33,386.7,339.4,Normal,129.39,121.0,111.0,126.0,0,0,0,1
C3R6_1735921758827_jpg.rf.1670a3de81fd04a78077cc9f0fcc5019.png,34,422.7,304.5,Sem Raiz,32.63,33.0,26.0,36.0,0,0,0,0
C3R6_1735921758827_jpg.rf.1670a3de81fd04a78077cc9f0fcc5019.png,35,513.4,354.8,Normal,64.29,58.0,54.0,68.0,0,0,0,6
C3R6_1735921758827_jpg.rf.1670a3de81fd04a78077cc9f0fcc5019.png,36,533.5,295.9,Normal,99.15,89.0,82.0,92.0,0,0,0,1
C3R6_1735921758827_jpg.rf.1670a3de81fd04a78077cc9f0fcc5019.png,37,567.7,282.6,Normal,148.38,137.0,133.0,142.0,0,0,0,0
C3R6_1735921758827_jpg.rf.1670a3de81fd04a78077cc9f0fcc5019.png,38,72.8,436.8,Normal,93.22,90.0,85.0,97.0,0,0,0,2
C3R6_1735921758827_jpg.rf.1670a3de81fd04a78077cc9f0fcc5019.png,39,113.7,436.0,Normal,66.1,60.0,53.0,62.0,0,0,0,1
C3R6_1735921758827_jpg.rf.1670a3de81fd04a78077cc9f0fcc5019.png,40,135.2,382.0,Normal,51.65,48.0,44.0,59.0,0,0,0,3
C3R6_1735921758827_jpg.rf.1670a3de81fd04a78077cc9f0fcc5019.png,41,178.9,414.5,Normal,93.8,90.0,88.0,95.0,0,0,0,4
C3R6_1735921758827_jpg.rf.1670a3de81fd04a78077cc9f0fcc5019.png,42,205.0,425.2,Normal,145.8,140.0,134.0,146.0,0,0,0,2
C3R6_1735921758827_jpg.rf.1670a3de81fd04a78077cc9f0fcc5019.png,43,273.5,434.1,Normal,133.78,135.0,127.0,142.0,0,4,0,5
C3R6_1735921758827_jpg.rf.1670a3de81fd04a78077cc9f0fcc5019.png,44,288.2,389.9,Sem Raiz,8.38,8.0,5.0,11.0,0,0,0,0
C3R6_1735921758827_jpg.rf.1670a3de81fd04a78077cc9f0fcc5019.png,45,413.5,432.7,Normal,105.96,104.0,89.0,109.0,4,4,0,2
C3R6_1735921758827_jpg.rf.1670a3de81fd04a78077cc9f0fcc5019.png,46,429.4,415.8,Sem Raiz,7.63,10.0,6.0,9.0,0,0,0,0
C3R6_1735921758827_jpg.rf.1670a3de81fd04a78077cc9f0fcc5019.png,47,456.7,423.8,Normal,71.27,88.0,83.0,95.0,0,4,0,7
C3R6_1735921758827_jpg.rf.1670a3de81fd04a78077cc9f0fcc5019.png,48,485.9,413.1,Normal,179.78,170.0,169.0,178.0,0,0,0,2
C3R6_1735921758827_jpg.rf.1670a3de81fd04a78077cc9f0fcc5019.png,49,104.3,502.5,Sem Hipocótilo,68.44,64.0,60.0,67.0,0,0,0,3
C3R6_1735921758827_jpg.rf.1670a3de81fd04a78077cc9f0fcc5019.png,50,155.8,475.1,Normal,102.14,99.0,92.0,107.0,0,0,0,6
C3R6_1735921758827_jpg.rf.1670a3de81fd04a78077cc9f0fcc5019.png,51,228.8,465.0,Normal,122.33,112.0,108.0,118.0,0,0,0,3
C3R6_1735921758827_jpg.rf.1670a3de81fd04a78077cc9f0fcc5019.png,52,290.9,462.3,Sem Hipocótilo,123.83,121.0,115.0,125.0,3,3,0,1
C3R6_1735921758827_jpg.rf.1670a3de81fd04a78077cc9f0fcc5019.png,53,330.2,455.5,Normal,98.97,98.0,93.0,105.0,0,1,0,4
C3R6_1735921758827_jpg.rf.1670a3de81fd04a78077cc9f0fcc5019.png,54,353.7,478.5,Sem Raiz,31.17,31.0,29.0,33.0,0,0,0,1
C3R6_1735921758827_jpg.rf.1670a3de81fd04a78077cc9f0fcc5019.png,55,387.5,483.0,Normal,130.03,132.0,124.0,139.0,0,3,0,5
C3R6_1735921758827_jpg.rf.1670a3de81fd04a78077cc9f0fcc5019.png,56,429.7,504.1,Normal,161.57,158.0,151.0,167.0,0,0,0,1
C3R6_1735921758827_jpg.rf.1670a3de81fd04a78077cc9f0fcc5019.png,57,522.0,458.6,Normal,112.16,105.0,100.0,114.0,0,0,0,4
C3R6_1735921758827_jpg.rf.1670a3de81fd04a78077cc9f0fcc5019.png,58,550.7,471.8,Normal,119.05,106.0,106.0,117.0,0,0,0,6
C3R6_1735921758827_jpg.rf.1670a3de81fd04a78077cc9f0fcc5019.png,59,574.6,449.1,Normal,135.83,139.0,129.0,149.0,4,4,1,7
C3R6_1735921758827_jpg.rf.1670a3de81fd04a78077cc9f0fcc5019.png,60,354.6,531.2,Sem Hipocótilo,53.27,51.0,49.0,53.0,0,0,0,3
C3R7_1735921758804_jpg.rf.668625ec8f4e6eca420b035cef0108f3.png,1,86.9,140.7,Normal,90.62,87.0,85.0,95.0,0,0,0,2
C3R7_1735921758804_jpg.rf.668625ec8f4e6eca420b035cef0108f3.png,2,126.6,191.9,Normal,122.28,117.0,114.0,125.0,0,0,0,2
C3R7_1735921758804_jpg.rf.668625ec8f4e6eca420b035cef0108f3.png,3,162.5,130.5,Sem Raiz,19.99,18.0,15.0,22.0,0,0,0,1
C3R7_1735921758804_jpg.rf.668625ec8f4e6eca420b035cef0108f3.png,4,176.0,184.5,Sem Hipocótilo,83.73,81.0,74.0,82.0,0,0,0,0
C3R7_1735921758804_jpg.rf.668625ec8f4e6eca420b035cef0108f3.png,5,258.6,178.5,Normal,40.74,45.0,39.0,51.0,0,1,0,4
C3R7_1735921758804_jpg.rf.668625ec8f4e6eca420b035cef0108f3.png,6,306.4,177.6,Normal,90.68,88.0,78.0,96.0,0,1,0,3
C3R7_1735921758804_jpg.rf.668625ec8f4e6eca420b035cef0108f3.png,7,329.5,174.3,Normal,52.88,50.0,45.0,54.0,1,3,0,1
C3R7_1735921758804_jpg.rf.668625ec8f4e6eca420b035cef0108f3.png,8,366.4,163.4,Normal,106.85,97.0,94.0,103.0,0,0,0,1
C3R7_1735921758804_jpg.rf.668625ec8f4e6eca420b035cef0108f3.png,9,419.4,182.9,Normal,112.04,106.0,101.0,115.0,0,0,0,6
C3R7_1735921758804_jpg.rf.668625ec8f4e6eca420b035cef0108f3.png,10,471.9,194.5,Normal,130.43,142.0,136.0,148.0,4,17,4,5
C3R7_1735921758804_jpg.rf.668625ec8f4e6eca420b035cef0108f3.png,11,525.6,174.6,Normal,71.32,75.0,66.0,84.0,3,6,1,6
C3R7_1735921758804_jpg.rf.668625ec8f4e6eca420b035cef0108f3.png,12,565.7,173.6,Normal,49.85,52.0,46.0,59.0,1,3,0,4
C3R7_1735921758804_jpg.rf.668625ec8f4e6eca420b035cef0108f3.png,13,92.7,268.0,Normal,122.86,118.0,116.0,125.0,0,0,0,4
C3R7_1735921758804_jpg.rf.668625ec8f4e6eca420b035cef0108f3.png,14,181.4,273.5,Sem Raiz,26.44,29.0,23.0,30.0,0,1,0,0
C3R7_1735921758804_jpg.rf.668625ec8f4e6eca420b035cef0108f3.png,15,216.5,211.4,Normal,131.9,125.0,117.0,134.0,0,1,0,8
C3R7_1735921758804_jpg.rf.668625ec8f4e6eca420b035cef0108f3.png,16,282.3,237.8,Normal,131.37,124.0,118.0,131.0,0,0,0,2
C3R7_1735921758804_jpg.rf.668625ec8f4e6eca420b035cef0108f3.png,17,334.2,257.3,Normal,97.25,124.0,117.0,129.0,2,4,1,5
C3R7_1735921758804_jpg.rf.668625ec8f4e6eca420b035cef0108f3.png,18,387.7,266.6,Normal,121.15,113.0,110.0,120.0,0,0,0,2
C3R7_1735921758804_jpg.rf.668625ec8f4e6eca420b035cef0108f3.png,19,447.6,212.7,Sem Raiz,43.71,38.0,36.0,40.0,0,0,0,1
C3R7_1735921758804_jpg.rf.668625ec8f4e6eca420b035cef0108f3.png,20,457.0,278.3,Sem Hipocótilo,81.36,75.0,71.0,77.0,0,0,0,1
C3R7_1735921758804_jpg.rf.668625ec8f4e6eca420b035cef0108f3.png,21,490.8,218.3,Normal,101.0,96.0,91.0,102.0,0,0,0,6
C3R7_1735921758804_jpg.rf.668625ec8f4e6eca420b035cef0108f3.png,22,535.1,238.2,Normal,36.05,32.0,30.0,42.0,0,0,0,1
C3R7_1735921758804_jpg.rf.668625ec8f4e6eca420b035cef0108f3.png,23,159.4,289.6,Normal,91.23,89.0,87.0,96.0,0,0,0,2
C3R7_1735921758804_jpg.rf.668625ec8f4e6eca420b035cef0108f3.png,24,204.1,357.6,Normal,151.56,143.0,139.0,153.0,0,0,0,6
C3R7_1735921758804_jpg.rf.668625ec8f4e6eca420b035cef0108f3.png,25,237.3,288.5,Normal,106.35,103.0,96.0,108.0,0,1,0,4
C3R7_1735921758804_jpg.rf.668625ec8f4e6eca420b035cef0108f3.png,26,252.7,320.1,Sem Raiz,15.37,15.0,14.0,16.0,0,0,0,0
C3R7_1735921758804_jpg.rf.668625ec8f4e6eca420b035cef0108f3.png,27,300.9,330.4,Normal,108.43,99.0,90.0,104.0,0,0,0,1
C3R7_1735921758804_jpg.rf.668625ec8f4e6eca420b035cef0108f3.png,28,363.5,291.7,Normal,81.94,80.0,69.0,80.0,0,4,0,1
C3R7_1735921758804_jpg.rf.668625ec8f4e6eca420b035cef0108f3.png,29,455.5,359.6,Normal,177.35,154.0,146.0,163.0,0,0,0,6
C3R7_1735921758804_jpg.rf.668625ec8f4e6eca420b035cef0108f3.png,30,511.5,295.1,Normal,25.69,28.0,18.0,30.0,0,1,0,0
C3R7_1735921758804_jpg.rf.668625ec8f4e6eca420b035cef0108f3.png,31,529.4,332.4,Sem Hipocótilo,17.23,16.0,15.0,21.0,0,0,0,3
C3R7_1735921758804_jpg.rf.668625ec8f4e6eca420b035cef0108f3.png,32,116.7,374.7,Normal,118.19,113.0,101.0,123.0,0,4,0,5
C3R7_1735921758804_jpg.rf.668625ec8f4e6eca420b035cef0108f3.png,33,140.9,383.6,Sem Hipocótilo,21.49,20.0,21.0,24.0,0,0,0,0
C3R7_1735921758804_jpg.rf.668625ec8f4e6eca420b035cef0108f3.png,34,168.4,398.1,Normal,89.33,84.0,83.0,89.0,0,0,0,1
C3R7_1735921758804_jpg.rf.668625ec8f4e6eca420b035cef0108f3.png,35,233.2,404.1,Sem Raiz,23.77,22.0,22.0,23.0,0,0,0,0
C3R7_1735921758804_jpg.rf.668625ec8f4e6eca420b035cef0108f3.png,36,258.7,376.8,Sem Hipocótilo,87.75,89.0,86.0,94.0,0,0,0,1
C3R7_1735921758804_jpg.rf.668625ec8f4e6eca420b035cef0108f3.png,37,331.4,392.6,Normal,150.2,140.0,137.0,146.0,0,0,0,2
C3R7_1735921758804_jpg.rf.668625ec8f4e6eca420b035cef0108f3.png,38,365.6,422.4,Normal,155.22,150.0,147.0,158.0,0,0,0,5
C3R7_1735921758804_jpg.rf.668625ec8f4e6eca420b035cef0108f3.png,39,399.6,393.8,Normal,86.9,92.0,90.0,99.0,3,3,1,7
C3R7_1735921758804_jpg.rf.668625ec8f4e6eca420b035cef0108f3.png,40,506.1,396.0,Normal,68.42,64.0,59.0,70.0,0,0,0,1
C3R7_1735921758804_jpg.rf.668625ec8f4e6eca420b035cef0108f3.png,41,525.4,413.2,Sem Hipocótilo,21.78,19.0,16.0,23.0,0,0,0,2
C3R7_1735921758804_jpg.rf.668625ec8f4e6eca420b035cef0108f3.png,42,79.6,462.4,Normal,117.03,115.0,107.0,120.0,0,3,0,3
C3R7_1735921758804_jpg.rf.668625ec8f4e6eca420b035cef0108f3.png,43,134.4,481.5,Normal,65.38,56.0,49.0,61.0,0,0,0,2
C3R7_1735921758804_jpg.rf.668625ec8f4e6eca420b035cef0108f3.png,44,181.2,504.8,Normal,150.24,144.0,138.0,154.0,0,3,0,7
C3R7_1735921758804_jpg.rf.668625ec8f4e6eca420b035cef0108f3.png,45,233.7,460.4,Sem Hipocótilo,70.29,69.0,68.0,70.0,0,0,0,0
C3R7_1735921758804_jpg.rf.668625ec8f4e6eca420b035cef0108f3.png,46,278.7,455.2,Normal,152.21,147.0,139.0,156.0,0,4,0,2
C3R7_1735921758804_jpg.rf.668625ec8f4e6eca420b035cef0108f3.png,47,307.4,480.8,Normal,153.3,147.0,141.0,151.0,0,0,0,6
C3R7_1735921758804_jpg.rf.668625ec8f4e6eca420b035cef0108f3.png,48,385.6,513.6,Normal,131.1,119.0,116.0,124.0,0,0,0,4
C3R7_1735921758804_jpg.rf.668625ec8f4e6eca420b035cef0108f3.png,49,436.7,444.8,Normal,146.4,137.0,133.0,143.0,0,0,0,0
C3R7_1735921758804_jpg.rf.668625ec8f4e6eca420b035cef0108f3.png,50,463.7,481.1,Normal,36.87,37.0,33.0,41.0,0,1,0,2
C3R7_1735921758804_jpg.rf.668625ec8f4e6eca420b035cef0108f3.png,51,501.6,471.1,Sem Hipocótilo,13.58,13.0,15.0,20.0,0,6,1,2
C3R7_1735921758804_jpg.rf.668625ec8f4e6eca420b035cef0108f3.png,52,553.1,462.8,Normal,74.88,70.0,65.0,75.0,0,0,0,1
C3R8_1735921758782_jpg.rf.01ffe652d271135b6f301819a7f1e316.png,1,254.7,114.2,Sem Raiz,13.39,13.0,7.0,16.0,0,0,0,1
C3R8_1735921758782_jpg.rf.01ffe652d271135b6f301819a7f1e316.png,2,78.5,121.9,Sem Raiz,21.83,18.0,14.0,30.0,0,0,0,5
C3R8_1735921758782_jpg.rf.01ffe652d271135b6f301819a7f1e316.png,3,80.2,181.8,Sem Hipocótilo,89.41,82.0,79.0,84.0,0,0,0,0
C3R8_1735921758782_jpg.rf.01ffe652d271135b6f301819a7f1e316.png,4,113.0,153.1,Sem Raiz,11.95,15.0,9.0,15.0,0,0,0,0
C3R8_1735921758782_jpg.rf.01ffe652d271135b6f301819a7f1e316.png,5,153.6,146.5,Normal,67.19,60.0,53.0,64.0,0,0,0,4
C3R8_1735921758782_jpg.rf.01ffe652d271135b6f301819a7f1e316.png,6,194.3,197.8,Sem Hipocótilo,93.89,94.0,93.0,98.0,0,0,0,1
C3R8_1735921758782_jpg.rf.01ffe652d271135b6f301819a7f1e316.png,7,228.9,181.5,Normal,128.51,120.0,115.0,131.0,0,0,0,5
C3R8_1735921758782_jpg.rf.01ffe652d271135b6f301819a7f1e316.png,8,299.9,198.7,Normal,132.96,139.0,132.0,147.0,0,1,0,5
C3R8_1735921758782_jpg.rf.01ffe652d271135b6f301819a7f1e316.png,9,381.3,152.2,Normal,138.98,134.0,127.0,136.0,0,3,0,1
C3R8_1735921758782_jpg.rf.01ffe652d271135b6f301819a7f1e316.png,10,421.3,184.7,Normal,157.31,148.0,143.0,157.0,0,0,0,4
C3R8_1735921758782_jpg.rf.01ffe652d271135b6f301819a7f1e316.png,11,464.2,181.1,Sem Raiz,41.12,35.0,31.0,40.0,0,0,0,1
C3R8_1735921758782_jpg.rf.01ffe652d271135b6f301819a7f1e316.png,12,502.6,198.7,Sem Hipocótilo,110.32,111.0,101.0,111.0,0,4,0,1
C3R8_1735921758782_jpg.rf.01ffe652d271135b6f301819a7f1e316.png,13,514.0,131.6,Sem Raiz,11.99,12.0,11.0,12.0,0,0,0,0
C3R8_1735921758782_jpg.rf.01ffe652d271135b6f301819a7f1e316.png,14,602.2,182.4,Normal,115.47,107.0,101.0,111.0,0,0,0,1
C3R8_1735921758782_jpg.rf.01ffe652d271135b6f301819a7f1e316.png,15,104.0,240.9,Normal,123.18,111.0,102.0,113.0,0,0,0,0
C3R8_1735921758782_jpg.rf.01ffe652d271135b6f301819a7f1e316.png,16,142.5,277.0,Sem Raiz,26.8,28.0,23.0,32.0,1,1,0,0
C3R8_1735921758782_jpg.rf.01ffe652d271135b6f301819a7f1e316.png,17,182.6,267.2,Normal,122.02,116.0,110.0,121.0,0,1,0,1
C3R8_1735921758782_jpg.rf.01ffe652d271135b6f301819a7f1e316.png,18,267.4,200.6,Normal,166.49,169.0,160.0,179.0,1,1,0,3
C3R8_1735921758782_jpg.rf.01ffe652d271135b6f301819a7f1e316.png,19,332.5,208.0,Normal,136.04,129.0,118.0,131.0,0,4,0,4
C3R8_1735921758782_jpg.rf.01ffe652d271135b6f301819a7f1e316.png,20,473.0,238.7,Sem Hipocótilo,50.16,49.0,48.0,53.0,0,0,0,3
C3R8_1735921758782_jpg.rf.01ffe652d271135b6f301819a7f1e316.png,21,547.6,216.3,Normal,101.19,101.0,92.0,103.0,0,4,0,2
C3R8_1735921758782_jpg.rf.01ffe652d271135b6f301819a7f1e316.png,22,117.7,314.2,Sem Raiz,21.74,23.0,22.0,32.0,0,0,0,7
C3R8_1735921758782_jpg.rf.01ffe652d271135b6f301819a7f1e316.png,23,152.5,332.2,Sem Hipocótilo,60.46,58.0,56.0,63.0,0,0,0,3
C3R8_1735921758782_jpg.rf.01ffe652d271135b6f301819a7f1e316.png,24,232.7,293.7,Sem Hipocótilo,26.51,27.0,26.0,32.0,1,1,0,2
C3R8_1735921758782_jpg.rf.01ffe652d271135b6f301819a7f1e316.png,25,298.2,337.0,Normal,94.66,90.0,87.0,96.0,0,0,0,2
C3R8_1735921758782_jpg.rf.01ffe652d271135b6f301819a7f1e316.png,26,329.7,319.3,Normal,83.59,79.0,66.0,86.0,0,4,0,5
C3R8_1735921758782_jpg.rf.01ffe652d271135b6f301819a7f1e316.png,27,372.0,296.7,Normal,113.57,107.0,106.0,114.0,0,0,0,2
C3R8_1735921758782_jpg.rf.01ffe652d271135b6f301819a7f1e316.png,28,397.2,358.1,Normal,157.45,153.0,150.0,159.0,0,0,0,4
C3R8_1735921758782_jpg.rf.01ffe652d271135b6f301819a7f1e316.png,29,436.8,304.1,Normal,119.89,116.0,111.0,123.0,0,0,0,2
C3R8_1735921758782_jpg.rf.01ffe652d271135b6f301819a7f1e316.png,30,487.2,337.5,Normal,109.73,101.0,95.0,110.0,0,0,0,1
C3R8_1735921758782_jpg.rf.01ffe652d271135b6f301819a7f1e316.png,31,520.0,286.2,Normal,98.43,93.0,87.0,101.0,0,0,0,6
C3R8_1735921758782_jpg.rf.01ffe652d271135b6f301819a7f1e316.png,32,597.7,308.1,Normal,127.1,123.0,115.0,129.0,0,3,0,4
C3R8_1735921758782_jpg.rf.01ffe652d271135b6f301819a7f1e316.png,33,74.2,376.1,Normal,110.76,106.0,99.0,114.0,0,1,0,4
C3R8_1735921758782_jpg.rf.01ffe652d271135b6f301819a7f1e316.png,34,92.6,402.8,Sem Raiz,14.84,14.0,11.0,15.0,0,0,0,0
C3R8_1735921758782_jpg.rf.01ffe652d271135b6f301819a7f1e316.png,35,156.4,405.0,Normal,58.42,56.0,52.0,62.0,0,0,0,2
C3R8_1735921758782_jpg.rf.01ffe652d271135b6f301819a7f1e316.png,36,206.4,382.8,Sem Raiz,32.14,32.0,28.0,35.0,0,0,0,0
C3R8_1735921758782_jpg.rf.01ffe652d271135b6f301819a7f1e316.png,37,256.9,364.7,Sem Hipocótilo,64.08,64.0,64.0,69.0,0,0,0,1
C3R8_1735921758782_jpg.rf.01ffe652d271135b6f301819a7f1e316.png,38,341.7,417.1,Normal,133.15,131.0,124.0,138.0,1,1,0,5
C3R8_1735921758782_jpg.rf.01ffe652d271135b6f301819a7f1e316.png,39,539.7,378.9,Normal,96.63,88.0,81.0,97.0,0,0,0,5
C3R8_1735921758782_jpg.rf.01ffe652d271135b6f301819a7f1e316.png,40,562.5,412.1,Normal,106.45,100.0,96.0,106.0,0,0,0,2
C3R8_1735921758782_jpg.rf.01ffe652d271135b6f301819a7f1e316.png,41,100.4,480.7,Normal,133.26,127.0,125.0,135.0,0,0,0,2
C3R8_1735921758782_jpg.rf.01ffe652d271135b6f301819a7f1e316.png,42,121.7,486.5,Normal,30.31,28.0,26.0,36.0,0,0,0,2
C3R8_1735921758782_jpg.rf.01ffe652d271135b6f301819a7f1e316.png,43,167.1,488.7,Normal,77.57,73.0,70.0,79.0,0,0,0,2
C3R8_1735921758782_jpg.rf.01ffe652d271135b6f301819a7f1e316.png,44,194.2,443.5,Sem Hipocótilo,71.94,70.0,69.0,71.0,0,0,0,0
C3R8_1735921758782_jpg.rf.01ffe652d271135b6f301819a7f1e316.png,45,223.1,513.9,Sem Hipocótilo,43.88,42.0,38.0,43.0,0,0,0,1
C3R8_1735921758782_jpg.rf.01ffe652d271135b6f301819a7f1e316.png,46,223.9,463.0,Sem Raiz,28.77,36.0,27.0,38.0,0,3,0,1
C3R8_1735921758782_jpg.rf.01ffe652d271135b6f301819a7f1e316.png,47,265.7,479.4,Normal,136.04,142.0,137.0,148.0,0,3,3,7
C3R8_1735921758782_jpg.rf.01ffe652d271135b6f301819a7f1e316.png,48,301.9,482.4,Normal,113.7,117.0,111.0,130.0,0,8,1,11
C3R8_1735921758782_jpg.rf.01ffe652d271135b6f301819a7f1e316.png,49,370.0,476.2,Normal,118.03,112.0,107.0,120.0,0,0,0,4
C3R8_1735921758782_jpg.rf.01ffe652d271135b6f301819a7f1e316.png,50,399.6,473.6,Sem Raiz,31.15,31.0,25.0,36.0,0,0,0,3
C3R8_1735921758782_jpg.rf.01ffe652d271135b6f301819a7f1e316.png,51,430.1,442.6,Normal,117.43,118.0,111.0,124.0,0,1,0,4
C3R8_1735921758782_jpg.rf.01ffe652d271135b6f301819a7f1e316.png,52,460.0,463.9,Normal,142.41,144.0,131.0,147.0,0,6,0,2
C3R8_1735921758782_jpg.rf.01ffe652d271135b6f301819a7f1e316.png,53,520.6,443.3,Normal,182.6,179.0,169.0,192.0,0,0,0,6
C3R8_1735921758782_jpg.rf.01ffe652d271135b6f301819a7f1e316.png,54,583.5,484.3,Normal,148.41,151.0,157.0,170.0,4,14,7,13
C3R8_1735921758782_jpg.rf.01ffe652d271135b6f301819a7f1e316.png,55,395.9,524.1,Sem Hipocótilo,38.32,37.0,35.0,39.0,0,0,0,1
C3R9_1735921758764_jpg.rf.7198b31c8f930daa7f44fcdc335caf7f.png,1,73.7,196.6,Normal,140.58,126.0,118.0,131.0,0,0,0,3
C3R9_1735921758764_jpg.rf.7198b31c8f930daa7f44fcdc335caf7f.png,2,118.6,189.1,Normal,83.79,85.0,74.0,87.0,4,8,0,1
C3R9_1735921758764_jpg.rf.7198b31c8f930daa7f44fcdc335caf7f.png,3,206.2,190.4,Sem Hipocótilo,79.35,70.0,69.0,72.0,0,0,0,0
C3R9_1735921758764_jpg.rf.7198b31c8f930daa7f44fcdc335caf7f.png,4,209.2,132.7,Sem Raiz,18.38,18.0,16.0,18.0,0,0,0,0
C3R9_1735921758764_jpg.rf.7198b31c8f930daa7f44fcdc335caf7f.png,5,248.3,168.2,Normal,34.27,32.0,25.0,36.0,0,0,0,1
C3R9_1735921758764_jpg.rf.7198b31c8f930daa7f44fcdc335caf7f.png,6,316.3,197.6,Normal,153.2,146.0,139.0,151.0,0,0,0,2
C3R9_1735921758764_jpg.rf.7198b31c8f930daa7f44fcdc335caf7f.png,7,363.8,162.2,Normal,87.68,84.0,80.0,95.0,0,0,0,5
C3R9_1735921758764_jpg.rf.7198b31c8f930daa7f44fcdc335caf7f.png,8,393.0,185.1,Normal,159.95,150.0,148.0,164.0,0,0,0,6
C3R9_1735921758764_jpg.rf.7198b31c8f930daa7f44fcdc335caf7f.png,9,490.1,150.1,Normal,87.4,82.0,79.0,86.0,0,0,0,1
C3R9_1735921758764_jpg.rf.7198b31c8f930daa7f44fcdc335caf7f.png,10,514.2,198.8,Normal,203.02,194.0,186.0,202.0,0,0,0,4
C3R9_1735921758764_jpg.rf.7198b31c8f930daa7f44fcdc335caf7f.png,11,553.8,175.8,Normal,144.88,135.0,129.0,144.0,0,0,0,1
C3R9_1735921758764_jpg.rf.7198b31c8f930daa7f44fcdc335caf7f.png,12,583.9,195.1,Normal,123.71,113.0,107.0,116.0,0,0,0,0
C3R9_1735921758764_jpg.rf.7198b31c8f930daa7f44fcdc335caf7f.png,13,165.2,200.1,Normal,124.59,134.0,124.0,139.0,4,8,0,7
C3R9_1735921758764_jpg.rf.7198b31c8f930daa7f44fcdc335caf7f.png,14,205.4,237.1,Sem Raiz,10.27,10.0,8.0,11.0,0,0,0,0
C3R9_1735921758764_jpg.rf.7198b31c8f930daa7f44fcdc335caf7f.png,15,254.0,266.1,Normal,120.6,109.0,106.0,123.0,0,0,0,4
C3R9_1735921758764_jpg.rf.7198b31c8f930daa7f44fcdc335caf7f.png,16,289.7,203.9,Normal,124.17,120.0,116.0,125.0,0,0,0,2
C3R9_1735921758764_jpg.rf.7198b31c8f930daa7f44fcdc335caf7f.png,17,360.4,272.9,Sem Raiz,30.14,28.0,28.0,30.0,0,0,0,0
C3R9_1735921758764_jpg.rf.7198b31c8f930daa7f44fcdc335caf7f.png,18,413.1,248.2,Sem Hipocótilo,109.1,106.0,102.0,110.0,0,0,0,0
C3R9_1735921758764_jpg.rf.7198b31c8f930daa7f44fcdc335caf7f.png,19,444.2,209.7,Normal,277.1,254.0,242.0,261.0,0,0,0,4
C3R9_1735921758764_jpg.rf.7198b31c8f930daa7f44fcdc335caf7f.png,20,472.9,240.0,Normal,131.6,119.0,116.0,124.0,0,0,0,6
C3R9_1735921758764_jpg.rf.7198b31c8f930daa7f44fcdc335caf7f.png,21,75.6,334.5,Normal,82.58,75.0,68.0,83.0,0,0,0,3
C3R9_1735921758764_jpg.rf.7198b31c8f930daa7f44fcdc335caf7f.png,22,115.5,323.3,Normal,182.5,177.0,164.0,182.0,0,4,0,2
C3R9_1735921758764_jpg.rf.7198b31c8f930daa7f44fcdc335caf7f.png,23,157.3,295.7,Normal,110.58,107.0,94.0,116.0,0,3,0,7
C3R9_1735921758764_jpg.rf.7198b31c8f930daa7f44fcdc335caf7f.png,24,208.5,282.3,Sem Hipocótilo,60.88,56.0,56.0,59.0,0,0,0,3
C3R9_1735921758764_jpg.rf.7198b31c8f930daa7f44fcdc335caf7f.png,25,296.1,315.1,Normal,51.8,59.0,52.0,71.0,3,6,0,7
C3R9_1735921758764_jpg.rf.7198b31c8f930daa7f44fcdc335caf7f.png,26,351.2,338.7,Sem Hipocótilo,85.45,83.0,81.0,87.0,0,0,0,3
C3R9_1735921758764_jpg.rf.7198b31c8f930daa7f44fcdc335caf7f.png,27,515.5,356.2,Normal,34.6,32.0,18.0,41.0,0,0,0,2
C3R9_1735921758764_jpg.rf.7198b31c8f930daa7f44fcdc335caf7f.png,28,551.9,342.0,Normal,130.35,120.0,111.0,130.0,0,0,0,4
C3R9_1735921758764_jpg.rf.7198b31c8f930daa7f44fcdc335caf7f.png,29,573.6,309.1,Normal,16.56,23.0,17.0,26.0,0,4,0,5
C3R9_1735921758764_jpg.rf.7198b31c8f930daa7f44fcdc335caf7f.png,30,601.7,298.2,Normal,120.42,113.0,107.0,123.0,0,0,0,6
C3R9_1735921758764_jpg.rf.7198b31c8f930daa7f44fcdc335caf7f.png,31,147.0,364.0,Sem Raiz,11.42,16.0,12.0,18.0,3,3,0,3
C3R9_1735921758764_jpg.rf.7198b31c8f930daa7f44fcdc335caf7f.png,32,181.4,391.6,Normal,121.83,113.0,110.0,121.0,0,0,0,6
C3R9_1735921758764_jpg.rf.7198b31c8f930daa7f44fcdc335caf7f.png,33,213.1,418.2,Normal,165.12,153.0,152.0,160.0,0,0,0,1
C3R9_1735921758764_jpg.rf.7198b31c8f930daa7f44fcdc335caf7f.png,34,265.3,402.7,Normal,145.35,134.0,130.0,141.0,0,0,0,4
C3R9_1735921758764_jpg.rf.7198b31c8f930daa7f44fcdc335caf7f.png,35,293.8,433.8,Normal,119.35,110.0,105.0,124.0,0,0,0,6
C3R9_1735921758764_jpg.rf.7198b31c8f930daa7f44fcdc335caf7f.png,36,316.0,431.8,Normal,142.56,133.0,130.0,142.0,0,0,0,6
C3R9_1735921758764_jpg.rf.7198b31c8f930daa7f44fcdc335caf7f.png,37,371.9,415.4,Normal,144.03,139.0,128.0,148.0,0,0,0,4
C3R9_1735921758764_jpg.rf.7198b31c8f930daa7f44fcdc335caf7f.png,38,427.7,389.6,Normal,177.49,159.0,155.0,166.0,0,0,0,3
C3R9_1735921758764_jpg.rf.7198b31c8f930daa7f44fcdc335caf7f.png,39,472.7,419.9,Normal,25.82,27.0,16.0,31.0,2,4,0,3
C3R9_1735921758764_jpg.rf.7198b31c8f930daa7f44fcdc335caf7f.png,40,491.2,377.2,Normal,153.24,149.0,139.0,155.0,1,3,0,2
C3R9_1735921758764_jpg.rf.7198b31c8f930daa7f44fcdc335caf7f.png,41,539.6,419.2,Sem Raiz,13.64,12.0,11.0,13.0,0,0,0,0
C3R9_1735921758764_jpg.rf.7198b31c8f930daa7f44fcdc335caf7f.png,42,68.3,498.7,Normal,102.61,101.0,92.0,110.0,0,3,0,5
C3R9_1735921758764_jpg.rf.7198b31c8f930daa7f44fcdc335caf7f.png,43,98.0,476.7,Normal,172.45,157.0,153.0,165.0,0,0,0,2
C3R9_1735921758764_jpg.rf.7198b31c8f930daa7f44fcdc335caf7f.png,44,114.4,480.3,Sem Raiz,17.82,26.0,15.0,29.0,0,8,0,4
C3R9_1735921758764_jpg.rf.7198b31c8f930daa7f44fcdc335caf7f.png,45,147.2,442.1,Sem Hipocótilo,109.81,102.0,98.0,106.0,0,0,0,3
C3R9_1735921758764_jpg.rf.7198b31c8f930daa7f44fcdc335caf7f.png,46,178.3,496.9,Normal,48.8,47.0,38.0,56.0,0,0,0,4
C3R9_1735921758764_jpg.rf.7198b31c8f930daa7f44fcdc335caf7f.png,47,239.9,485.1,Normal,92.37,85.0,80.0,95.0,0,0,0,6
C3R9_1735921758764_jpg.rf.7198b31c8f930daa7f44fcdc335caf7f.png,48,347.8,467.4,Normal,98.41,91.0,84.0,99.0,0,0,0,3
C3R9_1735921758764_jpg.rf.7198b31c8f930daa7f44fcdc335caf7f.png,49,397.2,482.4,Sem Raiz,5.51,5.0,3.0,4.0,0,0,0,0
C3R9_1735921758764_jpg.rf.7198b31c8f930daa7f44fcdc335caf7f.png,50,408.1,447.4,Normal,187.27,173.0,167.0,180.0,0,0,0,4
C3R9_1735921758764_jpg.rf.7198b31c8f930daa7f44fcdc335caf7f.png,51,466.6,466.0,Sem Hipocótilo,49.73,48.0,46.0,50.0,0,0,0,1
C3R9_1735921758764_jpg.rf.7198b31c8f930daa7f44fcdc335caf7f.png,52,513.2,497.8,Sem Hipocótilo,71.06,67.0,65.0,71.0,0,0,0,3
C3R9_1735921758764_jpg.rf.7198b31c8f930daa7f44fcdc335caf7f.png,53,517.3,449.8,Sem Raiz,15.4,13.0,13.0,16.0,0,0,0,1
C3R9_1735921758764_jpg.rf.7198b31c8f930daa7f44fcdc335caf7f.png,54,545.0,481.0,Normal,102.0,94.0,89.0,104.0,0,0,0,3
C3R9_1735921758764_jpg.rf.7198b31c8f930daa7f44fcdc335caf7f.png,55,581.6,446.7,Normal,164.67,160.0,151.0,170.0,3,3,0,9
C4R10_1735921887268_jpg.rf.97aa63b2256ef5056e34244351b1d587.png,1,72.7,195.6,Normal,162.08,156.0,149.0,163.0,0,0,0,4
C4R10_1735921887268_jpg.rf.97aa63b2256ef5056e34244351b1d587.png,2,121.6,178.8,Normal,149.51,140.0,135.0,148.0,0,0,0,4
C4R10_1735921887268_jpg.rf.97aa63b2256ef5056e34244351b1d587.png,3,151.3,162.6,Normal,106.22,104.0,98.0,110.0,0,4,0,4
C4R10_1735921887268_jpg.rf.97aa63b2256ef5056e34244351b1d587.png,4,183.8,172.5,Sem Raiz,20.45,20.0,19.0,23.0,0,0,0,0
C4R10_1735921887268_jpg.rf.97aa63b2256ef5056e34244351b1d587.png,5,225.8,197.8,Normal,90.41,85.0,77.0,86.0,0,4,0,0
C4R10_1735921887268_jpg.rf.97aa63b2256ef5056e34244351b1d587.png,6,255.8,179.0,Normal,94.24,90.0,90.0,100.0,0,0,0,4
C4R10_1735921887268_jpg.rf.97aa63b2256ef5056e34244351b1d587.png,7,299.4,150.7,Normal,140.62,149.0,142.0,155.0,3,3,1,4
C4R10_1735921887268_jpg.rf.97aa63b2256ef5056e34244351b1d587.png,8,320.9,182.4,Normal,80.63,78.0,72.0,84.0,0,0,0,4
C4R10_1735921887268_jpg.rf.97aa63b2256ef5056e34244351b1d587.png,9,368.5,159.3,Normal,111.36,102.0,97.0,110.0,0,0,0,6
C4R10_1735921887268_jpg.rf.97aa63b2256ef5056e34244351b1d587.png,10,424.9,160.7,Normal,100.88,93.0,89.0,104.0,0,0,0,3
C4R10_1735921887268_jpg.rf.97aa63b2256ef5056e34244351b1d587.png,11,466.2,173.4,Normal,101.2,91.0,89.0,102.0,0,0,0,3
C4R10_1735921887268_jpg.rf.97aa63b2256ef5056e34244351b1d587.png,12,506.2,172.7,Normal,75.15,70.0,60.0,78.0,0,4,0,5
C4R10_1735921887268_jpg.rf.97aa63b2256ef5056e34244351b1d587.png,13,528.5,187.4,Normal,149.74,137.0,135.0,146.0,0,0,0,1
C4R10_1735921887268_jpg.rf.97aa63b2256ef5056e34244351b1d587.png,14,589.4,191.7,Normal,189.47,184.0,173.0,197.0,4,8,3,7
C4R10_1735921887268_jpg.rf.97aa63b2256ef5056e34244351b1d587.png,15,175.9,220.2,Sem Hipocótilo,57.52,52.0,51.0,56.0,0,0,0,3
C4R10_1735921887268_jpg.rf.97aa63b2256ef5056e34244351b1d587.png,16,321.6,252.7,Normal,34.21,59.0,53.0,67.0,3,10,4,12
C4R10_1735921887268_jpg.rf.97aa63b2256ef5056e34244351b1d587.png,17,390.2,226.8,Normal,123.11,123.0,109.0,131.0,1,5,0,5
C4R10_1735921887268_jpg.rf.97aa63b2256ef5056e34244351b1d587.png,18,492.3,232.7,Sem Raiz,25.08,22.0,20.0,25.0,0,0,0,0
C4R10_1735921887268_jpg.rf.97aa63b2256ef5056e34244351b1d587.png,19,550.4,261.5,Normal,135.91,128.0,122.0,131.0,0,0,0,0
C4R10_1735921887268_jpg.rf.97aa63b2256ef5056e34244351b1d587.png,20,88.2,288.8,Normal,69.47,69.0,60.0,72.0,0,3,0,1
C4R10_1735921887268_jpg.rf.97aa63b2256ef5056e34244351b1d587.png,21,154.3,311.9,Normal,40.39,38.0,37.0,48.0,3,3,0,4
C4R10_1735921887268_jpg.rf.97aa63b2256ef5056e34244351b1d587.png,22,187.6,315.6,Sem Raiz,29.77,35.0,29.0,37.0,1,3,0,3
C4R10_1735921887268_jpg.rf.97aa63b2256ef5056e34244351b1d587.png,23,214.9,293.6,Normal,150.25,143.0,137.0,151.0,0,0,0,5
C4R10_1735921887268_jpg.rf.97aa63b2256ef5056e34244351b1d587.png,24,269.0,297.5,Normal,246.43,232.0,224.0,251.0,4,4,0,9
C4R10_1735921887268_jpg.rf.97aa63b2256ef5056e34244351b1d587.png,25,370.6,295.1,Sem Hipocótilo,20.71,18.0,17.0,20.0,0,0,0,0
C4R10_1735921887268_jpg.rf.97aa63b2256ef5056e34244351b1d587.png,26,413.3,280.2,Normal,90.31,82.0,75.0,88.0,0,0,0,2
C4R10_1735921887268_jpg.rf.97aa63b2256ef5056e34244351b1d587.png,27,413.7,348.6,Sem Raiz,18.19,18.0,15.0,21.0,3,3,0,3
C4R10_1735921887268_jpg.rf.97aa63b2256ef5056e34244351b1d587.png,28,461.9,334.2,Normal,105.16,101.0,95.0,110.0,0,3,0,7
C4R10_1735921887268_jpg.rf.97aa63b2256ef5056e34244351b1d587.png,29,493.9,287.8,Sem Hipocótilo,60.18,57.0,57.0,59.0,0,0,0,1
C4R10_1735921887268_jpg.rf.97aa63b2256ef5056e34244351b1d587.png,30,75.3,423.0,Normal,88.32,84.0,79.0,89.0,0,0,0,3
C4R10_1735921887268_jpg.rf.97aa63b2256ef5056e34244351b1d587.png,31,121.8,372.5,Normal,85.45,81.0,75.0,84.0,0,0,0,1
C4R10_1735921887268_jpg.rf.97aa63b2256ef5056e34244351b1d587.png,32,159.3,416.4,Normal,124.39,113.0,108.0,117.0,0,0,0,0
C4R10_1735921887268_jpg.rf.97aa63b2256ef5056e34244351b1d587.png,33,198.6,375.2,Sem Hipocótilo,65.32,64.0,60.0,66.0,0,0,0,1
C4R10_1735921887268_jpg.rf.97aa63b2256ef5056e34244351b1d587.png,34,286.2,403.8,Normal,134.12,122.0,114.0,128.0,0,1,0,3
C4R10_1735921887268_jpg.rf.97aa63b2256ef5056e34244351b1d587.png,35,338.5,430.3,Normal,177.22,167.0,160.0,175.0,0,0,0,3
C4R10_1735921887268_jpg.rf.97aa63b2256ef5056e34244351b1d587.png,36,380.0,381.1,Normal,78.6,76.0,65.0,79.0,0,0,0,1
C4R10_1735921887268_jpg.rf.97aa63b2256ef5056e34244351b1d587.png,37,410.0,426.8,Sem Hipocótilo,125.8,123.0,119.0,131.0,0,0,0,3
C4R10_1735921887268_jpg.rf.97aa63b2256ef5056e34244351b1d587.png,38,446.9,431.0,Normal,95.18,89.0,82.0,97.0,2,4,0,4
C4R10_1735921887268_jpg.rf.97aa63b2256ef5056e34244351b1d587.png,39,492.4,375.5,Normal,93.13,86.0,78.0,91.0,3,3,0,4
C4R10_1735921887268_jpg.rf.97aa63b2256ef5056e34244351b1d587.png,40,523.6,365.4,Normal,139.02,133.0,130.0,143.0,0,0,0,3
C4R10_1735921887268_jpg.rf.97aa63b2256ef5056e34244351b1d587.png,41,548.9,415.6,Normal,103.09,95.0,93.0,102.0,0,0,0,3
C4R10_1735921887268_jpg.rf.97aa63b2256ef5056e34244351b1d587.png,42,571.9,362.0,Normal,145.24,134.0,127.0,141.0,0,0,0,4
C4R10_1735921887268_jpg.rf.97aa63b2256ef5056e34244351b1d587.png,43,105.9,492.9,Normal,104.66,99.0,95.0,108.0,0,0,0,2
C4R10_1735921887268_jpg.rf.97aa63b2256ef5056e34244351b1d587.png,44,232.4,442.0,Normal,101.53,98.0,98.0,103.0,0,0,0,2
C4R10_1735921887268_jpg.rf.97aa63b2256ef5056e34244351b1d587.png,45,273.0,480.3,Normal,105.55,98.0,98.0,104.0,0,0,0,4
C4R10_1735921887268_jpg.rf.97aa63b2256ef5056e34244351b1d587.png,46,481.7,470.6,Normal,99.95,91.0,82.0,93.0,0,0,0,1
C4R10_1735921887268_jpg.rf.97aa63b2256ef5056e34244351b1d587.png,47,572.9,487.5,Normal,89.01,85.0,75.0,87.0,0,0,0,1
C4R1_1735921887482_jpg.rf.098f69005855beb32eb0987d1f09a2f2.png,1,188.1,186.8,Normal,103.21,96.0,92.0,105.0,1,3,0,7
C4R1_1735921887482_jpg.rf.098f69005855beb32eb0987d1f09a2f2.png,2,232.4,176.8,Normal,79.59,77.0,73.0,85.0,0,0,0,9
C4R1_1735921887482_jpg.rf.098f69005855beb32eb0987d1f09a2f2.png,3,278.3,177.7,Normal,164.29,162.0,150.0,165.0,4,15,4,6
C4R1_1735921887482_jpg.rf.098f69005855beb32eb0987d1f09a2f2.png,4,337.4,199.1,Normal,131.06,122.0,120.0,131.0,0,0,0,1
C4R1_1735921887482_jpg.rf.098f69005855beb32eb0987d1f09a2f2.png,5,430.9,188.2,Normal,99.54,92.0,92.0,104.0,0,0,0,2
C4R1_1735921887482_jpg.rf.098f69005855beb32eb0987d1f09a2f2.png,6,489.3,181.8,Normal,146.55,131.0,125.0,134.0,0,0,0,0
C4R1_1735921887482_jpg.rf.098f69005855beb32eb0987d1f09a2f2.png,7,563.2,177.4,Sem Hipocótilo,21.46,22.0,18.0,23.0,0,0,0,0
C4R1_1735921887482_jpg.rf.098f69005855beb32eb0987d1f09a2f2.png,8,596.8,173.1,Sem Hipocótilo,43.31,40.0,36.0,42.0,0,0,0,1
C4R1_1735921887482_jpg.rf.098f69005855beb32eb0987d1f09a2f2.png,9,110.5,211.3,Normal,74.15,71.0,66.0,75.0,0,0,0,1
C4R1_1735921887482_jpg.rf.098f69005855beb32eb0987d1f09a2f2.png,10,140.4,223.8,Normal,234.01,215.0,208.0,229.0,0,0,0,3
C4R1_1735921887482_jpg.rf.098f69005855beb32eb0987d1f09a2f2.png,11,167.9,245.9,Sem Hipocótilo,57.1,55.0,53.0,60.0,0,0,0,6
C4R1_1735921887482_jpg.rf.098f69005855beb32eb0987d1f09a2f2.png,12,208.0,277.6,Normal,156.61,144.0,139.0,153.0,0,0,0,3
C4R1_1735921887482_jpg.rf.098f69005855beb32eb0987d1f09a2f2.png,13,230.2,279.0,Normal,55.62,52.0,50.0,60.0,0,0,0,6
C4R1_1735921887482_jpg.rf.098f69005855beb32eb0987d1f09a2f2.png,14,300.0,259.5,Normal,92.37,93.0,86.0,103.0,3,5,3,7
C4R1_1735921887482_jpg.rf.098f69005855beb32eb0987d1f09a2f2.png,15,366.0,246.4,Normal,149.86,145.0,140.0,151.0,0,0,0,3
C4R1_1735921887482_jpg.rf.098f69005855beb32eb0987d1f09a2f2.png,16,397.8,274.2,Normal,177.51,176.0,158.0,192.0,4,6,1,14
C4R1_1735921887482_jpg.rf.098f69005855beb32eb0987d1f09a2f2.png,17,454.2,245.5,Normal,97.83,93.0,90.0,98.0,0,0,0,1
C4R1_1735921887482_jpg.rf.098f69005855beb32eb0987d1f09a2f2.png,18,527.0,268.2,Normal,143.12,130.0,122.0,131.0,0,0,0,1
C4R1_1735921887482_jpg.rf.098f69005855beb32eb0987d1f09a2f2.png,19,556.7,226.0,Normal,59.0,60.0,49.0,69.0,0,1,0,2
C4R1_1735921887482_jpg.rf.098f69005855beb32eb0987d1f09a2f2.png,20,607.2,238.3,Normal,54.14,55.0,48.0,60.0,0,4,0,2
C4R1_1735921887482_jpg.rf.098f69005855beb32eb0987d1f09a2f2.png,21,99.7,349.7,Normal,108.19,107.0,100.0,118.0,0,0,0,4
C4R1_1735921887482_jpg.rf.098f69005855beb32eb0987d1f09a2f2.png,22,270.0,326.3,Normal,100.78,93.0,88.0,101.0,0,0,0,4
C4R1_1735921887482_jpg.rf.098f69005855beb32eb0987d1f09a2f2.png,23,338.8,332.8,Normal,38.72,36.0,28.0,38.0,0,0,0,1
C4R1_1735921887482_jpg.rf.098f69005855beb32eb0987d1f09a2f2.png,24,418.7,336.4,Normal,136.24,121.0,118.0,127.0,0,0,0,6
C4R1_1735921887482_jpg.rf.098f69005855beb32eb0987d1f09a2f2.png,25,466.4,333.7,Normal,104.58,97.0,87.0,101.0,0,0,0,0
C4R1_1735921887482_jpg.rf.098f69005855beb32eb0987d1f09a2f2.png,26,509.0,353.3,Normal,151.42,137.0,131.0,142.0,0,0,0,4
C4R1_1735921887482_jpg.rf.098f69005855beb32eb0987d1f09a2f2.png,27,562.4,310.8,Normal,41.23,46.0,39.0,50.0,0,3,0,2
C4R1_1735921887482_jpg.rf.098f69005855beb32eb0987d1f09a2f2.png,28,150.1,421.2,Normal,178.37,183.0,167.0,198.0,0,14,1,10
C4R1_1735921887482_jpg.rf.098f69005855beb32eb0987d1f09a2f2.png,29,180.6,417.2,Normal,161.23,148.0,145.0,157.0,0,0,0,4
C4R1_1735921887482_jpg.rf.098f69005855beb32eb0987d1f09a2f2.png,30,219.2,363.8,Normal,49.76,46.0,38.0,48.0,0,1,0,1
C4R1_1735921887482_jpg.rf.098f69005855beb32eb0987d1f09a2f2.png,31,228.0,423.8,Normal,111.63,103.0,97.0,109.0,0,0,0,2
C4R1_1735921887482_jpg.rf.098f69005855beb32eb0987d1f09a2f2.png,32,259.1,429.9,Normal,145.24,135.0,132.0,143.0,0,0,0,6
C4R1_1735921887482_jpg.rf.098f69005855beb32eb0987d1f09a2f2.png,33,288.0,414.2,Normal,168.4,161.0,157.0,168.0,0,3,0,2
C4R1_1735921887482_jpg.rf.098f69005855beb32eb0987d1f09a2f2.png,34,363.8,371.7,Normal,76.03,66.0,53.0,72.0,0,0,0,1
C4R1_1735921887482_jpg.rf.098f69005855beb32eb0987d1f09a2f2.png,35,531.5,428.5,Normal,79.24,72.0,69.0,81.0,0,0,0,4
C4R1_1735921887482_jpg.rf.098f69005855beb32eb0987d1f09a2f2.png,36,590.3,362.9,Normal,141.58,211.0,200.0,226.0,3,3,1,9
C4R1_1735921887482_jpg.rf.098f69005855beb32eb0987d1f09a2f2.png,37,109.9,450.3,Normal,118.13,113.0,105.0,119.0,0,3,0,4
C4R1_1735921887482_jpg.rf.098f69005855beb32eb0987d1f09a2f2.png,38,333.3,446.3,Normal,88.32,87.0,83.0,95.0,0,0,0,2
C4R1_1735921887482_jpg.rf.098f69005855beb32eb0987d1f09a2f2.png,39,390.8,462.6,Normal,113.58,108.0,106.0,117.0,0,0,0,7
C4R1_1735921887482_jpg.rf.098f69005855beb32eb0987d1f09a2f2.png,40,445.5,456.2,Normal,129.41,126.0,118.0,135.0,0,4,0,2
C4R1_1735921887482_jpg.rf.098f69005855beb32eb0987d1f09a2f2.png,41,475.2,444.7,Normal,98.58,94.0,85.0,96.0,0,3,0,3
C4R2_1735921887440_jpg.rf.8acd48cb5ff9505b3ab0398a4bf94e52.png,1,103.6,126.5,Normal,28.88,35.0,26.0,40.0,0,4,0,4
C4R2_1735921887440_jpg.rf.8acd48cb5ff9505b3ab0398a4bf94e52.png,2,133.5,170.3,Normal,102.32,102.0,91.0,107.0,3,3,0,3
C4R2_1735921887440_jpg.rf.8acd48cb5ff9505b3ab0398a4bf94e52.png,3,190.4,186.7,Normal,102.8,94.0,87.0,98.0,0,0,0,0
C4R2_1735921887440_jpg.rf.8acd48cb5ff9505b3ab0398a4bf94e52.png,4,275.4,177.2,Normal,135.01,130.0,123.0,134.0,0,4,0,1
C4R2_1735921887440_jpg.rf.8acd48cb5ff9505b3ab0398a4bf94e52.png,5,342.3,171.9,Normal,149.46,145.0,142.0,152.0,0,0,0,6
C4R2_1735921887440_jpg.rf.8acd48cb5ff9505b3ab0398a4bf94e52.png,6,368.6,132.4,Sem Raiz,43.1,41.0,39.0,43.0,0,0,0,1
C4R2_1735921887440_jpg.rf.8acd48cb5ff9505b3ab0398a4bf94e52.png,7,443.5,179.0,Normal,101.44,94.0,89.0,99.0,0,0,0,4
C4R2_1735921887440_jpg.rf.8acd48cb5ff9505b3ab0398a4bf94e52.png,8,511.0,181.3,Normal,168.45,157.0,152.0,163.0,0,3,0,2
C4R2_1735921887440_jpg.rf.8acd48cb5ff9505b3ab0398a4bf94e52.png,9,549.6,181.8,Normal,23.36,20.0,15.0,30.0,0,0,0,6
C4R2_1735921887440_jpg.rf.8acd48cb5ff9505b3ab0398a4bf94e52.png,10,95.3,244.0,Normal,149.07,140.0,131.0,145.0,0,0,0,0
C4R2_1735921887440_jpg.rf.8acd48cb5ff9505b3ab0398a4bf94e52.png,11,167.0,233.1,Sem Hipocótilo,62.05,58.0,52.0,59.0,0,0,0,0
C4R2_1735921887440_jpg.rf.8acd48cb5ff9505b3ab0398a4bf94e52.png,12,213.8,259.4,Normal,93.3,94.0,85.0,101.0,0,3,0,3
C4R2_1735921887440_jpg.rf.8acd48cb5ff9505b3ab0398a4bf94e52.png,13,239.3,212.4,Normal,160.03,146.0,140.0,153.0,0,3,0,7
C4R2_1735921887440_jpg.rf.8acd48cb5ff9505b3ab0398a4bf94e52.png,14,312.1,210.8,Normal,113.51,103.0,99.0,111.0,0,0,0,4
C4R2_1735921887440_jpg.rf.8acd48cb5ff9505b3ab0398a4bf94e52.png,15,364.2,218.3,Normal,80.86,75.0,70.0,80.0,0,0,0,6
C4R2_1735921887440_jpg.rf.8acd48cb5ff9505b3ab0398a4bf94e52.png,16,408.0,233.1,Sem Raiz,53.1,50.0,44.0,54.0,0,0,0,3
C4R2_1735921887440_jpg.rf.8acd48cb5ff9505b3ab0398a4bf94e52.png,17,482.1,261.6,Normal,262.47,247.0,237.0,267.0,0,0,0,13
C4R2_1735921887440_jpg.rf.8acd48cb5ff9505b3ab0398a4bf94e52.png,18,567.6,225.6,Normal,102.23,95.0,90.0,108.0,0,0,0,4
C4R2_1735921887440_jpg.rf.8acd48cb5ff9505b3ab0398a4bf94e52.png,19,602.8,263.3,Normal,277.0,257.0,241.0,268.0,0,0,0,2
C4R2_1735921887440_jpg.rf.8acd48cb5ff9505b3ab0398a4bf94e52.png,20,165.4,329.8,Normal,97.38,91.0,88.0,100.0,0,0,0,4
C4R2_1735921887440_jpg.rf.8acd48cb5ff9505b3ab0398a4bf94e52.png,21,208.7,358.1,Normal,51.93,49.0,43.0,57.0,0,0,0,3
C4R2_1735921887440_jpg.rf.8acd48cb5ff9505b3ab0398a4bf94e52.png,22,288.0,333.7,Normal,301.3,284.0,275.0,299.0,0,0,0,10
C4R2_1735921887440_jpg.rf.8acd48cb5ff9505b3ab0398a4bf94e52.png,23,373.4,296.3,Normal,97.58,93.0,89.0,102.0,0,0,0,2
C4R2_1735921887440_jpg.rf.8acd48cb5ff9505b3ab0398a4bf94e52.png,24,450.6,346.8,Normal,125.45,115.0,109.0,121.0,0,0,0,3
C4R2_1735921887440_jpg.rf.8acd48cb5ff9505b3ab0398a4bf94e52.png,25,541.8,287.8,Normal,155.83,144.0,141.0,152.0,0,0,0,4
C4R2_1735921887440_jpg.rf.8acd48cb5ff9505b3ab0398a4bf94e52.png,26,553.3,335.8,Normal,108.49,105.0,98.0,110.0,0,0,0,1
C4R2_1735921887440_jpg.rf.8acd48cb5ff9505b3ab0398a4bf94e52.png,27,67.8,371.1,Normal,117.43,112.0,107.0,121.0,0,0,0,4
C4R2_1735921887440_jpg.rf.8acd48cb5ff9505b3ab0398a4bf94e52.png,28,107.9,364.3,Normal,93.66,105.0,95.0,121.0,4,14,4,10
C4R2_1735921887440_jpg.rf.8acd48cb5ff9505b3ab0398a4bf94e52.png,29,239.7,391.8,Normal,133.05,125.0,118.0,131.0,0,0,0,2
C4R2_1735921887440_jpg.rf.8acd48cb5ff9505b3ab0398a4bf94e52.png,30,314.1,437.3,Normal,64.77,58.0,54.0,66.0,0,0,0,1
C4R2_1735921887440_jpg.rf.8acd48cb5ff9505b3ab0398a4bf94e52.png,31,336.2,402.3,Normal,94.69,89.0,85.0,94.0,0,0,0,0
C4R2_1735921887440_jpg.rf.8acd48cb5ff9505b3ab0398a4bf94e52.png,32,373.7,373.5,Normal,68.18,66.0,61.0,72.0,0,3,0,1
C4R2_1735921887440_jpg.rf.8acd48cb5ff9505b3ab0398a4bf94e52.png,33,405.0,373.7,Normal,127.4,123.0,119.0,130.0,0,0,0,5
C4R2_1735921887440_jpg.rf.8acd48cb5ff9505b3ab0398a4bf94e52.png,34,508.9,365.1,Normal,108.94,103.0,95.0,108.0,0,0,0,2
C4R2_1735921887440_jpg.rf.8acd48cb5ff9505b3ab0398a4bf94e52.png,35,534.2,412.4,Normal,39.2,40.0,34.0,51.0,2,4,0,6
C4R2_1735921887440_jpg.rf.8acd48cb5ff9505b3ab0398a4bf94e52.png,36,567.4,428.8,Normal,175.69,166.0,160.0,172.0,0,0,0,4
C4R2_1735921887440_jpg.rf.8acd48cb5ff9505b3ab0398a4bf94e52.png,37,100.7,455.4,Sem Hipocótilo,66.91,62.0,60.0,62.0,0,0,0,0
C4R2_1735921887440_jpg.rf.8acd48cb5ff9505b3ab0398a4bf94e52.png,38,141.9,475.5,Normal,110.6,108.0,105.0,117.0,0,0,0,1
C4R2_1735921887440_jpg.rf.8acd48cb5ff9505b3ab0398a4bf94e52.png,39,182.8,440.9,Normal,113.66,100.0,96.0,105.0,0,0,0,3
C4R2_1735921887440_jpg.rf.8acd48cb5ff9505b3ab0398a4bf94e52.png,40,212.1,504.3,Normal,44.77,43.0,33.0,51.0,0,3,0,6
C4R2_1735921887440_jpg.rf.8acd48cb5ff9505b3ab0398a4bf94e52.png,41,265.4,477.9,Normal,124.71,116.0,114.0,124.0,0,0,0,4
C4R2_1735921887440_jpg.rf.8acd48cb5ff9505b3ab0398a4bf94e52.png,42,369.6,487.3,Normal,120.81,117.0,112.0,129.0,0,3,0,5
C4R2_1735921887440_jpg.rf.8acd48cb5ff9505b3ab0398a4bf94e52.png,43,436.3,471.1,Normal,90.22,91.0,83.0,97.0,0,1,0,4
C4R2_1735921887440_jpg.rf.8acd48cb5ff9505b3ab0398a4bf94e52.png,44,475.3,450.7,Normal,25.19,26.0,20.0,41.0,0,3,0,6
C4R2_1735921887440_jpg.rf.8acd48cb5ff9505b3ab0398a4bf94e52.png,45,507.4,475.0,Normal,88.62,89.0,83.0,97.0,0,1,0,6
C4R2_1735921887440_jpg.rf.8acd48cb5ff9505b3ab0398a4bf94e52.png,46,597.0,474.1,Normal,114.42,111.0,95.0,115.0,4,4,0,3
C4R3_1735921887406_jpg.rf.1debb746efbeab207c42fe79714f59df.png,1,82.8,178.7,Normal,106.38,105.0,98.0,110.0,0,3,0,5
C4R3_1735921887406_jpg.rf.1debb746efbeab207c42fe79714f59df.png,2,134.1,198.1,Normal,170.94,162.0,154.0,168.0,0,3,0,2
C4R3_1735921887406_jpg.rf.1debb746efbeab207c42fe79714f59df.png,3,167.1,198.2,Normal,126.55,117.0,108.0,123.0,0,3,0,4
C4R3_1735921887406_jpg.rf.1debb746efbeab207c42fe79714f59df.png,4,228.6,189.6,Normal,100.01,93.0,89.0,102.0,0,0,0,2
C4R3_1735921887406_jpg.rf.1debb746efbeab207c42fe79714f59df.png,5,262.4,190.3,Normal,110.18,103.0,94.0,109.0,0,4,0,4
C4R3_1735921887406_jpg.rf.1debb746efbeab207c42fe79714f59df.png,6,293.0,140.7,Normal,58.05,53.0,44.0,56.0,0,0,0,0
C4R3_1735921887406_jpg.rf.1debb746efbeab207c42fe79714f59df.png,7,347.1,181.0,Normal,104.0,99.0,97.0,105.0,0,0,0,2
C4R3_1735921887406_jpg.rf.1debb746efbeab207c42fe79714f59df.png,8,394.1,183.8,Normal,185.49,193.0,196.0,214.0,3,13,10,21
C4R3_1735921887406_jpg.rf.1debb746efbeab207c42fe79714f59df.png,9,426.2,178.0,Normal,118.97,114.0,106.0,119.0,0,3,0,4
C4R3_1735921887406_jpg.rf.1debb746efbeab207c42fe79714f59df.png,10,466.3,124.5,Sem Raiz,38.89,36.0,35.0,39.0,0,0,0,0
C4R3_1735921887406_jpg.rf.1debb746efbeab207c42fe79714f59df.png,11,473.1,196.2,Sem Hipocótilo,105.65,101.0,99.0,102.0,0,0,0,0
C4R3_1735921887406_jpg.rf.1debb746efbeab207c42fe79714f59df.png,12,498.6,199.5,Normal,127.53,116.0,109.0,126.0,0,0,0,4
C4R3_1735921887406_jpg.rf.1debb746efbeab207c42fe79714f59df.png,13,108.8,249.4,Normal,71.48,67.0,66.0,75.0,0,0,0,1
C4R3_1735921887406_jpg.rf.1debb746efbeab207c42fe79714f59df.png,14,148.1,278.7,Sem Raiz,22.32,21.0,18.0,22.0,0,0,0,0
C4R3_1735921887406_jpg.rf.1debb746efbeab207c42fe79714f59df.png,15,199.5,225.9,Normal,120.5,110.0,109.0,117.0,0,0,0,1
C4R3_1735921887406_jpg.rf.1debb746efbeab207c42fe79714f59df.png,16,273.4,276.8,Sem Raiz,43.93,67.0,68.0,67.0,3,6,2,2
C4R3_1735921887406_jpg.rf.1debb746efbeab207c42fe79714f59df.png,17,292.5,242.7,Normal,108.31,95.0,89.0,100.0,0,0,0,4
C4R3_1735921887406_jpg.rf.1debb746efbeab207c42fe79714f59df.png,18,325.7,215.1,Normal,112.52,106.0,102.0,115.0,0,0,0,4
C4R3_1735921887406_jpg.rf.1debb746efbeab207c42fe79714f59df.png,19,370.9,207.6,Normal,151.91,147.0,143.0,153.0,0,0,0,2
C4R3_1735921887406_jpg.rf.1debb746efbeab207c42fe79714f59df.png,20,452.7,273.2,Normal,122.95,121.0,112.0,128.0,0,3,0,6
C4R3_1735921887406_jpg.rf.1debb746efbeab207c42fe79714f59df.png,21,535.6,277.0,Normal,36.28,31.0,23.0,38.0,0,0,0,4
C4R3_1735921887406_jpg.rf.1debb746efbeab207c42fe79714f59df.png,22,549.0,233.4,Normal,117.79,112.0,108.0,120.0,0,0,0,6
C4R3_1735921887406_jpg.rf.1debb746efbeab207c42fe79714f59df.png,23,578.0,263.6,Normal,93.37,88.0,84.0,96.0,0,0,0,4
C4R3_1735921887406_jpg.rf.1debb746efbeab207c42fe79714f59df.png,24,79.9,318.5,Sem Hipocótilo,40.8,33.0,27.0,37.0,0,0,0,3
C4R3_1735921887406_jpg.rf.1debb746efbeab207c42fe79714f59df.png,25,95.9,289.6,Sem Raiz,15.19,13.0,14.0,16.0,0,0,0,1
C4R3_1735921887406_jpg.rf.1debb746efbeab207c42fe79714f59df.png,26,174.0,343.7,Sem Hipocótilo,118.03,104.0,100.0,108.0,0,0,0,1
C4R3_1735921887406_jpg.rf.1debb746efbeab207c42fe79714f59df.png,27,201.8,347.8,Normal,131.01,119.0,117.0,125.0,0,0,0,3
C4R3_1735921887406_jpg.rf.1debb746efbeab207c42fe79714f59df.png,28,242.2,288.1,Normal,116.44,107.0,102.0,118.0,0,0,0,7
C4R3_1735921887406_jpg.rf.1debb746efbeab207c42fe79714f59df.png,29,275.2,343.2,Sem Hipocótilo,65.84,59.0,57.0,62.0,0,0,0,1
C4R3_1735921887406_jpg.rf.1debb746efbeab207c42fe79714f59df.png,30,313.5,307.2,Sem Raiz,42.07,37.0,34.0,40.0,0,0,0,1
C4R3_1735921887406_jpg.rf.1debb746efbeab207c42fe79714f59df.png,31,351.1,338.4,Normal,71.02,67.0,63.0,72.0,0,0,0,4
C4R3_1735921887406_jpg.rf.1debb746efbeab207c42fe79714f59df.png,32,383.6,350.3,Normal,117.09,109.0,105.0,113.0,0,0,0,2
C4R3_1735921887406_jpg.rf.1debb746efbeab207c42fe79714f59df.png,33,426.3,292.5,Sem Hipocótilo,18.88,17.0,14.0,20.0,0,0,0,0
C4R3_1735921887406_jpg.rf.1debb746efbeab207c42fe79714f59df.png,34,479.1,312.2,Normal,53.37,49.0,42.0,55.0,0,0,0,3
C4R3_1735921887406_jpg.rf.1debb746efbeab207c42fe79714f59df.png,35,111.1,383.1,Normal,124.91,118.0,112.0,126.0,3,3,0,7
C4R3_1735921887406_jpg.rf.1debb746efbeab207c42fe79714f59df.png,36,159.5,395.6,Normal,101.61,107.0,95.0,116.0,3,6,0,7
C4R3_1735921887406_jpg.rf.1debb746efbeab207c42fe79714f59df.png,37,263.9,431.7,Normal,89.98,86.0,77.0,91.0,0,0,0,0
C4R3_1735921887406_jpg.rf.1debb746efbeab207c42fe79714f59df.png,38,315.1,435.1,Normal,85.78,85.0,76.0,95.0,0,4,0,7
C4R3_1735921887406_jpg.rf.1debb746efbeab207c42fe79714f59df.png,39,343.3,419.4,Normal,238.67,218.0,208.0,224.0,0,0,0,2
C4R3_1735921887406_jpg.rf.1debb746efbeab207c42fe79714f59df.png,40,407.5,387.6,Normal,91.11,91.0,82.0,101.0,0,3,0,6
C4R3_1735921887406_jpg.rf.1debb746efbeab207c42fe79714f59df.png,41,445.3,410.9,Normal,59.32,53.0,48.0,61.0,0,0,0,2
C4R3_1735921887406_jpg.rf.1debb746efbeab207c42fe79714f59df.png,42,477.3,396.4,Normal,54.58,56.0,49.0,63.0,0,1,0,5
C4R3_1735921887406_jpg.rf.1debb746efbeab207c42fe79714f59df.png,43,501.4,431.9,Normal,116.29,108.0,99.0,111.0,0,0,0,0
C4R3_1735921887406_jpg.rf.1debb746efbeab207c42fe79714f59df.png,44,539.8,413.7,Normal,151.82,147.0,135.0,150.0,4,6,0,6
C4R3_1735921887406_jpg.rf.1debb746efbeab207c42fe79714f59df.png,45,574.9,375.0,Normal,76.05,71.0,69.0,82.0,0,0,0,2
C4R3_1735921887406_jpg.rf.1debb746efbeab207c42fe79714f59df.png,46,74.1,448.5,Normal,51.15,49.0,42.0,56.0,0,0,0,3
C4R3_1735921887406_jpg.rf.1debb746efbeab207c42fe79714f59df.png,47,126.3,469.3,Normal,184.51,172.0,165.0,181.0,3,3,0,5
C4R3_1735921887406_jpg.rf.1debb746efbeab207c42fe79714f59df.png,48,174.6,503.5,Normal,70.82,66.0,61.0,73.0,0,0,0,4
C4R3_1735921887406_jpg.rf.1debb746efbeab207c42fe79714f59df.png,49,231.2,440.2,Normal,93.82,88.0,83.0,93.0,0,0,0,3
C4R3_1735921887406_jpg.rf.1debb746efbeab207c42fe79714f59df.png,50,296.5,481.4,Normal,68.39,59.0,53.0,65.0,0,0,0,2
C4R3_1735921887406_jpg.rf.1debb746efbeab207c42fe79714f59df.png,51,400.8,483.9,Normal,95.05,82.0,82.0,93.0,0,0,0,2
C4R3_1735921887406_jpg.rf.1debb746efbeab207c42fe79714f59df.png,52,418.8,478.4,Normal,70.96,64.0,59.0,67.0,0,0,0,0
C4R4_1735921887377_jpg.rf.b46b05c3018992ab867b6816f5b48c7e.png,1,91.4,190.4,Normal,110.45,104.0,98.0,108.0,0,1,0,1
C4R4_1735921887377_jpg.rf.b46b05c3018992ab867b6816f5b48c7e.png,2,153.5,140.3,Normal,67.52,64.0,57.0,72.0,0,3,0,3
C4R4_1735921887377_jpg.rf.b46b05c3018992ab867b6816f5b48c7e.png,3,189.7,178.3,Sem Hipocótilo,32.81,31.0,27.0,32.0,0,0,0,0
C4R4_1735921887377_jpg.rf.b46b05c3018992ab867b6816f5b48c7e.png,4,254.6,153.8,Normal,106.91,98.0,93.0,103.0,0,0,0,0
C4R4_1735921887377_jpg.rf.b46b05c3018992ab867b6816f5b48c7e.png,5,312.9,194.3,Sem Hipocótilo,27.31,25.0,23.0,27.0,0,0,0,0
C4R4_1735921887377_jpg.rf.b46b05c3018992ab867b6816f5b48c7e.png,6,323.8,169.5,Sem Raiz,17.74,16.0,13.0,17.0,0,0,0,0
C4R4_1735921887377_jpg.rf.b46b05c3018992ab867b6816f5b48c7e.png,7,350.0,185.3,Normal,101.83,90.0,83.0,98.0,0,0,0,6
C4R4_1735921887377_jpg.rf.b46b05c3018992ab867b6816f5b48c7e.png,8,386.8,185.1,Normal,110.0,104.0,103.0,114.0,0,0,0,3
C4R4_1735921887377_jpg.rf.b46b05c3018992ab867b6816f5b48c7e.png,9,412.3,181.9,Normal,138.04,128.0,116.0,134.0,0,0,0,3
C4R4_1735921887377_jpg.rf.b46b05c3018992ab867b6816f5b48c7e.png,10,491.1,159.3,Sem Raiz,24.09,23.0,21.0,28.0,0,0,0,1
C4R4_1735921887377_jpg.rf.b46b05c3018992ab867b6816f5b48c7e.png,11,519.6,162.1,Normal,132.27,128.0,123.0,132.0,0,0,0,4
C4R4_1735921887377_jpg.rf.b46b05c3018992ab867b6816f5b48c7e.png,12,546.8,185.5,Normal,60.1,53.0,45.0,60.0,0,0,0,6
C4R4_1735921887377_jpg.rf.b46b05c3018992ab867b6816f5b48c7e.png,13,67.6,277.1,Normal,110.16,99.0,92.0,106.0,0,0,0,2
C4R4_1735921887377_jpg.rf.b46b05c3018992ab867b6816f5b48c7e.png,14,150.7,220.9,Normal,65.06,58.0,48.0,63.0,0,0,0,1
C4R4_1735921887377_jpg.rf.b46b05c3018992ab867b6816f5b48c7e.png,15,199.4,269.9,Normal,105.16,99.0,92.0,105.0,0,0,0,3
C4R4_1735921887377_jpg.rf.b46b05c3018992ab867b6816f5b48c7e.png,16,267.2,203.1,Normal,32.14,30.0,26.0,36.0,0,0,0,7
C4R4_1735921887377_jpg.rf.b46b05c3018992ab867b6816f5b48c7e.png,17,321.4,261.2,Normal,106.41,99.0,97.0,103.0,0,0,0,2
C4R4_1735921887377_jpg.rf.b46b05c3018992ab867b6816f5b48c7e.png,18,464.6,219.5,Sem Hipocótilo,39.31,38.0,35.0,40.0,0,0,0,3
C4R4_1735921887377_jpg.rf.b46b05c3018992ab867b6816f5b48c7e.png,19,494.6,211.1,Sem Hipocótilo,60.46,58.0,55.0,59.0,0,0,0,0
C4R4_1735921887377_jpg.rf.b46b05c3018992ab867b6816f5b48c7e.png,20,535.1,244.5,Normal,55.1,48.0,39.0,57.0,0,0,0,6
C4R4_1735921887377_jpg.rf.b46b05c3018992ab867b6816f5b48c7e.png,21,593.8,234.0,Normal,81.04,79.0,72.0,88.0,0,3,0,8
C4R4_1735921887377_jpg.rf.b46b05c3018992ab867b6816f5b48c7e.png,22,115.7,358.1,Normal,152.31,145.0,138.0,149.0,0,4,0,1
C4R4_1735921887377_jpg.rf.b46b05c3018992ab867b6816f5b48c7e.png,23,160.0,337.7,Normal,143.22,126.0,116.0,136.0,0,0,0,2
C4R4_1735921887377_jpg.rf.b46b05c3018992ab867b6816f5b48c7e.png,24,223.6,322.6,Normal,114.81,103.0,97.0,108.0,0,0,0,4
C4R4_1735921887377_jpg.rf.b46b05c3018992ab867b6816f5b48c7e.png,25,250.9,357.6,Normal,113.5,122.0,115.0,129.0,3,6,5,8
C4R4_1735921887377_jpg.rf.b46b05c3018992ab867b6816f5b48c7e.png,26,280.5,327.8,Normal,130.5,117.0,112.0,126.0,0,0,0,4
C4R4_1735921887377_jpg.rf.b46b05c3018992ab867b6816f5b48c7e.png,27,349.6,345.6,Normal,147.63,134.0,127.0,138.0,0,0,0,1
C4R4_1735921887377_jpg.rf.b46b05c3018992ab867b6816f5b48c7e.png,28,405.5,333.0,Normal,139.94,129.0,123.0,133.0,0,0,0,1
C4R4_1735921887377_jpg.rf.b46b05c3018992ab867b6816f5b48c7e.png,29,428.5,318.9,Normal,132.72,126.0,118.0,130.0,0,0,0,2
C4R4_1735921887377_jpg.rf.b46b05c3018992ab867b6816f5b48c7e.png,30,487.0,317.9,Normal,127.74,121.0,117.0,135.0,0,0,0,9
C4R4_1735921887377_jpg.rf.b46b05c3018992ab867b6816f5b48c7e.png,31,559.0,313.2,Normal,164.44,155.0,150.0,162.0,0,0,0,2
C4R4_1735921887377_jpg.rf.b46b05c3018992ab867b6816f5b48c7e.png,32,601.1,308.4,Sem Hipocótilo,11.92,12.0,8.0,13.0,0,0,0,0
C4R4_1735921887377_jpg.rf.b46b05c3018992ab867b6816f5b48c7e.png,33,62.4,382.8,Normal,77.27,74.0,72.0,85.0,0,0,0,7
C4R4_1735921887377_jpg.rf.b46b05c3018992ab867b6816f5b48c7e.png,34,262.1,438.2,Normal,43.95,40.0,35.0,53.0,0,0,0,8
C4R4_1735921887377_jpg.rf.b46b05c3018992ab867b6816f5b48c7e.png,35,380.0,421.0,Normal,167.22,154.0,148.0,161.0,0,0,0,3
C4R4_1735921887377_jpg.rf.b46b05c3018992ab867b6816f5b48c7e.png,36,476.5,436.3,Normal,317.46,292.0,284.0,303.0,0,0,0,1
C4R4_1735921887377_jpg.rf.b46b05c3018992ab867b6816f5b48c7e.png,37,513.6,375.3,Normal,128.58,122.0,117.0,131.0,0,0,0,5
C4R4_1735921887377_jpg.rf.b46b05c3018992ab867b6816f5b48c7e.png,38,82.6,511.4,Normal,123.98,115.0,113.0,120.0,0,0,0,0
C4R4_1735921887377_jpg.rf.b46b05c3018992ab867b6816f5b48c7e.png,39,98.1,464.4,Sem Raiz,124.69,113.0,112.0,113.0,0,0,0,0
C4R4_1735921887377_jpg.rf.b46b05c3018992ab867b6816f5b48c7e.png,40,141.1,503.0,Normal,129.42,126.0,118.0,139.0,0,3,0,8
C4R4_1735921887377_jpg.rf.b46b05c3018992ab867b6816f5b48c7e.png,41,212.4,447.5,Normal,90.31,85.0,81.0,93.0,0,3,0,4
C4R4_1735921887377_jpg.rf.b46b05c3018992ab867b6816f5b48c7e.png,42,312.5,468.3,Normal,162.83,157.0,151.0,158.0,1,1,0,1
C4R4_1735921887377_jpg.rf.b46b05c3018992ab867b6816f5b48c7e.png,43,327.8,505.5,Normal,115.46,111.0,107.0,117.0,0,0,0,4
C4R4_1735921887377_jpg.rf.b46b05c3018992ab867b6816f5b48c7e.png,44,361.8,492.4,Normal,166.92,158.0,154.0,168.0,0,0,0,7
C4R4_1735921887377_jpg.rf.b46b05c3018992ab867b6816f5b48c7e.png,45,411.8,518.2,Normal,117.81,118.0,113.0,127.0,0,3,0,7
C4R4_1735921887377_jpg.rf.b46b05c3018992ab867b6816f5b48c7e.png,46,428.3,452.7,Normal,143.65,135.0,127.0,138.0,0,0,0,1
C4R4_1735921887377_jpg.rf.b46b05c3018992ab867b6816f5b48c7e.png,47,526.8,471.1,Normal,159.9,145.0,138.0,148.0,0,0,0,1
C4R4_1735921887377_jpg.rf.b46b05c3018992ab867b6816f5b48c7e.png,48,547.7,510.7,Normal,120.35,129.0,112.0,133.0,3,6,3,5
C4R4_1735921887377_jpg.rf.b46b05c3018992ab867b6816f5b48c7e.png,49,255.3,538.0,Normal,73.2,67.0,64.0,71.0,0,0,0,3
C4R5_1735921887348_jpg.rf.b645ad434178d506b0bc77cdc5bedb31.png,1,411.1,104.5,Sem Raiz,18.33,20.0,13.0,20.0,1,1,0,1
C4R5_1735921887348_jpg.rf.b645ad434178d506b0bc77cdc5bedb31.png,2,113.0,175.2,Normal,101.57,104.0,101.0,114.0,4,4,0,7
C4R5_1735921887348_jpg.rf.b645ad434178d506b0bc77cdc5bedb31.png,3,163.8,160.8,Normal,95.46,92.0,90.0,99.0,0,0,0,2
C4R5_1735921887348_jpg.rf.b645ad434178d506b0bc77cdc5bedb31.png,4,187.1,172.3,Normal,123.5,118.0,113.0,124.0,0,0,0,3
C4R5_1735921887348_jpg.rf.b645ad434178d506b0bc77cdc5bedb31.png,5,228.5,169.4,Normal,183.61,171.0,163.0,178.0,0,0,0,4
C4R5_1735921887348_jpg.rf.b645ad434178d506b0bc77cdc5bedb31.png,6,277.3,157.5,Normal,149.04,138.0,131.0,148.0,0,4,0,6
C4R5_1735921887348_jpg.rf.b645ad434178d506b0bc77cdc5bedb31.png,7,355.5,156.6,Normal,101.9,97.0,91.0,102.0,0,4,0,4
C4R5_1735921887348_jpg.rf.b645ad434178d506b0bc77cdc5bedb31.png,8,406.5,174.2,Sem Hipocótilo,103.99,101.0,100.0,103.0,0,0,0,3
C4R5_1735921887348_jpg.rf.b645ad434178d506b0bc77cdc5bedb31.png,9,456.3,193.5,Normal,105.5,105.0,92.0,112.0,2,5,3,5
C4R5_1735921887348_jpg.rf.b645ad434178d506b0bc77cdc5bedb31.png,10,503.5,176.1,Normal,169.11,161.0,150.0,164.0,3,3,0,2
C4R5_1735921887348_jpg.rf.b645ad434178d506b0bc77cdc5bedb31.png,11,556.0,179.4,Normal,122.46,117.0,116.0,125.0,0,0,0,2
C4R5_1735921887348_jpg.rf.b645ad434178d506b0bc77cdc5bedb31.png,12,605.3,148.2,Normal,120.95,110.0,104.0,118.0,0,0,0,4
C4R5_1735921887348_jpg.rf.b645ad434178d506b0bc77cdc5bedb31.png,13,78.8,223.6,Sem Raiz,12.89,12.0,7.0,13.0,0,0,0,0
C4R5_1735921887348_jpg.rf.b645ad434178d506b0bc77cdc5bedb31.png,14,89.5,261.6,Sem Hipocótilo,51.65,51.0,48.0,55.0,0,0,0,1
C4R5_1735921887348_jpg.rf.b645ad434178d506b0bc77cdc5bedb31.png,15,136.7,243.9,Normal,114.5,110.0,104.0,116.0,3,3,3,10
C4R5_1735921887348_jpg.rf.b645ad434178d506b0bc77cdc5bedb31.png,16,168.6,276.6,Normal,122.92,116.0,108.0,120.0,0,1,0,4
C4R5_1735921887348_jpg.rf.b645ad434178d506b0bc77cdc5bedb31.png,17,310.9,215.0,Normal,158.58,172.0,164.0,182.0,3,13,4,12
C4R5_1735921887348_jpg.rf.b645ad434178d506b0bc77cdc5bedb31.png,18,385.6,232.1,Normal,138.94,128.0,122.0,129.0,0,0,0,1
C4R5_1735921887348_jpg.rf.b645ad434178d506b0bc77cdc5bedb31.png,19,590.6,230.2,Normal,50.21,53.0,47.0,60.0,0,3,0,6
C4R5_1735921887348_jpg.rf.b645ad434178d506b0bc77cdc5bedb31.png,20,609.1,276.3,Normal,31.05,47.0,39.0,53.0,4,5,1,2
C4R5_1735921887348_jpg.rf.b645ad434178d506b0bc77cdc5bedb31.png,21,203.9,292.5,Normal,111.79,101.0,96.0,107.0,0,0,0,3
C4R5_1735921887348_jpg.rf.b645ad434178d506b0bc77cdc5bedb31.png,22,239.1,335.3,Normal,144.31,134.0,128.0,142.0,0,3,0,5
C4R5_1735921887348_jpg.rf.b645ad434178d506b0bc77cdc5bedb31.png,23,269.3,290.4,Normal,154.23,141.0,138.0,151.0,0,0,0,5
C4R5_1735921887348_jpg.rf.b645ad434178d506b0bc77cdc5bedb31.png,24,326.9,297.4,Normal,143.79,132.0,127.0,138.0,3,3,0,4
C4R5_1735921887348_jpg.rf.b645ad434178d506b0bc77cdc5bedb31.png,25,379.9,332.6,Normal,79.13,74.0,69.0,79.0,0,0,0,2
C4R5_1735921887348_jpg.rf.b645ad434178d506b0bc77cdc5bedb31.png,26,436.6,310.4,Normal,193.76,183.0,175.0,186.0,0,4,0,1
C4R5_1735921887348_jpg.rf.b645ad434178d506b0bc77cdc5bedb31.png,27,469.7,317.8,Normal,149.89,143.0,139.0,148.0,0,0,0,1
C4R5_1735921887348_jpg.rf.b645ad434178d506b0bc77cdc5bedb31.png,28,559.3,356.6,Normal,89.34,93.0,87.0,96.0,0,1,0,4
C4R5_1735921887348_jpg.rf.b645ad434178d506b0bc77cdc5bedb31.png,29,586.6,296.0,Sem Hipocótilo,10.36,9.0,6.0,12.0,0,0,0,1
C4R5_1735921887348_jpg.rf.b645ad434178d506b0bc77cdc5bedb31.png,30,86.8,361.6,Normal,95.37,91.0,88.0,97.0,0,0,0,2
C4R5_1735921887348_jpg.rf.b645ad434178d506b0bc77cdc5bedb31.png,31,122.3,386.4,Normal,105.27,94.0,89.0,100.0,0,0,0,2
C4R5_1735921887348_jpg.rf.b645ad434178d506b0bc77cdc5bedb31.png,32,163.1,427.7,Normal,170.83,159.0,152.0,165.0,0,1,0,4
C4R5_1735921887348_jpg.rf.b645ad434178d506b0bc77cdc5bedb31.png,33,215.0,385.6,Normal,134.65,132.0,121.0,134.0,0,1,0,1
C4R5_1735921887348_jpg.rf.b645ad434178d506b0bc77cdc5bedb31.png,34,278.8,430.7,Normal,139.17,131.0,125.0,140.0,0,0,0,9
C4R5_1735921887348_jpg.rf.b645ad434178d506b0bc77cdc5bedb31.png,35,342.5,401.5,Normal,112.16,109.0,103.0,115.0,0,1,0,4
C4R5_1735921887348_jpg.rf.b645ad434178d506b0bc77cdc5bedb31.png,36,376.3,430.0,Normal,117.71,111.0,106.0,117.0,0,0,0,4
C4R5_1735921887348_jpg.rf.b645ad434178d506b0bc77cdc5bedb31.png,37,413.3,394.6,Normal,139.59,132.0,128.0,138.0,0,0,0,2
C4R5_1735921887348_jpg.rf.b645ad434178d506b0bc77cdc5bedb31.png,38,479.3,425.8,Normal,46.44,44.0,37.0,51.0,0,0,0,4
C4R5_1735921887348_jpg.rf.b645ad434178d506b0bc77cdc5bedb31.png,39,493.1,370.9,Normal,77.44,74.0,77.0,89.0,0,6,6,11
C4R5_1735921887348_jpg.rf.b645ad434178d506b0bc77cdc5bedb31.png,40,514.0,424.7,Normal,111.76,106.0,95.0,112.0,0,0,0,3
C4R5_1735921887348_jpg.rf.b645ad434178d506b0bc77cdc5bedb31.png,41,586.1,385.4,Normal,99.08,93.0,88.0,101.0,0,0,0,2
C4R5_1735921887348_jpg.rf.b645ad434178d506b0bc77cdc5bedb31.png,42,62.8,457.9,Normal,156.08,171.0,176.0,187.0,4,18,12,13
C4R5_1735921887348_jpg.rf.b645ad434178d506b0bc77cdc5bedb31.png,43,123.9,478.6,Normal,69.31,64.0,61.0,78.0,0,0,0,7
C4R5_1735921887348_jpg.rf.b645ad434178d506b0bc77cdc5bedb31.png,44,177.9,466.9,Normal,150.7,147.0,141.0,154.0,0,3,0,1
C4R5_1735921887348_jpg.rf.b645ad434178d506b0bc77cdc5bedb31.png,45,233.4,478.3,Normal,148.57,140.0,139.0,149.0,0,0,0,5
C4R5_1735921887348_jpg.rf.b645ad434178d506b0bc77cdc5bedb31.png,46,267.0,491.0,Sem Raiz,50.54,49.0,46.0,56.0,0,0,0,3
C4R5_1735921887348_jpg.rf.b645ad434178d506b0bc77cdc5bedb31.png,47,311.1,480.6,Normal,163.32,158.0,153.0,161.0,0,0,0,1
C4R5_1735921887348_jpg.rf.b645ad434178d506b0bc77cdc5bedb31.png,48,347.9,481.6,Sem Raiz,30.47,30.0,27.0,37.0,0,0,0,1
C4R5_1735921887348_jpg.rf.b645ad434178d506b0bc77cdc5bedb31.png,49,596.6,443.3,Normal,34.33,30.0,24.0,44.0,0,0,0,5
C4R5_1735921887348_jpg.rf.b645ad434178d506b0bc77cdc5bedb31.png,50,597.7,519.0,Sem Hipocótilo,90.88,85.0,84.0,88.0,0,0,0,1
C4R5_1735921887348_jpg.rf.b645ad434178d506b0bc77cdc5bedb31.png,51,348.1,526.8,Sem Hipocótilo,38.84,37.0,36.0,38.0,0,0,0,0
C4R5_1735921887348_jpg.rf.b645ad434178d506b0bc77cdc5bedb31.png,52,522.9,520.5,Normal,89.01,82.0,78.0,93.0,0,0,0,7
C4R6_1735921887327_jpg.rf.5d103253b06a48778060ab0df98d8b26.png,1,106.2,147.8,Normal,34.16,45.0,36.0,47.0,0,3,0,3
C4R6_1735921887327_jpg.rf.5d103253b06a48778060ab0df98d8b26.png,2,145.2,189.9,Normal,160.3,159.0,150.0,171.0,3,9,4,10
C4R6_1735921887327_jpg.rf.5d103253b06a48778060ab0df98d8b26.png,3,184.6,184.6,Normal,108.84,99.0,92.0,106.0,0,0,0,5
C4R6_1735921887327_jpg.rf.5d103253b06a48778060ab0df98d8b26.png,4,256.2,169.9,Normal,82.23,88.0,83.0,100.0,4,15,9,17
C4R6_1735921887327_jpg.rf.5d103253b06a48778060ab0df98d8b26.png,5,288.6,193.4,Normal,188.02,179.0,172.0,186.0,0,0,0,2
C4R6_1735921887327_jpg.rf.5d103253b06a48778060ab0df98d8b26.png,6,310.9,198.6,Normal,116.39,111.0,107.0,114.0,0,0,0,1
C4R6_1735921887327_jpg.rf.5d103253b06a48778060ab0df98d8b26.png,7,379.4,193.0,Normal,112.83,102.0,96.0,109.0,0,0,0,6
C4R6_1735921887327_jpg.rf.5d103253b06a48778060ab0df98d8b26.png,8,408.6,156.2,Normal,131.65,126.0,119.0,129.0,0,4,0,1
C4R6_1735921887327_jpg.rf.5d103253b06a48778060ab0df98d8b26.png,9,480.1,159.2,Normal,81.75,78.0,72.0,86.0,0,0,0,1
C4R6_1735921887327_jpg.rf.5d103253b06a48778060ab0df98d8b26.png,10,540.8,185.5,Normal,58.29,53.0,40.0,53.0,4,4,0,0
C4R6_1735921887327_jpg.rf.5d103253b06a48778060ab0df98d8b26.png,11,600.6,134.7,Sem Raiz,21.33,19.0,14.0,21.0,0,0,0,0
C4R6_1735921887327_jpg.rf.5d103253b06a48778060ab0df98d8b26.png,12,90.5,236.7,Normal,96.44,96.0,87.0,102.0,1,4,0,6
C4R6_1735921887327_jpg.rf.5d103253b06a48778060ab0df98d8b26.png,13,227.1,269.7,Normal,134.33,126.0,126.0,132.0,0,0,0,1
C4R6_1735921887327_jpg.rf.5d103253b06a48778060ab0df98d8b26.png,14,253.4,252.7,Sem Raiz,43.46,41.0,37.0,49.0,0,0,0,4
C4R6_1735921887327_jpg.rf.5d103253b06a48778060ab0df98d8b26.png,15,444.9,228.1,Normal,167.27,152.0,148.0,162.0,0,0,0,9
C4R6_1735921887327_jpg.rf.5d103253b06a48778060ab0df98d8b26.png,16,476.6,248.4,Normal,102.59,93.0,84.0,98.0,0,0,0,3
C4R6_1735921887327_jpg.rf.5d103253b06a48778060ab0df98d8b26.png,17,565.7,237.6,Sem Raiz,24.53,22.0,18.0,23.0,0,0,0,0
C4R6_1735921887327_jpg.rf.5d103253b06a48778060ab0df98d8b26.png,18,572.7,200.9,Normal,128.12,121.0,116.0,125.0,0,0,0,3
C4R6_1735921887327_jpg.rf.5d103253b06a48778060ab0df98d8b26.png,19,606.8,224.4,Sem Hipocótilo,131.38,126.0,124.0,131.0,0,0,0,3
C4R6_1735921887327_jpg.rf.5d103253b06a48778060ab0df98d8b26.png,20,109.2,290.3,Normal,79.71,96.0,75.0,96.0,4,8,0,4
C4R6_1735921887327_jpg.rf.5d103253b06a48778060ab0df98d8b26.png,21,135.7,351.3,Normal,83.63,79.0,76.0,83.0,0,0,0,0
C4R6_1735921887327_jpg.rf.5d103253b06a48778060ab0df98d8b26.png,22,181.9,309.7,Normal,122.25,112.0,103.0,113.0,0,0,0,0
C4R6_1735921887327_jpg.rf.5d103253b06a48778060ab0df98d8b26.png,23,213.9,339.2,Normal,112.75,105.0,100.0,112.0,0,0,0,0
C4R6_1735921887327_jpg.rf.5d103253b06a48778060ab0df98d8b26.png,24,264.1,321.1,Sem Hipocótilo,77.43,72.0,70.0,72.0,0,0,0,0
C4R6_1735921887327_jpg.rf.5d103253b06a48778060ab0df98d8b26.png,25,342.7,284.5,Normal,208.37,199.0,194.0,208.0,0,0,0,7
C4R6_1735921887327_jpg.rf.5d103253b06a48778060ab0df98d8b26.png,26,366.1,325.8,Normal,146.6,139.0,136.0,145.0,0,0,0,4
C4R6_1735921887327_jpg.rf.5d103253b06a48778060ab0df98d8b26.png,27,399.6,309.2,Normal,107.33,102.0,97.0,109.0,0,0,0,2
C4R6_1735921887327_jpg.rf.5d103253b06a48778060ab0df98d8b26.png,28,499.1,327.8,Normal,124.49,116.0,112.0,120.0,0,0,0,0
C4R6_1735921887327_jpg.rf.5d103253b06a48778060ab0df98d8b26.png,29,537.7,300.0,Normal,114.53,111.0,101.0,119.0,0,4,0,7
C4R6_1735921887327_jpg.rf.5d103253b06a48778060ab0df98d8b26.png,30,577.2,352.5,Normal,131.1,115.0,107.0,119.0,0,0,0,3
C4R6_1735921887327_jpg.rf.5d103253b06a48778060ab0df98d8b26.png,31,85.4,382.8,Normal,158.18,146.0,142.0,147.0,0,0,0,0
C4R6_1735921887327_jpg.rf.5d103253b06a48778060ab0df98d8b26.png,32,120.3,428.0,Normal,66.28,72.0,55.0,82.0,3,3,0,7
C4R6_1735921887327_jpg.rf.5d103253b06a48778060ab0df98d8b26.png,33,306.5,396.2,Normal,191.15,178.0,169.0,185.0,0,0,0,2
C4R6_1735921887327_jpg.rf.5d103253b06a48778060ab0df98d8b26.png,34,419.5,383.3,Normal,110.69,103.0,99.0,110.0,0,0,0,4
C4R6_1735921887327_jpg.rf.5d103253b06a48778060ab0df98d8b26.png,35,479.6,366.5,Sem Raiz,34.15,32.0,31.0,33.0,0,0,0,0
C4R6_1735921887327_jpg.rf.5d103253b06a48778060ab0df98d8b26.png,36,518.5,404.3,Normal,137.26,127.0,124.0,135.0,0,0,0,6
C4R6_1735921887327_jpg.rf.5d103253b06a48778060ab0df98d8b26.png,37,610.2,384.8,Normal,99.12,92.0,85.0,97.0,0,0,0,6
C4R6_1735921887327_jpg.rf.5d103253b06a48778060ab0df98d8b26.png,38,131.0,506.2,Normal,111.0,102.0,97.0,110.0,0,0,0,5
C4R6_1735921887327_jpg.rf.5d103253b06a48778060ab0df98d8b26.png,39,164.1,452.8,Normal,167.66,152.0,147.0,162.0,0,0,0,6
C4R6_1735921887327_jpg.rf.5d103253b06a48778060ab0df98d8b26.png,40,194.0,478.3,Normal,111.61,108.0,101.0,118.0,0,0,0,5
C4R6_1735921887327_jpg.rf.5d103253b06a48778060ab0df98d8b26.png,41,219.3,452.6,Normal,85.79,79.0,72.0,88.0,0,0,0,3
C4R6_1735921887327_jpg.rf.5d103253b06a48778060ab0df98d8b26.png,42,268.0,449.6,Normal,157.67,146.0,139.0,153.0,0,0,0,3
C4R6_1735921887327_jpg.rf.5d103253b06a48778060ab0df98d8b26.png,43,311.8,486.9,Normal,42.84,42.0,33.0,49.0,0,3,0,6
C4R6_1735921887327_jpg.rf.5d103253b06a48778060ab0df98d8b26.png,44,345.2,485.2,Normal,178.33,171.0,161.0,171.0,0,0,0,1
C4R6_1735921887327_jpg.rf.5d103253b06a48778060ab0df98d8b26.png,45,384.2,489.0,Normal,173.62,168.0,162.0,178.0,0,1,0,9
C4R6_1735921887327_jpg.rf.5d103253b06a48778060ab0df98d8b26.png,46,466.9,444.1,Sem Hipocótilo,120.71,111.0,109.0,113.0,0,0,0,1
C4R6_1735921887327_jpg.rf.5d103253b06a48778060ab0df98d8b26.png,47,484.9,486.1,Normal,99.88,83.0,82.0,93.0,0,0,0,4
C4R6_1735921887327_jpg.rf.5d103253b06a48778060ab0df98d8b26.png,48,543.8,486.3,Normal,150.94,148.0,138.0,152.0,0,6,0,3
C4R6_1735921887327_jpg.rf.5d103253b06a48778060ab0df98d8b26.png,49,601.4,519.9,Normal,122.11,117.0,113.0,134.0,0,0,0,9
C4R6_1735921887327_jpg.rf.5d103253b06a48778060ab0df98d8b26.png,50,237.4,528.1,Normal,43.77,42.0,38.0,46.0,0,0,0,1
C4R6_1735921887327_jpg.rf.5d103253b06a48778060ab0df98d8b26.png,51,424.5,522.6,Normal,70.48,67.0,65.0,72.0,0,0,0,1
C4R6_1735921887327_jpg.rf.5d103253b06a48778060ab0df98d8b26.png,52,505.0,548.4,Normal,77.11,71.0,68.0,77.0,0,0,0,6
C4R7_1735921887314_jpg.rf.b51937cb52fba5500b331a2cfef54723.png,1,118.2,188.6,Normal,127.9,121.0,111.0,122.0,0,1,0,1
C4R7_1735921887314_jpg.rf.b51937cb52fba5500b331a2cfef54723.png,2,157.0,170.9,Normal,84.09,80.0,74.0,84.0,0,0,0,1
C4R7_1735921887314_jpg.rf.b51937cb52fba5500b331a2cfef54723.png,3,200.4,190.4,Normal,62.66,73.0,65.0,86.0,4,4,0,6
C4R7_1735921887314_jpg.rf.b51937cb52fba5500b331a2cfef54723.png,4,252.2,139.9,Normal,82.0,76.0,72.0,81.0,0,0,0,3
C4R7_1735921887314_jpg.rf.b51937cb52fba5500b331a2cfef54723.png,5,287.4,192.5,Normal,121.54,117.0,115.0,125.0,0,0,0,4
C4R7_1735921887314_jpg.rf.b51937cb52fba5500b331a2cfef54723.png,6,326.0,157.2,Normal,72.06,70.0,67.0,75.0,0,0,0,3
C4R7_1735921887314_jpg.rf.b51937cb52fba5500b331a2cfef54723.png,7,381.9,169.0,Normal,105.36,105.0,99.0,108.0,0,4,0,1
C4R7_1735921887314_jpg.rf.b51937cb52fba5500b331a2cfef54723.png,8,432.1,151.2,Sem Raiz,12.44,16.0,10.0,18.0,2,4,0,1
C4R7_1735921887314_jpg.rf.b51937cb52fba5500b331a2cfef54723.png,9,497.5,179.5,Normal,120.22,114.0,107.0,120.0,0,0,0,6
C4R7_1735921887314_jpg.rf.b51937cb52fba5500b331a2cfef54723.png,10,529.8,160.6,Normal,73.78,73.0,69.0,82.0,1,1,0,5
C4R7_1735921887314_jpg.rf.b51937cb52fba5500b331a2cfef54723.png,11,554.3,180.8,Normal,153.63,138.0,133.0,146.0,0,0,0,4
C4R7_1735921887314_jpg.rf.b51937cb52fba5500b331a2cfef54723.png,12,97.8,264.3,Normal,118.79,108.0,101.0,112.0,0,0,0,1
C4R7_1735921887314_jpg.rf.b51937cb52fba5500b331a2cfef54723.png,13,223.3,265.6,Normal,154.6,138.0,132.0,143.0,0,0,0,1
C4R7_1735921887314_jpg.rf.b51937cb52fba5500b331a2cfef54723.png,14,314.4,248.7,Normal,103.16,97.0,89.0,106.0,0,0,0,2
C4R7_1735921887314_jpg.rf.b51937cb52fba5500b331a2cfef54723.png,15,364.4,243.9,Normal,146.57,135.0,129.0,145.0,0,0,0,7
C4R7_1735921887314_jpg.rf.b51937cb52fba5500b331a2cfef54723.png,16,407.8,236.2,Normal,60.28,68.0,66.0,80.0,0,0,0,2
C4R7_1735921887314_jpg.rf.b51937cb52fba5500b331a2cfef54723.png,17,437.8,239.9,Sem Hipocótilo,115.77,114.0,108.0,115.0,0,0,0,0
C4R7_1735921887314_jpg.rf.b51937cb52fba5500b331a2cfef54723.png,18,471.6,254.0,Normal,118.64,112.0,108.0,121.0,0,0,0,7
C4R7_1735921887314_jpg.rf.b51937cb52fba5500b331a2cfef54723.png,19,524.9,270.2,Sem Raiz,20.0,23.0,21.0,28.0,0,0,0,4
C4R7_1735921887314_jpg.rf.b51937cb52fba5500b331a2cfef54723.png,20,572.2,209.5,Normal,184.96,164.0,158.0,174.0,0,0,0,3
C4R7_1735921887314_jpg.rf.b51937cb52fba5500b331a2cfef54723.png,21,586.0,245.4,Normal,89.26,80.0,70.0,82.0,0,0,0,3
C4R7_1735921887314_jpg.rf.b51937cb52fba5500b331a2cfef54723.png,22,90.9,328.3,Normal,30.34,28.0,19.0,36.0,0,0,0,3
C4R7_1735921887314_jpg.rf.b51937cb52fba5500b331a2cfef54723.png,23,168.1,295.5,Normal,61.33,57.0,46.0,59.0,0,0,0,0
C4R7_1735921887314_jpg.rf.b51937cb52fba5500b331a2cfef54723.png,24,193.7,292.9,Normal,75.58,68.0,63.0,81.0,0,0,0,2
C4R7_1735921887314_jpg.rf.b51937cb52fba5500b331a2cfef54723.png,25,251.1,298.1,Normal,137.93,127.0,124.0,134.0,0,3,0,4
C4R7_1735921887314_jpg.rf.b51937cb52fba5500b331a2cfef54723.png,26,293.3,357.9,Normal,159.47,150.0,147.0,157.0,0,0,0,4
C4R7_1735921887314_jpg.rf.b51937cb52fba5500b331a2cfef54723.png,27,337.1,343.1,Normal,113.47,106.0,103.0,109.0,0,0,0,0
C4R7_1735921887314_jpg.rf.b51937cb52fba5500b331a2cfef54723.png,28,393.8,316.8,Normal,151.95,139.0,136.0,144.0,0,0,0,2
C4R7_1735921887314_jpg.rf.b51937cb52fba5500b331a2cfef54723.png,29,496.8,307.5,Normal,109.92,105.0,94.0,109.0,0,1,0,5
C4R7_1735921887314_jpg.rf.b51937cb52fba5500b331a2cfef54723.png,30,537.2,317.0,Sem Hipocótilo,49.41,44.0,40.0,47.0,0,0,0,2
C4R7_1735921887314_jpg.rf.b51937cb52fba5500b331a2cfef54723.png,31,609.3,324.7,Sem Raiz,11.75,25.0,25.0,26.0,0,8,5,3
C4R7_1735921887314_jpg.rf.b51937cb52fba5500b331a2cfef54723.png,32,145.4,421.0,Normal,135.22,138.0,131.0,144.0,1,1,0,4
C4R7_1735921887314_jpg.rf.b51937cb52fba5500b331a2cfef54723.png,33,221.7,402.9,Normal,106.04,104.0,94.0,106.0,3,3,3,3
C4R7_1735921887314_jpg.rf.b51937cb52fba5500b331a2cfef54723.png,34,312.7,396.4,Sem Raiz,13.68,19.0,22.0,22.0,0,3,1,3
C4R7_1735921887314_jpg.rf.b51937cb52fba5500b331a2cfef54723.png,35,376.7,400.8,Normal,111.97,101.0,95.0,105.0,0,0,0,1
C4R7_1735921887314_jpg.rf.b51937cb52fba5500b331a2cfef54723.png,36,413.2,386.1,Normal,150.31,144.0,138.0,154.0,0,0,0,5
C4R7_1735921887314_jpg.rf.b51937cb52fba5500b331a2cfef54723.png,37,448.4,405.2,Normal,103.07,102.0,91.0,106.0,0,4,0,2
C4R7_1735921887314_jpg.rf.b51937cb52fba5500b331a2cfef54723.png,38,488.3,371.3,Normal,92.42,91.0,83.0,94.0,7,10,0,6
C4R7_1735921887314_jpg.rf.b51937cb52fba5500b331a2cfef54723.png,39,610.7,399.4,Sem Hipocótilo,116.22,113.0,108.0,114.0,0,4,0,1
C4R7_1735921887314_jpg.rf.b51937cb52fba5500b331a2cfef54723.png,40,118.0,448.1,Normal,96.61,101.0,96.0,107.0,0,3,0,2
C4R7_1735921887314_jpg.rf.b51937cb52fba5500b331a2cfef54723.png,41,171.8,464.9,Normal,35.29,33.0,26.0,39.0,0,0,0,2
C4R7_1735921887314_jpg.rf.b51937cb52fba5500b331a2cfef54723.png,42,191.7,441.8,Normal,83.15,89.0,76.0,92.0,0,8,0,2
C4R7_1735921887314_jpg.rf.b51937cb52fba5500b331a2cfef54723.png,43,218.7,498.8,Normal,34.2,31.0,31.0,42.0,0,0,0,3
C4R7_1735921887314_jpg.rf.b51937cb52fba5500b331a2cfef54723.png,44,264.2,456.2,Normal,83.96,85.0,76.0,92.0,0,4,0,3
C4R7_1735921887314_jpg.rf.b51937cb52fba5500b331a2cfef54723.png,45,320.5,470.3,Sem Hipocótilo,101.29,99.0,96.0,101.0,0,0,0,1
C4R7_1735921887314_jpg.rf.b51937cb52fba5500b331a2cfef54723.png,46,367.6,479.0,Normal,121.03,114.0,111.0,119.0,0,0,0,3
C4R7_1735921887314_jpg.rf.b51937cb52fba5500b331a2cfef54723.png,47,484.4,481.5,Normal,120.58,115.0,110.0,123.0,0,0,0,6
C4R7_1735921887314_jpg.rf.b51937cb52fba5500b331a2cfef54723.png,48,524.7,518.2,Normal,102.6,99.0,94.0,109.0,0,0,0,4
C4R7_1735921887314_jpg.rf.b51937cb52fba5500b331a2cfef54723.png,49,541.1,442.1,Normal,119.02,111.0,107.0,119.0,0,0,0,6
C4R7_1735921887314_jpg.rf.b51937cb52fba5500b331a2cfef54723.png,50,584.2,465.4,Normal,171.24,171.0,159.0,180.0,4,4,0,5
C4R8_1735921887297_jpg.rf.30065ab6b270748be4824e6c829c205d.png,1,142.5,180.7,Normal,115.38,112.0,103.0,114.0,0,4,0,1
C4R8_1735921887297_jpg.rf.30065ab6b270748be4824e6c829c205d.png,2,181.3,153.6,Normal,152.19,146.0,141.0,150.0,0,1,0,2
C4R8_1735921887297_jpg.rf.30065ab6b270748be4824e6c829c205d.png,3,253.6,151.4,Normal,74.56,72.0,69.0,82.0,2,5,0,5
C4R8_1735921887297_jpg.rf.30065ab6b270748be4824e6c829c205d.png,4,309.7,187.0,Normal,125.09,116.0,112.0,125.0,0,0,0,4
C4R8_1735921887297_jpg.rf.30065ab6b270748be4824e6c829c205d.png,5,370.6,140.5,Normal,28.7,29.0,22.0,34.0,0,4,0,3
C4R8_1735921887297_jpg.rf.30065ab6b270748be4824e6c829c205d.png,6,400.9,146.4,Normal,125.44,120.0,118.0,127.0,0,0,0,2
C4R8_1735921887297_jpg.rf.30065ab6b270748be4824e6c829c205d.png,7,420.0,188.3,Normal,132.67,125.0,120.0,133.0,0,3,0,6
C4R8_1735921887297_jpg.rf.30065ab6b270748be4824e6c829c205d.png,8,489.2,136.2,Normal,50.52,47.0,43.0,57.0,0,0,0,6
C4R8_1735921887297_jpg.rf.30065ab6b270748be4824e6c829c205d.png,9,521.3,186.2,Normal,120.86,126.0,125.0,145.0,4,10,6,11
C4R8_1735921887297_jpg.rf.30065ab6b270748be4824e6c829c205d.png,10,560.2,199.4,Normal,113.91,113.0,106.0,119.0,4,5,0,6
C4R8_1735921887297_jpg.rf.30065ab6b270748be4824e6c829c205d.png,11,101.7,217.4,Normal,147.42,139.0,132.0,146.0,0,0,0,3
C4R8_1735921887297_jpg.rf.30065ab6b270748be4824e6c829c205d.png,12,212.1,242.8,Normal,143.93,136.0,130.0,142.0,0,0,0,0
C4R8_1735921887297_jpg.rf.30065ab6b270748be4824e6c829c205d.png,13,284.8,219.4,Normal,114.08,106.0,99.0,110.0,0,0,0,0
C4R8_1735921887297_jpg.rf.30065ab6b270748be4824e6c829c205d.png,14,372.9,225.4,Normal,41.7,38.0,30.0,45.0,0,0,0,3
C4R8_1735921887297_jpg.rf.30065ab6b270748be4824e6c829c205d.png,15,441.8,210.2,Normal,122.17,112.0,112.0,119.0,0,0,0,3
C4R8_1735921887297_jpg.rf.30065ab6b270748be4824e6c829c205d.png,16,483.7,273.6,Normal,213.97,195.0,193.0,201.0,0,0,0,1
C4R8_1735921887297_jpg.rf.30065ab6b270748be4824e6c829c205d.png,17,76.1,356.0,Normal,122.86,132.0,134.0,144.0,1,8,6,9
C4R8_1735921887297_jpg.rf.30065ab6b270748be4824e6c829c205d.png,18,121.3,285.9,Normal,127.46,119.0,109.0,126.0,0,0,0,2
C4R8_1735921887297_jpg.rf.30065ab6b270748be4824e6c829c205d.png,19,146.8,311.5,Normal,165.6,150.0,139.0,152.0,0,0,0,0
C4R8_1735921887297_jpg.rf.30065ab6b270748be4824e6c829c205d.png,20,197.9,325.0,Normal,87.54,86.0,70.0,88.0,0,7,0,4
C4R8_1735921887297_jpg.rf.30065ab6b270748be4824e6c829c205d.png,21,249.6,299.4,Normal,130.25,123.0,114.0,127.0,0,0,0,2
C4R8_1735921887297_jpg.rf.30065ab6b270748be4824e6c829c205d.png,22,290.3,342.1,Normal,53.5,50.0,47.0,59.0,0,0,0,1
C4R8_1735921887297_jpg.rf.30065ab6b270748be4824e6c829c205d.png,23,330.5,280.9,Normal,181.38,172.0,169.0,181.0,0,0,0,9
C4R8_1735921887297_jpg.rf.30065ab6b270748be4824e6c829c205d.png,24,384.9,318.6,Normal,142.43,138.0,134.0,142.0,0,0,0,3
C4R8_1735921887297_jpg.rf.30065ab6b270748be4824e6c829c205d.png,25,427.9,329.4,Normal,167.15,153.0,149.0,157.0,0,0,0,0
C4R8_1735921887297_jpg.rf.30065ab6b270748be4824e6c829c205d.png,26,522.0,334.6,Normal,119.56,109.0,109.0,120.0,0,0,0,9
C4R8_1735921887297_jpg.rf.30065ab6b270748be4824e6c829c205d.png,27,557.7,291.1,Sem Raiz,19.5,17.0,17.0,21.0,0,0,0,0
C4R8_1735921887297_jpg.rf.30065ab6b270748be4824e6c829c205d.png,28,583.6,282.5,Normal,175.28,170.0,158.0,176.0,0,3,0,3
C4R8_1735921887297_jpg.rf.30065ab6b270748be4824e6c829c205d.png,29,609.0,285.6,Normal,34.51,31.0,24.0,41.0,0,0,0,4
C4R8_1735921887297_jpg.rf.30065ab6b270748be4824e6c829c205d.png,30,122.7,420.8,Normal,126.09,119.0,111.0,126.0,0,0,0,4
C4R8_1735921887297_jpg.rf.30065ab6b270748be4824e6c829c205d.png,31,169.0,431.3,Normal,135.26,130.0,128.0,139.0,0,0,0,7
C4R8_1735921887297_jpg.rf.30065ab6b270748be4824e6c829c205d.png,32,235.6,376.9,Normal,101.07,96.0,92.0,105.0,0,0,0,2
C4R8_1735921887297_jpg.rf.30065ab6b270748be4824e6c829c205d.png,33,332.0,407.8,Sem Raiz,14.51,14.0,14.0,19.0,0,0,0,3
C4R8_1735921887297_jpg.rf.30065ab6b270748be4824e6c829c205d.png,34,355.2,417.1,Normal,153.14,152.0,144.0,156.0,0,4,0,2
C4R8_1735921887297_jpg.rf.30065ab6b270748be4824e6c829c205d.png,35,410.9,432.3,Normal,101.28,96.0,89.0,104.0,0,0,0,3
C4R8_1735921887297_jpg.rf.30065ab6b270748be4824e6c829c205d.png,36,454.3,380.4,Normal,169.97,162.0,157.0,167.0,0,0,0,1
C4R8_1735921887297_jpg.rf.30065ab6b270748be4824e6c829c205d.png,37,557.1,380.3,Normal,114.46,112.0,103.0,113.0,0,3,0,1
C4R8_1735921887297_jpg.rf.30065ab6b270748be4824e6c829c205d.png,38,593.0,424.8,Normal,58.34,57.0,49.0,67.0,0,3,0,7
C4R8_1735921887297_jpg.rf.30065ab6b270748be4824e6c829c205d.png,39,81.9,506.4,Normal,107.48,106.0,99.0,105.0,4,5,0,3
C4R8_1735921887297_jpg.rf.30065ab6b270748be4824e6c829c205d.png,40,136.1,510.1,Normal,61.97,54.0,51.0,60.0,0,0,0,1
C4R8_1735921887297_jpg.rf.30065ab6b270748be4824e6c829c205d.png,41,209.5,441.3,Normal,132.24,122.0,114.0,127.0,0,0,0,1
C4R8_1735921887297_jpg.rf.30065ab6b270748be4824e6c829c205d.png,42,223.1,516.2,Sem Hipocótilo,74.21,66.0,63.0,69.0,0,0,0,3
C4R8_1735921887297_jpg.rf.30065ab6b270748be4824e6c829c205d.png,43,240.3,456.8,Sem Raiz,35.08,31.0,27.0,34.0,0,0,0,0
C4R8_1735921887297_jpg.rf.30065ab6b270748be4824e6c829c205d.png,44,277.5,458.0,Normal,92.48,90.0,80.0,93.0,0,3,0,1
C4R8_1735921887297_jpg.rf.30065ab6b270748be4824e6c829c205d.png,45,321.3,472.9,Sem Hipocótilo,113.04,109.0,107.0,113.0,0,3,0,1
C4R8_1735921887297_jpg.rf.30065ab6b270748be4824e6c829c205d.png,46,386.9,476.2,Normal,99.1,110.0,101.0,118.0,3,21,12,15
C4R8_1735921887297_jpg.rf.30065ab6b270748be4824e6c829c205d.png,47,450.6,488.9,Sem Hipocótilo,20.75,40.0,40.0,42.0,0,4,3,4
C4R8_1735921887297_jpg.rf.30065ab6b270748be4824e6c829c205d.png,48,476.3,497.7,Normal,154.02,149.0,136.0,155.0,0,4,0,5
C4R8_1735921887297_jpg.rf.30065ab6b270748be4824e6c829c205d.png,49,522.1,459.0,Normal,141.88,131.0,125.0,141.0,0,0,0,6
C4R8_1735921887297_jpg.rf.30065ab6b270748be4824e6c829c205d.png,50,558.3,496.7,Normal,127.55,124.0,117.0,130.0,0,1,0,2
C4R8_1735921887297_jpg.rf.30065ab6b270748be4824e6c829c205d.png,51,292.9,523.3,Normal,74.3,70.0,64.0,75.0,0,0,0,1
C4R9_1735921887283_jpg.rf.32218986d1557179fed8a8572549e182.png,1,65.4,133.2,Normal,103.75,97.0,92.0,100.0,4,4,0,1
C4R9_1735921887283_jpg.rf.32218986d1557179fed8a8572549e182.png,2,113.2,122.4,Normal,52.83,49.0,43.0,55.0,0,0,0,2
C4R9_1735921887283_jpg.rf.32218986d1557179fed8a8572549e182.png,3,197.5,184.0,Normal,127.83,129.0,120.0,138.0,0,3,0,9
C4R9_1735921887283_jpg.rf.32218986d1557179fed8a8572549e182.png,4,237.0,167.6,Normal,152.04,138.0,132.0,148.0,0,0,0,10
C4R9_1735921887283_jpg.rf.32218986d1557179fed8a8572549e182.png,5,267.1,157.7,Normal,92.34,87.0,82.0,90.0,0,0,0,0
C4R9_1735921887283_jpg.rf.32218986d1557179fed8a8572549e182.png,6,336.1,175.7,Normal,180.13,173.0,167.0,180.0,0,0,0,4
C4R9_1735921887283_jpg.rf.32218986d1557179fed8a8572549e182.png,7,369.7,150.8,Normal,81.42,75.0,67.0,79.0,0,0,0,3
C4R9_1735921887283_jpg.rf.32218986d1557179fed8a8572549e182.png,8,400.5,189.7,Normal,181.14,173.0,162.0,176.0,0,1,0,3
C4R9_1735921887283_jpg.rf.32218986d1557179fed8a8572549e182.png,9,432.4,187.1,Sem Hipocótilo,61.39,61.0,59.0,62.0,0,0,0,0
C4R9_1735921887283_jpg.rf.32218986d1557179fed8a8572549e182.png,10,445.5,138.3,Sem Raiz,28.75,29.0,25.0,35.0,2,4,0,2
C4R9_1735921887283_jpg.rf.32218986d1557179fed8a8572549e182.png,11,551.0,171.0,Sem Raiz,48.03,45.0,43.0,55.0,0,0,0,2
C4R9_1735921887283_jpg.rf.32218986d1557179fed8a8572549e182.png,12,586.7,187.6,Normal,132.96,126.0,117.0,129.0,3,3,0,6
C4R9_1735921887283_jpg.rf.32218986d1557179fed8a8572549e182.png,13,94.8,220.7,Normal,128.13,121.0,117.0,131.0,0,0,0,4
C4R9_1735921887283_jpg.rf.32218986d1557179fed8a8572549e182.png,14,147.6,203.4,Normal,147.62,136.0,133.0,144.0,0,0,0,4
C4R9_1735921887283_jpg.rf.32218986d1557179fed8a8572549e182.png,15,175.3,266.1,Normal,70.1,68.0,60.0,70.0,0,3,0,0
C4R9_1735921887283_jpg.rf.32218986d1557179fed8a8572549e182.png,16,279.1,261.1,Normal,30.65,35.0,26.0,42.0,3,6,3,7
C4R9_1735921887283_jpg.rf.32218986d1557179fed8a8572549e182.png,17,302.3,223.1,Normal,190.81,182.0,175.0,187.0,0,0,0,4
C4R9_1735921887283_jpg.rf.32218986d1557179fed8a8572549e182.png,18,357.7,252.6,Normal,130.29,111.0,109.0,121.0,0,0,0,4
C4R9_1735921887283_jpg.rf.32218986d1557179fed8a8572549e182.png,19,412.0,277.9,Normal,99.42,90.0,85.0,96.0,0,0,0,4
C4R9_1735921887283_jpg.rf.32218986d1557179fed8a8572549e182.png,20,455.6,225.8,Normal,151.19,141.0,137.0,149.0,1,3,0,4
C4R9_1735921887283_jpg.rf.32218986d1557179fed8a8572549e182.png,21,499.5,202.9,Normal,123.92,112.0,104.0,119.0,0,0,0,2
C4R9_1735921887283_jpg.rf.32218986d1557179fed8a8572549e182.png,22,529.3,215.5,Sem Hipocótilo,34.93,30.0,30.0,33.0,0,0,0,0
C4R9_1735921887283_jpg.rf.32218986d1557179fed8a8572549e182.png,23,547.0,229.3,Sem Raiz,36.47,41.0,32.0,46.0,0,3,0,1
C4R9_1735921887283_jpg.rf.32218986d1557179fed8a8572549e182.png,24,70.9,300.2,Normal,143.82,129.0,122.0,133.0,0,0,0,1
C4R9_1735921887283_jpg.rf.32218986d1557179fed8a8572549e182.png,25,117.9,303.1,Normal,58.68,65.0,56.0,76.0,1,1,1,7
C4R9_1735921887283_jpg.rf.32218986d1557179fed8a8572549e182.png,26,143.4,347.7,Normal,126.11,119.0,114.0,126.0,0,0,0,2
C4R9_1735921887283_jpg.rf.32218986d1557179fed8a8572549e182.png,27,224.0,309.9,Normal,122.31,115.0,106.0,124.0,0,0,0,5
C4R9_1735921887283_jpg.rf.32218986d1557179fed8a8572549e182.png,28,258.2,328.8,Normal,133.68,121.0,116.0,130.0,0,0,0,4
C4R9_1735921887283_jpg.rf.32218986d1557179fed8a8572549e182.png,29,476.2,348.7,Normal,102.12,102.0,96.0,112.0,4,4,1,6
C4R9_1735921887283_jpg.rf.32218986d1557179fed8a8572549e182.png,30,511.6,323.0,Normal,100.02,92.0,86.0,101.0,0,0,0,6
C4R9_1735921887283_jpg.rf.32218986d1557179fed8a8572549e182.png,31,555.1,296.1,Sem Hipocótilo,75.7,73.0,70.0,74.0,0,0,0,1
C4R9_1735921887283_jpg.rf.32218986d1557179fed8a8572549e182.png,32,47.9,394.0,Normal,133.09,120.0,120.0,129.0,0,0,0,2
C4R9_1735921887283_jpg.rf.32218986d1557179fed8a8572549e182.png,33,90.4,423.4,Normal,78.39,77.0,67.0,80.0,0,0,0,1
C4R9_1735921887283_jpg.rf.32218986d1557179fed8a8572549e182.png,34,99.0,369.4,Sem Raiz,15.47,18.0,21.0,26.0,0,9,5,8
C4R9_1735921887283_jpg.rf.32218986d1557179fed8a8572549e182.png,35,164.9,419.2,Normal,164.46,156.0,149.0,166.0,0,0,0,4
C4R9_1735921887283_jpg.rf.32218986d1557179fed8a8572549e182.png,36,202.3,389.5,Normal,59.84,58.0,48.0,66.0,0,0,0,3
C4R9_1735921887283_jpg.rf.32218986d1557179fed8a8572549e182.png,37,264.9,408.1,Normal,94.39,88.0,85.0,95.0,0,3,0,3
C4R9_1735921887283_jpg.rf.32218986d1557179fed8a8572549e182.png,38,302.9,389.1,Normal,182.29,172.0,166.0,178.0,3,3,0,4
C4R9_1735921887283_jpg.rf.32218986d1557179fed8a8572549e182.png,39,392.7,400.3,Normal,161.06,153.0,149.0,168.0,0,6,2,11
C4R9_1735921887283_jpg.rf.32218986d1557179fed8a8572549e182.png,40,435.0,360.9,Sem Raiz,32.4,32.0,27.0,37.0,0,0,0,1
C4R9_1735921887283_jpg.rf.32218986d1557179fed8a8572549e182.png,41,445.4,417.4,Sem Hipocótilo,60.76,59.0,59.0,60.0,0,0,0,0
C4R9_1735921887283_jpg.rf.32218986d1557179fed8a8572549e182.png,42,501.6,417.4,Normal,102.82,106.0,96.0,108.0,1,5,0,7
C4R9_1735921887283_jpg.rf.32218986d1557179fed8a8572549e182.png,43,537.0,427.8,Normal,129.28,120.0,115.0,124.0,0,0,0,2
C4R9_1735921887283_jpg.rf.32218986d1557179fed8a8572549e182.png,44,584.7,386.7,Normal,154.16,149.0,142.0,161.0,2,2,0,4
C4R9_1735921887283_jpg.rf.32218986d1557179fed8a8572549e182.png,45,62.8,485.8,Normal,94.03,99.0,91.0,107.0,4,4,1,3
C4R9_1735921887283_jpg.rf.32218986d1557179fed8a8572549e182.png,46,115.1,486.5,Normal,66.89,65.0,52.0,70.0,3,3,0,7
C4R9_1735921887283_jpg.rf.32218986d1557179fed8a8572549e182.png,47,199.3,470.7,Normal,59.24,52.0,46.0,57.0,0,0,0,0
C4R9_1735921887283_jpg.rf.32218986d1557179fed8a8572549e182.png,48,249.4,482.0,Normal,135.53,134.0,115.0,143.0,1,5,0,8
C4R9_1735921887283_jpg.rf.32218986d1557179fed8a8572549e182.png,49,326.9,449.5,Normal,122.83,114.0,111.0,128.0,0,0,0,5
C4R9_1735921887283_jpg.rf.32218986d1557179fed8a8572549e182.png,50,362.4,474.8,Normal,126.72,129.0,121.0,136.0,0,7,1,7
C4R9_1735921887283_jpg.rf.32218986d1557179fed8a8572549e182.png,51,410.0,516.7,Normal,52.43,48.0,43.0,51.0,0,0,0,2
C4R9_1735921887283_jpg.rf.32218986d1557179fed8a8572549e182.png,52,423.5,446.6,Normal,100.27,96.0,90.0,105.0,0,0,0,4
C4R9_1735921887283_jpg.rf.32218986d1557179fed8a8572549e182.png,53,465.5,472.5,Normal,77.64,68.0,66.0,77.0,0,0,0,2
C5R10_1736353085059_jpg.rf.1f5bc994668c9d0c844279c4562d7f4d.png,1,136.2,166.6,Normal,116.78,109.0,102.0,112.0,0,0,0,1
C5R10_1736353085059_jpg.rf.1f5bc994668c9d0c844279c4562d7f4d.png,2,193.6,133.6,Normal,43.54,40.0,40.0,45.0,0,0,0,2
C5R10_1736353085059_jpg.rf.1f5bc994668c9d0c844279c4562d7f4d.png,3,229.3,151.2,Normal,111.31,101.0,95.0,104.0,0,0,0,1
C5R10_1736353085059_jpg.rf.1f5bc994668c9d0c844279c4562d7f4d.png,4,266.4,147.0,Normal,75.13,72.0,69.0,78.0,0,0,0,6
C5R10_1736353085059_jpg.rf.1f5bc994668c9d0c844279c4562d7f4d.png,5,368.3,175.8,Normal,94.04,89.0,81.0,93.0,3,3,0,4
C5R10_1736353085059_jpg.rf.1f5bc994668c9d0c844279c4562d7f4d.png,6,435.0,171.1,Sem Raiz,12.84,14.0,13.0,19.0,0,0,0,1
C5R10_1736353085059_jpg.rf.1f5bc994668c9d0c844279c4562d7f4d.png,7,468.6,170.2,Normal,109.91,105.0,103.0,116.0,0,0,0,6
C5R10_1736353085059_jpg.rf.1f5bc994668c9d0c844279c4562d7f4d.png,8,547.4,185.4,Normal,75.94,75.0,67.0,80.0,4,4,0,6
C5R10_1736353085059_jpg.rf.1f5bc994668c9d0c844279c4562d7f4d.png,9,576.7,148.7,Sem Hipocótilo,38.32,36.0,35.0,37.0,0,0,0,0
C5R10_1736353085059_jpg.rf.1f5bc994668c9d0c844279c4562d7f4d.png,10,173.1,223.4,Normal,96.53,91.0,81.0,97.0,3,3,0,4
C5R10_1736353085059_jpg.rf.1f5bc994668c9d0c844279c4562d7f4d.png,11,206.3,258.8,Normal,53.86,58.0,48.0,58.0,4,4,3,1
C5R10_1736353085059_jpg.rf.1f5bc994668c9d0c844279c4562d7f4d.png,12,243.2,251.6,Sem Hipocótilo,41.31,40.0,38.0,40.0,0,0,0,0
C5R10_1736353085059_jpg.rf.1f5bc994668c9d0c844279c4562d7f4d.png,13,294.6,216.0,Normal,37.75,35.0,30.0,37.0,0,0,0,0
C5R10_1736353085059_jpg.rf.1f5bc994668c9d0c844279c4562d7f4d.png,14,315.3,266.9,Normal,97.9,91.0,80.0,97.0,3,3,0,4
C5R10_1736353085059_jpg.rf.1f5bc994668c9d0c844279c4562d7f4d.png,15,333.6,201.0,Normal,56.16,53.0,49.0,58.0,0,0,0,1
C5R10_1736353085059_jpg.rf.1f5bc994668c9d0c844279c4562d7f4d.png,16,379.1,274.2,Normal,77.82,72.0,64.0,76.0,1,1,0,1
C5R10_1736353085059_jpg.rf.1f5bc994668c9d0c844279c4562d7f4d.png,17,459.5,274.8,Normal,59.11,61.0,55.0,66.0,0,3,0,6
C5R10_1736353085059_jpg.rf.1f5bc994668c9d0c844279c4562d7f4d.png,18,493.3,210.3,Normal,31.6,28.0,25.0,37.0,0,0,0,1
C5R10_1736353085059_jpg.rf.1f5bc994668c9d0c844279c4562d7f4d.png,19,520.3,258.3,Sem Raiz,35.55,40.0,31.0,44.0,1,5,0,3
C5R10_1736353085059_jpg.rf.1f5bc994668c9d0c844279c4562d7f4d.png,20,585.9,265.3,Normal,66.15,61.0,52.0,67.0,0,0,0,3
C5R10_1736353085059_jpg.rf.1f5bc994668c9d0c844279c4562d7f4d.png,21,77.7,318.0,Normal,101.12,95.0,89.0,104.0,0,0,0,7
C5R10_1736353085059_jpg.rf.1f5bc994668c9d0c844279c4562d7f4d.png,22,155.5,339.4,Normal,77.01,87.0,75.0,91.0,0,9,6,8
C5R10_1736353085059_jpg.rf.1f5bc994668c9d0c844279c4562d7f4d.png,23,274.2,286.3,Normal,129.17,121.0,114.0,123.0,0,0,0,3
C5R10_1736353085059_jpg.rf.1f5bc994668c9d0c844279c4562d7f4d.png,24,346.5,356.3,Normal,84.83,83.0,75.0,84.0,1,1,0,1
C5R10_1736353085059_jpg.rf.1f5bc994668c9d0c844279c4562d7f4d.png,25,407.9,295.4,Normal,95.52,94.0,87.0,97.0,0,0,0,1
C5R10_1736353085059_jpg.rf.1f5bc994668c9d0c844279c4562d7f4d.png,26,550.9,353.2,Normal,58.37,54.0,47.0,62.0,0,0,0,4
C5R10_1736353085059_jpg.rf.1f5bc994668c9d0c844279c4562d7f4d.png,27,106.3,433.8,Normal,92.26,89.0,84.0,97.0,3,3,0,6
C5R10_1736353085059_jpg.rf.1f5bc994668c9d0c844279c4562d7f4d.png,28,175.8,434.6,Normal,63.71,57.0,52.0,65.0,0,0,0,2
C5R10_1736353085059_jpg.rf.1f5bc994668c9d0c844279c4562d7f4d.png,29,197.3,372.6,Normal,70.28,67.0,62.0,76.0,0,0,0,5
C5R10_1736353085059_jpg.rf.1f5bc994668c9d0c844279c4562d7f4d.png,30,230.3,435.6,Normal,87.79,79.0,77.0,87.0,0,0,0,1
C5R10_1736353085059_jpg.rf.1f5bc994668c9d0c844279c4562d7f4d.png,31,277.0,399.8,Normal,66.72,62.0,60.0,70.0,0,0,0,1
C5R10_1736353085059_jpg.rf.1f5bc994668c9d0c844279c4562d7f4d.png,32,327.5,403.4,Normal,39.41,35.0,28.0,42.0,0,0,0,4
C5R10_1736353085059_jpg.rf.1f5bc994668c9d0c844279c4562d7f4d.png,33,389.8,401.3,Normal,72.25,64.0,58.0,70.0,0,0,0,2
C5R10_1736353085059_jpg.rf.1f5bc994668c9d0c844279c4562d7f4d.png,34,454.2,398.9,Normal,55.99,56.0,48.0,64.0,0,1,0,2
C5R10_1736353085059_jpg.rf.1f5bc994668c9d0c844279c4562d7f4d.png,35,481.7,383.2,Sem Raiz,21.79,18.0,17.0,24.0,0,0,0,4
C5R10_1736353085059_jpg.rf.1f5bc994668c9d0c844279c4562d7f4d.png,36,520.3,403.1,Normal,109.32,103.0,99.0,114.0,0,0,0,4
C5R10_1736353085059_jpg.rf.1f5bc994668c9d0c844279c4562d7f4d.png,37,267.5,494.3,Normal,25.91,22.0,14.0,28.0,0,0,0,2
C5R10_1736353085059_jpg.rf.1f5bc994668c9d0c844279c4562d7f4d.png,38,360.1,497.4,Normal,32.15,35.0,27.0,41.0,0,1,0,3
C5R10_1736353085059_jpg.rf.1f5bc994668c9d0c844279c4562d7f4d.png,39,386.1,461.8,Sem Raiz,17.59,17.0,18.0,18.0,0,0,0,0
C5R10_1736353085059_jpg.rf.1f5bc994668c9d0c844279c4562d7f4d.png,40,392.7,490.7,Sem Raiz,20.9,24.0,20.0,29.0,0,0,0,4
C5R10_1736353085059_jpg.rf.1f5bc994668c9d0c844279c4562d7f4d.png,41,427.5,490.0,Sem Hipocótilo,29.85,29.0,29.0,29.0,0,0,0,0
C5R10_1736353085059_jpg.rf.1f5bc994668c9d0c844279c4562d7f4d.png,42,538.4,490.5,Normal,103.69,99.0,94.0,107.0,0,0,0,4
C5R10_1736353085059_jpg.rf.1f5bc994668c9d0c844279c4562d7f4d.png,43,571.7,462.7,Sem Raiz,17.83,17.0,13.0,17.0,0,0,0,0
C5R10_1736353085059_jpg.rf.1f5bc994668c9d0c844279c4562d7f4d.png,44,197.7,525.0,Normal,121.67,113.0,108.0,120.0,0,0,0,2
C5R10_1736353085059_jpg.rf.1f5bc994668c9d0c844279c4562d7f4d.png,45,313.0,524.4,Normal,112.4,103.0,101.0,112.0,0,0,0,5
C5R10_1736353085059_jpg.rf.1f5bc994668c9d0c844279c4562d7f4d.png,46,479.1,540.3,Normal,74.33,70.0,59.0,72.0,3,5,0,1
C5R1_1736352971654_jpg.rf.c0f379d234f6f53796422f361d8b9434.png,1,137.8,188.1,Normal,69.63,63.0,55.0,68.0,2,4,0,4
C5R1_1736352971654_jpg.rf.c0f379d234f6f53796422f361d8b9434.png,2,187.3,169.1,Normal,58.62,56.0,54.0,65.0,0,0,0,4
C5R1_1736352971654_jpg.rf.c0f379d234f6f53796422f361d8b9434.png,3,239.8,188.5,Normal,75.22,73.0,70.0,80.0,0,0,0,4
C5R1_1736352971654_jpg.rf.c0f379d234f6f53796422f361d8b9434.png,4,288.2,166.3,Normal,85.76,82.0,74.0,92.0,1,1,0,3
C5R1_1736352971654_jpg.rf.c0f379d234f6f53796422f361d8b9434.png,5,395.8,166.7,Normal,31.51,29.0,26.0,32.0,0,0,0,1
C5R1_1736352971654_jpg.rf.c0f379d234f6f53796422f361d8b9434.png,6,453.2,194.6,Sem Hipocótilo,8.48,9.0,9.0,11.0,0,0,0,0
C5R1_1736352971654_jpg.rf.c0f379d234f6f53796422f361d8b9434.png,7,488.7,159.0,Normal,66.42,63.0,60.0,68.0,0,0,0,6
C5R1_1736352971654_jpg.rf.c0f379d234f6f53796422f361d8b9434.png,8,593.0,165.6,Sem Hipocótilo,19.14,17.0,15.0,19.0,0,0,0,3
C5R1_1736352971654_jpg.rf.c0f379d234f6f53796422f361d8b9434.png,9,184.9,257.6,Normal,41.06,39.0,37.0,51.0,0,0,0,7
C5R1_1736352971654_jpg.rf.c0f379d234f6f53796422f361d8b9434.png,10,340.8,267.7,Normal,54.39,56.0,47.0,59.0,0,3,0,2
C5R1_1736352971654_jpg.rf.c0f379d234f6f53796422f361d8b9434.png,11,449.9,261.2,Normal,68.79,65.0,64.0,71.0,0,0,0,2
C5R1_1736352971654_jpg.rf.c0f379d234f6f53796422f361d8b9434.png,12,510.4,245.0,Normal,71.19,70.0,63.0,73.0,0,0,0,3
C5R1_1736352971654_jpg.rf.c0f379d234f6f53796422f361d8b9434.png,13,549.9,273.6,Normal,100.49,93.0,83.0,99.0,0,0,0,4
C5R1_1736352971654_jpg.rf.c0f379d234f6f53796422f361d8b9434.png,14,138.5,332.7,Normal,43.71,41.0,32.0,44.0,0,0,0,0
C5R1_1736352971654_jpg.rf.c0f379d234f6f53796422f361d8b9434.png,15,173.9,305.4,Normal,36.35,35.0,25.0,41.0,0,0,0,3
C5R1_1736352971654_jpg.rf.c0f379d234f6f53796422f361d8b9434.png,16,297.4,290.9,Normal,93.88,88.0,84.0,93.0,0,0,0,3
C5R1_1736352971654_jpg.rf.c0f379d234f6f53796422f361d8b9434.png,17,341.9,329.1,Sem Raiz,34.17,34.0,27.0,36.0,0,0,0,0
C5R1_1736352971654_jpg.rf.c0f379d234f6f53796422f361d8b9434.png,18,403.9,337.8,Normal,92.61,88.0,82.0,95.0,0,0,0,2
C5R1_1736352971654_jpg.rf.c0f379d234f6f53796422f361d8b9434.png,19,453.2,349.2,Normal,16.54,15.0,13.0,28.0,0,0,0,2
C5R1_1736352971654_jpg.rf.c0f379d234f6f53796422f361d8b9434.png,20,241.1,414.3,Normal,48.96,46.0,38.0,59.0,0,0,0,8
C5R1_1736352971654_jpg.rf.c0f379d234f6f53796422f361d8b9434.png,21,242.7,364.9,Sem Hipocótilo,33.37,33.0,33.0,33.0,0,0,0,0
C5R1_1736352971654_jpg.rf.c0f379d234f6f53796422f361d8b9434.png,22,278.6,381.4,Normal,93.66,89.0,83.0,96.0,3,3,0,3
C5R1_1736352971654_jpg.rf.c0f379d234f6f53796422f361d8b9434.png,23,327.5,414.1,Normal,85.34,82.0,78.0,93.0,0,0,0,12
C5R1_1736352971654_jpg.rf.c0f379d234f6f53796422f361d8b9434.png,24,385.9,412.8,Normal,103.02,97.0,91.0,102.0,0,0,0,2
C5R1_1736352971654_jpg.rf.c0f379d234f6f53796422f361d8b9434.png,25,598.7,404.4,Normal,41.47,37.0,34.0,46.0,0,0,0,1
C5R1_1736352971654_jpg.rf.c0f379d234f6f53796422f361d8b9434.png,26,132.9,519.4,Sem Hipocótilo,14.37,13.0,8.0,17.0,0,0,0,1
C5R1_1736352971654_jpg.rf.c0f379d234f6f53796422f361d8b9434.png,27,141.5,454.6,Normal,45.39,44.0,41.0,50.0,0,0,0,4
C5R1_1736352971654_jpg.rf.c0f379d234f6f53796422f361d8b9434.png,28,189.0,482.3,Normal,64.33,60.0,54.0,67.0,0,0,0,2
C5R1_1736352971654_jpg.rf.c0f379d234f6f53796422f361d8b9434.png,29,230.5,485.0,Sem Raiz,18.35,19.0,12.0,26.0,3,3,0,7
C5R1_1736352971654_jpg.rf.c0f379d234f6f53796422f361d8b9434.png,30,287.2,502.9,Normal,77.88,78.0,70.0,86.0,0,1,0,7
C5R1_1736352971654_jpg.rf.c0f379d234f6f53796422f361d8b9434.png,31,433.5,447.2,Normal,69.7,66.0,60.0,66.0,0,0,0,0
C5R1_1736352971654_jpg.rf.c0f379d234f6f53796422f361d8b9434.png,32,453.7,497.8,Sem Raiz,18.84,23.0,21.0,28.0,3,3,1,2
C5R1_1736352971654_jpg.rf.c0f379d234f6f53796422f361d8b9434.png,33,492.3,479.9,Normal,75.92,72.0,71.0,73.0,0,0,0,0
C5R1_1736352971654_jpg.rf.c0f379d234f6f53796422f361d8b9434.png,34,543.3,448.2,Normal,46.21,47.0,38.0,51.0,2,4,0,2
C5R1_1736352971654_jpg.rf.c0f379d234f6f53796422f361d8b9434.png,35,235.1,529.8,Sem Hipocótilo,54.95,54.0,52.0,58.0,0,0,0,3
C5R1_1736352971654_jpg.rf.c0f379d234f6f53796422f361d8b9434.png,36,327.5,520.2,Normal,49.95,50.0,42.0,55.0,1,1,0,2
C5R1_1736352971654_jpg.rf.c0f379d234f6f53796422f361d8b9434.png,37,453.8,534.0,Sem Hipocótilo,42.63,39.0,36.0,44.0,0,0,0,0
C5R2_1736352971640_jpg.rf.9d89fd3f7249b262456f2df07774081f.png,1,111.4,183.3,Sem Hipocótilo,6.5,7.0,7.0,9.0,0,0,0,0
C5R2_1736352971640_jpg.rf.9d89fd3f7249b262456f2df07774081f.png,2,186.3,120.9,Sem Hipocótilo,22.31,20.0,16.0,22.0,0,0,0,3
C5R2_1736352971640_jpg.rf.9d89fd3f7249b262456f2df07774081f.png,3,238.5,176.9,Normal,82.99,79.0,74.0,88.0,3,3,0,5
C5R2_1736352971640_jpg.rf.9d89fd3f7249b262456f2df07774081f.png,4,280.2,177.1,Normal,52.7,51.0,44.0,59.0,0,0,0,9
C5R2_1736352971640_jpg.rf.9d89fd3f7249b262456f2df07774081f.png,5,341.8,191.1,Normal,17.36,20.0,18.0,26.0,0,0,0,0
C5R2_1736352971640_jpg.rf.9d89fd3f7249b262456f2df07774081f.png,6,373.4,173.1,Normal,79.04,79.0,74.0,91.0,0,1,0,7
C5R2_1736352971640_jpg.rf.9d89fd3f7249b262456f2df07774081f.png,7,430.5,157.6,Normal,57.53,52.0,42.0,58.0,0,0,0,2
C5R2_1736352971640_jpg.rf.9d89fd3f7249b262456f2df07774081f.png,8,484.1,140.5,Normal,70.07,72.0,71.0,82.0,0,1,0,5
C5R2_1736352971640_jpg.rf.9d89fd3f7249b262456f2df07774081f.png,9,539.9,197.1,Sem Hipocótilo,44.67,41.0,36.0,42.0,0,0,0,0
C5R2_1736352971640_jpg.rf.9d89fd3f7249b262456f2df07774081f.png,10,543.3,158.6,Sem Raiz,25.07,22.0,18.0,24.0,0,0,0,0
C5R2_1736352971640_jpg.rf.9d89fd3f7249b262456f2df07774081f.png,11,584.1,149.0,Normal,38.59,34.0,31.0,37.0,0,0,0,1
C5R2_1736352971640_jpg.rf.9d89fd3f7249b262456f2df07774081f.png,12,168.8,203.1,Normal,37.17,35.0,30.0,45.0,0,0,0,3
C5R2_1736352971640_jpg.rf.9d89fd3f7249b262456f2df07774081f.png,13,210.8,268.4,Normal,108.2,102.0,98.0,114.0,0,0,0,7
C5R2_1736352971640_jpg.rf.9d89fd3f7249b262456f2df07774081f.png,14,337.5,269.6,Normal,58.9,56.0,51.0,61.0,0,0,0,2
C5R2_1736352971640_jpg.rf.9d89fd3f7249b262456f2df07774081f.png,15,413.5,239.1,Normal,67.92,78.0,81.0,91.0,0,0,0,5
C5R2_1736352971640_jpg.rf.9d89fd3f7249b262456f2df07774081f.png,16,439.9,249.2,Normal,70.9,64.0,61.0,72.0,0,0,0,6
C5R2_1736352971640_jpg.rf.9d89fd3f7249b262456f2df07774081f.png,17,485.9,241.4,Normal,61.1,58.0,51.0,65.0,0,1,0,2
C5R2_1736352971640_jpg.rf.9d89fd3f7249b262456f2df07774081f.png,18,592.6,247.8,Normal,63.58,61.0,61.0,68.0,0,0,0,1
C5R2_1736352971640_jpg.rf.9d89fd3f7249b262456f2df07774081f.png,19,162.5,302.6,Normal,56.71,55.0,50.0,60.0,0,0,0,1
C5R2_1736352971640_jpg.rf.9d89fd3f7249b262456f2df07774081f.png,20,167.0,352.6,Sem Raiz,24.59,26.0,20.0,32.0,0,0,0,4
C5R2_1736352971640_jpg.rf.9d89fd3f7249b262456f2df07774081f.png,21,273.6,314.5,Normal,36.52,35.0,30.0,41.0,0,3,0,1
C5R2_1736352971640_jpg.rf.9d89fd3f7249b262456f2df07774081f.png,22,378.8,280.3,Sem Raiz,40.22,36.0,34.0,38.0,0,0,0,0
C5R2_1736352971640_jpg.rf.9d89fd3f7249b262456f2df07774081f.png,23,429.7,332.7,Normal,58.47,54.0,42.0,59.0,0,0,0,3
C5R2_1736352971640_jpg.rf.9d89fd3f7249b262456f2df07774081f.png,24,485.8,337.0,Normal,85.28,75.0,70.0,79.0,0,0,0,1
C5R2_1736352971640_jpg.rf.9d89fd3f7249b262456f2df07774081f.png,25,534.3,337.4,Sem Hipocótilo,30.13,27.0,24.0,28.0,0,0,0,0
C5R2_1736352971640_jpg.rf.9d89fd3f7249b262456f2df07774081f.png,26,584.3,345.0,Sem Hipocótilo,21.14,18.0,13.0,21.0,0,0,0,3
C5R2_1736352971640_jpg.rf.9d89fd3f7249b262456f2df07774081f.png,27,118.0,395.9,Normal,75.73,70.0,64.0,71.0,0,0,0,0
C5R2_1736352971640_jpg.rf.9d89fd3f7249b262456f2df07774081f.png,28,206.4,417.4,Normal,78.14,74.0,72.0,82.0,0,7,1,3
C5R2_1736352971640_jpg.rf.9d89fd3f7249b262456f2df07774081f.png,29,231.3,360.3,Normal,85.95,81.0,77.0,88.0,0,0,0,2
C5R2_1736352971640_jpg.rf.9d89fd3f7249b262456f2df07774081f.png,30,271.6,408.0,Normal,58.54,53.0,49.0,57.0,0,0,0,3
C5R2_1736352971640_jpg.rf.9d89fd3f7249b262456f2df07774081f.png,31,333.7,406.9,Normal,70.5,60.0,50.0,65.0,0,0,0,4
C5R2_1736352971640_jpg.rf.9d89fd3f7249b262456f2df07774081f.png,32,393.7,389.4,Normal,68.5,67.0,62.0,77.0,0,1,0,6
C5R2_1736352971640_jpg.rf.9d89fd3f7249b262456f2df07774081f.png,33,435.3,429.0,Normal,82.51,77.0,74.0,84.0,0,0,0,2
C5R2_1736352971640_jpg.rf.9d89fd3f7249b262456f2df07774081f.png,34,479.0,432.7,Normal,93.74,86.0,83.0,94.0,0,0,0,2
C5R2_1736352971640_jpg.rf.9d89fd3f7249b262456f2df07774081f.png,35,579.4,431.8,Normal,70.21,64.0,59.0,69.0,0,0,0,0
C5R2_1736352971640_jpg.rf.9d89fd3f7249b262456f2df07774081f.png,36,162.2,461.9,Normal,56.93,58.0,46.0,60.0,0,3,0,1
C5R2_1736352971640_jpg.rf.9d89fd3f7249b262456f2df07774081f.png,37,205.1,509.4,Normal,88.74,80.0,72.0,89.0,0,0,0,6
C5R2_1736352971640_jpg.rf.9d89fd3f7249b262456f2df07774081f.png,38,257.1,496.8,Normal,91.24,90.0,84.0,96.0,0,0,0,3
C5R2_1736352971640_jpg.rf.9d89fd3f7249b262456f2df07774081f.png,39,320.3,496.4,Normal,77.97,74.0,67.0,77.0,0,0,0,0
C5R2_1736352971640_jpg.rf.9d89fd3f7249b262456f2df07774081f.png,40,393.6,501.1,Normal,97.42,93.0,90.0,104.0,0,0,0,6
C5R2_1736352971640_jpg.rf.9d89fd3f7249b262456f2df07774081f.png,41,433.5,507.9,Sem Hipocótilo,24.91,25.0,25.0,26.0,0,0,0,0
C5R2_1736352971640_jpg.rf.9d89fd3f7249b262456f2df07774081f.png,42,528.4,457.3,Normal,75.84,72.0,61.0,80.0,3,3,0,4
C5R2_1736352971640_jpg.rf.9d89fd3f7249b262456f2df07774081f.png,43,114.9,554.8,Normal,47.91,46.0,44.0,50.0,0,0,0,1
C5R2_1736352971640_jpg.rf.9d89fd3f7249b262456f2df07774081f.png,44,542.8,538.2,Normal,24.56,24.0,23.0,29.0,0,0,0,1
C5R2_1736352971640_jpg.rf.9d89fd3f7249b262456f2df07774081f.png,45,599.4,549.3,Normal,77.5,73.0,66.0,80.0,0,0,0,4
C5R3_1736352971626_jpg.rf.b1baa03bd136da48e3a784431293e458.png,1,108.0,177.1,Normal,36.72,38.0,31.0,45.0,0,1,0,6
C5R3_1736352971626_jpg.rf.b1baa03bd136da48e3a784431293e458.png,2,197.2,192.4,Normal,102.46,95.0,91.0,101.0,0,0,0,1
C5R3_1736352971626_jpg.rf.b1baa03bd136da48e3a784431293e458.png,3,247.7,167.3,Normal,84.43,79.0,76.0,87.0,0,0,0,6
C5R3_1736352971626_jpg.rf.b1baa03bd136da48e3a784431293e458.png,4,324.6,187.7,Normal,85.57,80.0,75.0,86.0,0,0,0,2
C5R3_1736352971626_jpg.rf.b1baa03bd136da48e3a784431293e458.png,5,357.6,171.9,Normal,63.98,58.0,54.0,65.0,0,0,0,1
C5R3_1736352971626_jpg.rf.b1baa03bd136da48e3a784431293e458.png,6,428.3,197.8,Sem Raiz,15.43,17.0,13.0,24.0,0,0,0,6
C5R3_1736352971626_jpg.rf.b1baa03bd136da48e3a784431293e458.png,7,531.8,130.7,Sem Raiz,24.94,21.0,18.0,23.0,0,0,0,0
C5R3_1736352971626_jpg.rf.b1baa03bd136da48e3a784431293e458.png,8,541.7,179.8,Sem Hipocótilo,60.72,59.0,59.0,61.0,0,0,0,1
C5R3_1736352971626_jpg.rf.b1baa03bd136da48e3a784431293e458.png,9,587.6,178.7,Normal,78.77,73.0,69.0,80.0,0,0,0,6
C5R3_1736352971626_jpg.rf.b1baa03bd136da48e3a784431293e458.png,10,222.3,220.0,Sem Raiz,21.84,19.0,18.0,21.0,0,0,0,3
C5R3_1736352971626_jpg.rf.b1baa03bd136da48e3a784431293e458.png,11,277.4,248.6,Normal,84.3,79.0,73.0,88.0,2,2,0,7
C5R3_1736352971626_jpg.rf.b1baa03bd136da48e3a784431293e458.png,12,371.0,226.2,Normal,56.93,54.0,44.0,57.0,3,3,0,1
C5R3_1736352971626_jpg.rf.b1baa03bd136da48e3a784431293e458.png,13,430.5,269.5,Normal,62.92,60.0,55.0,67.0,0,0,0,1
C5R3_1736352971626_jpg.rf.b1baa03bd136da48e3a784431293e458.png,14,475.7,233.3,Normal,47.11,41.0,36.0,47.0,0,0,0,1
C5R3_1736352971626_jpg.rf.b1baa03bd136da48e3a784431293e458.png,15,545.3,243.8,Sem Raiz,33.91,30.0,29.0,33.0,0,0,0,0
C5R3_1736352971626_jpg.rf.b1baa03bd136da48e3a784431293e458.png,16,599.2,278.4,Normal,79.45,77.0,74.0,89.0,0,0,0,6
C5R3_1736352971626_jpg.rf.b1baa03bd136da48e3a784431293e458.png,17,108.3,286.1,Sem Hipocótilo,12.35,15.0,12.0,16.0,0,0,0,0
C5R3_1736352971626_jpg.rf.b1baa03bd136da48e3a784431293e458.png,18,111.3,343.5,Sem Hipocótilo,8.89,9.0,9.0,11.0,0,0,0,0
C5R3_1736352971626_jpg.rf.b1baa03bd136da48e3a784431293e458.png,19,143.7,305.1,Normal,122.49,121.0,113.0,129.0,0,4,0,5
C5R3_1736352971626_jpg.rf.b1baa03bd136da48e3a784431293e458.png,20,207.3,349.7,Normal,80.38,76.0,68.0,83.0,0,3,0,3
C5R3_1736352971626_jpg.rf.b1baa03bd136da48e3a784431293e458.png,21,238.4,329.4,Normal,100.09,93.0,84.0,103.0,0,0,0,8
C5R3_1736352971626_jpg.rf.b1baa03bd136da48e3a784431293e458.png,22,314.9,296.9,Normal,81.57,79.0,78.0,86.0,0,0,0,0
C5R3_1736352971626_jpg.rf.b1baa03bd136da48e3a784431293e458.png,23,438.1,356.3,Normal,56.13,53.0,50.0,63.0,0,0,0,4
C5R3_1736352971626_jpg.rf.b1baa03bd136da48e3a784431293e458.png,24,497.5,304.5,Normal,93.98,88.0,85.0,96.0,0,0,0,2
C5R3_1736352971626_jpg.rf.b1baa03bd136da48e3a784431293e458.png,25,561.4,334.2,Normal,26.46,25.0,18.0,37.0,0,3,0,4
C5R3_1736352971626_jpg.rf.b1baa03bd136da48e3a784431293e458.png,26,108.9,424.4,Sem Hipocótilo,35.94,31.0,27.0,33.0,0,0,0,1
C5R3_1736352971626_jpg.rf.b1baa03bd136da48e3a784431293e458.png,27,170.2,386.7,Normal,84.21,82.0,76.0,87.0,0,0,0,4
C5R3_1736352971626_jpg.rf.b1baa03bd136da48e3a784431293e458.png,28,274.4,361.5,Normal,71.42,67.0,63.0,70.0,0,0,0,1
C5R3_1736352971626_jpg.rf.b1baa03bd136da48e3a784431293e458.png,29,342.7,360.5,Normal,92.52,85.0,77.0,93.0,0,0,0,1
C5R3_1736352971626_jpg.rf.b1baa03bd136da48e3a784431293e458.png,30,436.7,428.5,Normal,39.53,36.0,33.0,45.0,0,0,0,2
C5R3_1736352971626_jpg.rf.b1baa03bd136da48e3a784431293e458.png,31,470.4,404.2,Normal,65.44,65.0,56.0,73.0,0,4,1,8
C5R3_1736352971626_jpg.rf.b1baa03bd136da48e3a784431293e458.png,32,595.3,385.0,Normal,32.85,31.0,28.0,40.0,0,0,0,2
C5R3_1736352971626_jpg.rf.b1baa03bd136da48e3a784431293e458.png,33,99.3,513.8,Sem Hipocótilo,21.72,20.0,16.0,21.0,0,0,0,0
C5R3_1736352971626_jpg.rf.b1baa03bd136da48e3a784431293e458.png,34,166.0,515.3,Normal,126.45,123.0,119.0,133.0,0,0,0,9
C5R3_1736352971626_jpg.rf.b1baa03bd136da48e3a784431293e458.png,35,230.1,445.0,Normal,97.15,90.0,86.0,94.0,0,0,0,1
C5R3_1736352971626_jpg.rf.b1baa03bd136da48e3a784431293e458.png,36,267.9,456.1,Normal,80.05,77.0,71.0,88.0,0,0,0,7
C5R3_1736352971626_jpg.rf.b1baa03bd136da48e3a784431293e458.png,37,312.0,485.7,Normal,126.85,126.0,116.0,130.0,4,6,0,6
C5R3_1736352971626_jpg.rf.b1baa03bd136da48e3a784431293e458.png,38,367.7,475.0,Normal,78.33,74.0,68.0,80.0,0,0,0,2
C5R3_1736352971626_jpg.rf.b1baa03bd136da48e3a784431293e458.png,39,406.7,499.3,Normal,49.92,46.0,39.0,48.0,0,3,0,2
C5R3_1736352971626_jpg.rf.b1baa03bd136da48e3a784431293e458.png,40,514.8,457.7,Normal,71.6,75.0,69.0,84.0,1,1,0,7
C5R3_1736352971626_jpg.rf.b1baa03bd136da48e3a784431293e458.png,41,581.5,474.4,Normal,100.78,95.0,91.0,103.0,0,0,0,2
C5R3_1736352971626_jpg.rf.b1baa03bd136da48e3a784431293e458.png,42,211.6,541.9,Normal,103.82,98.0,95.0,102.0,0,0,0,2
C5R3_1736352971626_jpg.rf.b1baa03bd136da48e3a784431293e458.png,43,261.2,550.0,Normal,24.56,22.0,13.0,28.0,0,0,0,6
C5R3_1736352971626_jpg.rf.b1baa03bd136da48e3a784431293e458.png,44,468.5,536.4,Normal,125.54,110.0,105.0,116.0,0,0,0,4
C5R3_1736352971626_jpg.rf.b1baa03bd136da48e3a784431293e458.png,45,509.3,534.3,Normal,43.71,40.0,37.0,43.0,0,0,0,1
C5R4_1736352971614_jpg.rf.b9b78d3ad19e15afa677a7a1c6c29b04.png,1,190.9,116.7,Sem Hipocótilo,12.52,16.0,13.0,16.0,0,5,0,1
C5R4_1736352971614_jpg.rf.b9b78d3ad19e15afa677a7a1c6c29b04.png,2,228.2,165.4,Normal,65.8,59.0,54.0,65.0,0,0,0,3
C5R4_1736352971614_jpg.rf.b9b78d3ad19e15afa677a7a1c6c29b04.png,3,264.6,175.5,Normal,86.29,80.0,73.0,84.0,0,0,0,1
C5R4_1736352971614_jpg.rf.b9b78d3ad19e15afa677a7a1c6c29b04.png,4,348.4,183.5,Sem Hipocótilo,48.01,45.0,42.0,50.0,0,0,0,0
C5R4_1736352971614_jpg.rf.b9b78d3ad19e15afa677a7a1c6c29b04.png,5,412.1,152.0,Normal,41.28,40.0,34.0,45.0,0,0,0,1
C5R4_1736352971614_jpg.rf.b9b78d3ad19e15afa677a7a1c6c29b04.png,6,442.7,174.8,Sem Raiz,10.5,15.0,18.0,21.0,0,8,6,6
C5R4_1736352971614_jpg.rf.b9b78d3ad19e15afa677a7a1c6c29b04.png,7,472.9,132.1,Normal,82.06,75.0,66.0,76.0,0,0,0,0
C5R4_1736352971614_jpg.rf.b9b78d3ad19e15afa677a7a1c6c29b04.png,8,548.9,157.1,Normal,121.01,118.0,110.0,123.0,0,3,0,6
C5R4_1736352971614_jpg.rf.b9b78d3ad19e15afa677a7a1c6c29b04.png,9,593.4,169.2,Normal,78.36,77.0,73.0,81.0,0,0,0,4
C5R4_1736352971614_jpg.rf.b9b78d3ad19e15afa677a7a1c6c29b04.png,10,119.9,200.2,Normal,84.12,78.0,73.0,86.0,0,0,0,7
C5R4_1736352971614_jpg.rf.b9b78d3ad19e15afa677a7a1c6c29b04.png,11,177.9,231.9,Normal,77.13,80.0,72.0,89.0,4,4,0,7
C5R4_1736352971614_jpg.rf.b9b78d3ad19e15afa677a7a1c6c29b04.png,12,232.1,278.1,Normal,77.68,76.0,73.0,84.0,0,0,0,4
C5R4_1736352971614_jpg.rf.b9b78d3ad19e15afa677a7a1c6c29b04.png,13,273.5,235.2,Normal,84.9,85.0,75.0,90.0,2,5,0,4
C5R4_1736352971614_jpg.rf.b9b78d3ad19e15afa677a7a1c6c29b04.png,14,323.7,226.4,Normal,51.01,46.0,45.0,52.0,0,0,0,0
C5R4_1736352971614_jpg.rf.b9b78d3ad19e15afa677a7a1c6c29b04.png,15,382.1,217.1,Normal,70.16,69.0,64.0,74.0,0,0,0,4
C5R4_1736352971614_jpg.rf.b9b78d3ad19e15afa677a7a1c6c29b04.png,16,428.8,271.1,Normal,85.18,82.0,76.0,87.0,0,0,0,6
C5R4_1736352971614_jpg.rf.b9b78d3ad19e15afa677a7a1c6c29b04.png,17,539.3,256.9,Normal,66.89,64.0,61.0,67.0,0,0,0,3
C5R4_1736352971614_jpg.rf.b9b78d3ad19e15afa677a7a1c6c29b04.png,18,144.9,341.7,Normal,50.28,48.0,41.0,59.0,0,0,0,7
C5R4_1736352971614_jpg.rf.b9b78d3ad19e15afa677a7a1c6c29b04.png,19,189.2,305.7,Sem Raiz,11.33,11.0,13.0,17.0,0,4,1,5
C5R4_1736352971614_jpg.rf.b9b78d3ad19e15afa677a7a1c6c29b04.png,20,279.0,360.0,Normal,66.94,60.0,52.0,63.0,0,0,0,0
C5R4_1736352971614_jpg.rf.b9b78d3ad19e15afa677a7a1c6c29b04.png,21,289.1,293.6,Normal,56.22,52.0,50.0,58.0,0,0,0,6
C5R4_1736352971614_jpg.rf.b9b78d3ad19e15afa677a7a1c6c29b04.png,22,339.8,346.5,Normal,100.41,97.0,95.0,102.0,0,0,0,2
C5R4_1736352971614_jpg.rf.b9b78d3ad19e15afa677a7a1c6c29b04.png,23,398.2,324.2,Normal,106.97,103.0,99.0,104.0,0,0,0,0
C5R4_1736352971614_jpg.rf.b9b78d3ad19e15afa677a7a1c6c29b04.png,24,442.5,343.8,Normal,51.81,53.0,44.0,59.0,0,4,0,6
C5R4_1736352971614_jpg.rf.b9b78d3ad19e15afa677a7a1c6c29b04.png,25,507.7,325.1,Normal,57.85,56.0,52.0,64.0,0,0,0,2
C5R4_1736352971614_jpg.rf.b9b78d3ad19e15afa677a7a1c6c29b04.png,26,547.2,353.0,Sem Hipocótilo,26.16,24.0,21.0,25.0,0,0,0,0
C5R4_1736352971614_jpg.rf.b9b78d3ad19e15afa677a7a1c6c29b04.png,27,574.5,329.9,Sem Hipocótilo,20.17,16.0,15.0,21.0,0,0,0,1
C5R4_1736352971614_jpg.rf.b9b78d3ad19e15afa677a7a1c6c29b04.png,28,595.6,281.8,Normal,50.62,46.0,40.0,53.0,0,0,0,6
C5R4_1736352971614_jpg.rf.b9b78d3ad19e15afa677a7a1c6c29b04.png,29,201.4,385.6,Normal,65.86,59.0,52.0,65.0,0,0,0,2
C5R4_1736352971614_jpg.rf.b9b78d3ad19e15afa677a7a1c6c29b04.png,30,238.3,438.2,Normal,107.9,100.0,90.0,105.0,0,3,0,4
C5R4_1736352971614_jpg.rf.b9b78d3ad19e15afa677a7a1c6c29b04.png,31,291.4,434.3,Sem Hipocótilo,32.04,27.0,23.0,28.0,0,0,0,0
C5R4_1736352971614_jpg.rf.b9b78d3ad19e15afa677a7a1c6c29b04.png,32,377.3,406.1,Normal,88.09,91.0,81.0,100.0,0,3,0,5
C5R4_1736352971614_jpg.rf.b9b78d3ad19e15afa677a7a1c6c29b04.png,33,435.9,421.7,Normal,91.13,85.0,78.0,94.0,1,1,0,2
C5R4_1736352971614_jpg.rf.b9b78d3ad19e15afa677a7a1c6c29b04.png,34,477.0,421.0,Normal,111.07,116.0,111.0,122.0,4,10,3,7
C5R4_1736352971614_jpg.rf.b9b78d3ad19e15afa677a7a1c6c29b04.png,35,524.8,400.6,Normal,40.32,37.0,31.0,43.0,0,0,0,2
C5R4_1736352971614_jpg.rf.b9b78d3ad19e15afa677a7a1c6c29b04.png,36,134.1,464.4,Normal,41.84,38.0,35.0,46.0,0,0,0,4
C5R4_1736352971614_jpg.rf.b9b78d3ad19e15afa677a7a1c6c29b04.png,37,183.3,451.2,Normal,54.39,49.0,47.0,55.0,0,0,0,3
C5R4_1736352971614_jpg.rf.b9b78d3ad19e15afa677a7a1c6c29b04.png,38,322.5,519.4,Normal,64.13,55.0,52.0,66.0,0,0,0,4
C5R4_1736352971614_jpg.rf.b9b78d3ad19e15afa677a7a1c6c29b04.png,39,401.8,500.5,Normal,74.6,66.0,61.0,76.0,0,0,0,5
C5R4_1736352971614_jpg.rf.b9b78d3ad19e15afa677a7a1c6c29b04.png,40,438.9,516.7,Normal,70.94,80.0,67.0,82.0,5,7,0,2
C5R4_1736352971614_jpg.rf.b9b78d3ad19e15afa677a7a1c6c29b04.png,41,501.3,482.1,Normal,72.94,72.0,67.0,84.0,0,0,0,4
C5R4_1736352971614_jpg.rf.b9b78d3ad19e15afa677a7a1c6c29b04.png,42,534.2,497.4,Normal,36.27,31.0,25.0,38.0,0,0,0,2
C5R4_1736352971614_jpg.rf.b9b78d3ad19e15afa677a7a1c6c29b04.png,43,566.6,485.2,Normal,50.13,47.0,41.0,49.0,0,0,0,3
C5R5_1736352971598_jpg.rf.0e8af1a805f8335f4306578ef9191dca.png,1,150.8,154.9,Normal,58.37,50.0,46.0,59.0,0,3,0,4
C5R5_1736352971598_jpg.rf.0e8af1a805f8335f4306578ef9191dca.png,2,268.5,184.8,Normal,78.72,71.0,63.0,79.0,0,0,0,1
C5R5_1736352971598_jpg.rf.0e8af1a805f8335f4306578ef9191dca.png,3,356.6,148.8,Sem Raiz,32.83,31.0,29.0,35.0,0,0,0,0
C5R5_1736352971598_jpg.rf.0e8af1a805f8335f4306578ef9191dca.png,4,471.5,165.2,Normal,78.75,75.0,67.0,83.0,0,1,0,6
C5R5_1736352971598_jpg.rf.0e8af1a805f8335f4306578ef9191dca.png,5,505.6,177.0,Sem Hipocótilo,21.79,20.0,18.0,21.0,0,0,0,0
C5R5_1736352971598_jpg.rf.0e8af1a805f8335f4306578ef9191dca.png,6,581.4,185.6,Normal,77.62,73.0,67.0,76.0,0,0,0,2
C5R5_1736352971598_jpg.rf.0e8af1a805f8335f4306578ef9191dca.png,7,99.1,211.0,Sem Hipocótilo,60.1,62.0,56.0,63.0,0,0,0,1
C5R5_1736352971598_jpg.rf.0e8af1a805f8335f4306578ef9191dca.png,8,142.7,260.4,Normal,92.64,89.0,80.0,92.0,0,0,0,1
C5R5_1736352971598_jpg.rf.0e8af1a805f8335f4306578ef9191dca.png,9,220.0,236.0,Normal,70.25,68.0,62.0,75.0,1,3,0,3
C5R5_1736352971598_jpg.rf.0e8af1a805f8335f4306578ef9191dca.png,10,239.2,238.9,Sem Hipocótilo,16.87,15.0,12.0,18.0,0,0,0,1
C5R5_1736352971598_jpg.rf.0e8af1a805f8335f4306578ef9191dca.png,11,321.8,210.1,Sem Raiz,5.27,9.0,2.0,10.0,2,2,0,0
C5R5_1736352971598_jpg.rf.0e8af1a805f8335f4306578ef9191dca.png,12,357.1,274.1,Normal,78.46,74.0,66.0,79.0,0,0,0,1
C5R5_1736352971598_jpg.rf.0e8af1a805f8335f4306578ef9191dca.png,13,406.7,213.4,Normal,89.56,86.0,78.0,90.0,0,0,0,3
C5R5_1736352971598_jpg.rf.0e8af1a805f8335f4306578ef9191dca.png,14,450.9,256.9,Normal,100.33,96.0,89.0,103.0,0,3,0,6
C5R5_1736352971598_jpg.rf.0e8af1a805f8335f4306578ef9191dca.png,15,503.9,270.7,Normal,56.19,57.0,48.0,65.0,0,1,0,6
C5R5_1736352971598_jpg.rf.0e8af1a805f8335f4306578ef9191dca.png,16,519.9,200.4,Sem Raiz,18.43,19.0,15.0,23.0,0,0,0,1
C5R5_1736352971598_jpg.rf.0e8af1a805f8335f4306578ef9191dca.png,17,547.4,259.3,Normal,59.52,55.0,52.0,57.0,0,0,0,1
C5R5_1736352971598_jpg.rf.0e8af1a805f8335f4306578ef9191dca.png,18,95.4,306.6,Sem Hipocótilo,21.47,20.0,17.0,21.0,0,0,0,0
C5R5_1736352971598_jpg.rf.0e8af1a805f8335f4306578ef9191dca.png,19,171.7,317.1,Normal,57.12,55.0,54.0,61.0,0,0,0,4
C5R5_1736352971598_jpg.rf.0e8af1a805f8335f4306578ef9191dca.png,20,265.0,351.3,Normal,66.94,57.0,53.0,63.0,0,0,0,0
C5R5_1736352971598_jpg.rf.0e8af1a805f8335f4306578ef9191dca.png,21,293.5,289.1,Sem Raiz,35.36,35.0,26.0,41.0,0,0,0,3
C5R5_1736352971598_jpg.rf.0e8af1a805f8335f4306578ef9191dca.png,22,411.5,294.6,Normal,58.99,55.0,49.0,59.0,0,0,0,4
C5R5_1736352971598_jpg.rf.0e8af1a805f8335f4306578ef9191dca.png,23,470.4,340.8,Sem Hipocótilo,42.27,40.0,37.0,41.0,0,0,0,0
C5R5_1736352971598_jpg.rf.0e8af1a805f8335f4306578ef9191dca.png,24,473.7,298.5,Sem Raiz,24.16,22.0,19.0,25.0,0,0,0,0
C5R5_1736352971598_jpg.rf.0e8af1a805f8335f4306578ef9191dca.png,25,532.8,352.3,Sem Raiz,10.35,10.0,12.0,16.0,0,0,0,0
C5R5_1736352971598_jpg.rf.0e8af1a805f8335f4306578ef9191dca.png,26,581.2,340.0,Normal,71.13,68.0,66.0,76.0,0,0,0,2
C5R5_1736352971598_jpg.rf.0e8af1a805f8335f4306578ef9191dca.png,27,96.0,422.8,Sem Hipocótilo,1.0,2.0,4.0,12.0,0,0,0,2
C5R5_1736352971598_jpg.rf.0e8af1a805f8335f4306578ef9191dca.png,28,97.4,371.4,Normal,64.5,58.0,53.0,61.0,0,0,0,1
C5R5_1736352971598_jpg.rf.0e8af1a805f8335f4306578ef9191dca.png,29,157.2,398.3,Normal,78.14,72.0,68.0,81.0,0,0,0,7
C5R5_1736352971598_jpg.rf.0e8af1a805f8335f4306578ef9191dca.png,30,272.6,435.4,Normal,66.44,65.0,58.0,71.0,0,4,0,3
C5R5_1736352971598_jpg.rf.0e8af1a805f8335f4306578ef9191dca.png,31,315.4,378.9,Normal,49.7,50.0,46.0,56.0,0,6,3,2
C5R5_1736352971598_jpg.rf.0e8af1a805f8335f4306578ef9191dca.png,32,373.3,433.6,Normal,39.5,33.0,29.0,36.0,0,0,0,1
C5R5_1736352971598_jpg.rf.0e8af1a805f8335f4306578ef9191dca.png,33,407.4,382.5,Normal,85.01,81.0,77.0,86.0,0,0,0,6
C5R5_1736352971598_jpg.rf.0e8af1a805f8335f4306578ef9191dca.png,34,431.9,437.6,Sem Hipocótilo,39.85,40.0,36.0,46.0,0,0,0,3
C5R5_1736352971598_jpg.rf.0e8af1a805f8335f4306578ef9191dca.png,35,487.7,379.3,Normal,86.22,81.0,78.0,90.0,0,0,0,7
C5R5_1736352971598_jpg.rf.0e8af1a805f8335f4306578ef9191dca.png,36,540.9,391.4,Sem Hipocótilo,45.79,44.0,40.0,45.0,0,0,0,0
C5R5_1736352971598_jpg.rf.0e8af1a805f8335f4306578ef9191dca.png,37,588.3,431.2,Normal,63.08,64.0,51.0,71.0,0,1,0,4
C5R5_1736352971598_jpg.rf.0e8af1a805f8335f4306578ef9191dca.png,38,159.7,489.1,Normal,35.36,31.0,28.0,36.0,0,0,0,4
C5R5_1736352971598_jpg.rf.0e8af1a805f8335f4306578ef9191dca.png,39,224.5,464.6,Normal,61.11,51.0,46.0,53.0,0,0,0,0
C5R5_1736352971598_jpg.rf.0e8af1a805f8335f4306578ef9191dca.png,40,488.5,469.4,Normal,39.39,35.0,22.0,38.0,2,4,0,1
C5R5_1736352971598_jpg.rf.0e8af1a805f8335f4306578ef9191dca.png,41,583.4,503.4,Normal,76.51,74.0,64.0,77.0,1,6,0,2
C5R5_1736352971598_jpg.rf.0e8af1a805f8335f4306578ef9191dca.png,42,120.1,521.0,Sem Hipocótilo,30.58,27.0,26.0,31.0,0,0,0,1
C5R5_1736352971598_jpg.rf.0e8af1a805f8335f4306578ef9191dca.png,43,192.3,539.0,Normal,104.19,94.0,89.0,100.0,0,0,0,2
C5R5_1736352971598_jpg.rf.0e8af1a805f8335f4306578ef9191dca.png,44,245.0,537.8,Normal,61.72,56.0,46.0,61.0,0,4,0,2
C5R5_1736352971598_jpg.rf.0e8af1a805f8335f4306578ef9191dca.png,45,307.4,545.6,Normal,117.57,104.0,101.0,111.0,0,0,0,3
C5R5_1736352971598_jpg.rf.0e8af1a805f8335f4306578ef9191dca.png,46,363.7,524.6,Normal,80.29,78.0,74.0,84.0,0,0,0,2
C5R5_1736352971598_jpg.rf.0e8af1a805f8335f4306578ef9191dca.png,47,415.9,545.2,Normal,87.33,84.0,72.0,88.0,0,3,0,2
C5R6_1736353085125_jpg.rf.c73219ddf0594084236f5b6e28ac308c.png,1,122.5,169.1,Normal,84.61,80.0,73.0,85.0,2,4,0,4
C5R6_1736353085125_jpg.rf.c73219ddf0594084236f5b6e28ac308c.png,2,164.8,121.8,Sem Hipocótilo,20.37,24.0,19.0,25.0,0,0,0,0
C5R6_1736353085125_jpg.rf.c73219ddf0594084236f5b6e28ac308c.png,3,171.5,189.6,Normal,47.58,44.0,39.0,47.0,0,0,0,1
C5R6_1736353085125_jpg.rf.c73219ddf0594084236f5b6e28ac308c.png,4,227.4,167.8,Sem Raiz,13.29,14.0,7.0,19.0,0,0,0,1
C5R6_1736353085125_jpg.rf.c73219ddf0594084236f5b6e28ac308c.png,5,271.3,152.5,Normal,58.19,61.0,49.0,63.0,0,3,0,1
C5R6_1736353085125_jpg.rf.c73219ddf0594084236f5b6e28ac308c.png,6,332.1,162.3,Normal,76.5,73.0,68.0,84.0,0,0,0,5
C5R6_1736353085125_jpg.rf.c73219ddf0594084236f5b6e28ac308c.png,7,368.0,140.9,Normal,77.43,73.0,69.0,78.0,0,0,0,6
C5R6_1736353085125_jpg.rf.c73219ddf0594084236f5b6e28ac308c.png,8,421.5,152.7,Normal,70.24,63.0,58.0,67.0,0,0,0,2
C5R6_1736353085125_jpg.rf.c73219ddf0594084236f5b6e28ac308c.png,9,474.2,140.7,Normal,38.25,36.0,25.0,46.0,0,0,0,5
C5R6_1736353085125_jpg.rf.c73219ddf0594084236f5b6e28ac308c.png,10,518.7,169.4,Normal,39.81,39.0,33.0,46.0,0,0,0,6
C5R6_1736353085125_jpg.rf.c73219ddf0594084236f5b6e28ac308c.png,11,590.5,176.3,Normal,76.81,73.0,70.0,84.0,0,0,0,4
C5R6_1736353085125_jpg.rf.c73219ddf0594084236f5b6e28ac308c.png,12,111.4,252.2,Sem Raiz,18.49,19.0,16.0,21.0,0,0,0,0
C5R6_1736353085125_jpg.rf.c73219ddf0594084236f5b6e28ac308c.png,13,164.5,264.2,Sem Raiz,28.53,32.0,28.0,32.0,0,3,0,0
C5R6_1736353085125_jpg.rf.c73219ddf0594084236f5b6e28ac308c.png,14,215.5,253.6,Normal,62.34,58.0,56.0,66.0,0,0,0,2
C5R6_1736353085125_jpg.rf.c73219ddf0594084236f5b6e28ac308c.png,15,284.4,244.2,Normal,64.43,61.0,51.0,65.0,0,0,0,2
C5R6_1736353085125_jpg.rf.c73219ddf0594084236f5b6e28ac308c.png,16,310.7,216.0,Sem Raiz,30.65,30.0,31.0,37.0,0,0,0,0
C5R6_1736353085125_jpg.rf.c73219ddf0594084236f5b6e28ac308c.png,17,314.7,260.5,Sem Hipocótilo,41.62,38.0,37.0,41.0,0,0,0,3
C5R6_1736353085125_jpg.rf.c73219ddf0594084236f5b6e28ac308c.png,18,397.3,268.7,Normal,130.81,122.0,119.0,129.0,0,0,0,3
C5R6_1736353085125_jpg.rf.c73219ddf0594084236f5b6e28ac308c.png,19,439.0,258.9,Normal,103.88,92.0,87.0,94.0,0,0,0,0
C5R6_1736353085125_jpg.rf.c73219ddf0594084236f5b6e28ac308c.png,20,476.0,218.4,Normal,56.69,53.0,50.0,59.0,0,0,0,1
C5R6_1736353085125_jpg.rf.c73219ddf0594084236f5b6e28ac308c.png,21,526.2,251.5,Normal,76.99,75.0,70.0,87.0,1,1,0,7
C5R6_1736353085125_jpg.rf.c73219ddf0594084236f5b6e28ac308c.png,22,114.4,332.8,Normal,76.37,71.0,68.0,77.0,0,0,0,6
C5R6_1736353085125_jpg.rf.c73219ddf0594084236f5b6e28ac308c.png,23,171.9,316.7,Sem Hipocótilo,56.5,51.0,48.0,53.0,0,0,0,1
C5R6_1736353085125_jpg.rf.c73219ddf0594084236f5b6e28ac308c.png,24,220.2,308.2,Normal,38.16,35.0,32.0,41.0,0,0,0,6
C5R6_1736353085125_jpg.rf.c73219ddf0594084236f5b6e28ac308c.png,25,222.3,346.7,Sem Hipocótilo,36.03,32.0,29.0,34.0,0,0,0,3
C5R6_1736353085125_jpg.rf.c73219ddf0594084236f5b6e28ac308c.png,26,261.2,289.7,Normal,58.4,55.0,49.0,65.0,0,0,0,4
C5R6_1736353085125_jpg.rf.c73219ddf0594084236f5b6e28ac308c.png,27,333.1,341.0,Normal,74.2,72.0,67.0,78.0,0,0,0,2
C5R6_1736353085125_jpg.rf.c73219ddf0594084236f5b6e28ac308c.png,28,375.4,290.4,Sem Hipocótilo,14.86,13.0,12.0,16.0,0,0,0,0
C5R6_1736353085125_jpg.rf.c73219ddf0594084236f5b6e28ac308c.png,29,441.7,355.9,Normal,51.31,50.0,47.0,58.0,0,0,0,2
C5R6_1736353085125_jpg.rf.c73219ddf0594084236f5b6e28ac308c.png,30,491.5,303.9,Normal,105.96,101.0,97.0,105.0,0,0,0,3
C5R6_1736353085125_jpg.rf.c73219ddf0594084236f5b6e28ac308c.png,31,545.7,355.1,Normal,96.99,92.0,88.0,101.0,0,0,0,5
C5R6_1736353085125_jpg.rf.c73219ddf0594084236f5b6e28ac308c.png,32,581.8,329.5,Normal,63.82,61.0,56.0,70.0,0,0,0,5
C5R6_1736353085125_jpg.rf.c73219ddf0594084236f5b6e28ac308c.png,33,123.2,435.4,Normal,84.73,78.0,70.0,81.0,0,0,0,2
C5R6_1736353085125_jpg.rf.c73219ddf0594084236f5b6e28ac308c.png,34,172.9,433.6,Sem Hipocótilo,78.82,78.0,77.0,80.0,0,0,0,1
C5R6_1736353085125_jpg.rf.c73219ddf0594084236f5b6e28ac308c.png,35,177.2,372.5,Sem Raiz,22.27,24.0,16.0,25.0,0,3,0,1
C5R6_1736353085125_jpg.rf.c73219ddf0594084236f5b6e28ac308c.png,36,211.3,406.3,Normal,102.88,99.0,95.0,108.0,0,0,0,9
C5R6_1736353085125_jpg.rf.c73219ddf0594084236f5b6e28ac308c.png,37,281.1,388.0,Normal,79.39,79.0,70.0,87.0,0,4,0,2
C5R6_1736353085125_jpg.rf.c73219ddf0594084236f5b6e28ac308c.png,38,319.6,415.7,Normal,68.4,65.0,62.0,71.0,0,0,0,4
C5R6_1736353085125_jpg.rf.c73219ddf0594084236f5b6e28ac308c.png,39,371.5,381.6,Normal,85.71,81.0,71.0,86.0,0,0,0,5
C5R6_1736353085125_jpg.rf.c73219ddf0594084236f5b6e28ac308c.png,40,413.8,410.1,Normal,103.45,95.0,91.0,103.0,0,0,0,4
C5R6_1736353085125_jpg.rf.c73219ddf0594084236f5b6e28ac308c.png,41,491.6,436.9,Normal,106.82,105.0,94.0,110.0,0,3,0,5
C5R6_1736353085125_jpg.rf.c73219ddf0594084236f5b6e28ac308c.png,42,513.9,413.3,Normal,47.14,43.0,36.0,50.0,3,3,0,4
C5R6_1736353085125_jpg.rf.c73219ddf0594084236f5b6e28ac308c.png,43,583.8,410.2,Normal,70.83,66.0,62.0,71.0,0,0,0,4
C5R6_1736353085125_jpg.rf.c73219ddf0594084236f5b6e28ac308c.png,44,166.4,503.4,Sem Raiz,37.97,39.0,37.0,39.0,0,0,0,3
C5R6_1736353085125_jpg.rf.c73219ddf0594084236f5b6e28ac308c.png,45,283.5,492.3,Normal,117.52,115.0,108.0,123.0,0,3,0,5
C5R6_1736353085125_jpg.rf.c73219ddf0594084236f5b6e28ac308c.png,46,312.1,500.2,Normal,91.21,86.0,80.0,93.0,0,0,0,7
C5R6_1736353085125_jpg.rf.c73219ddf0594084236f5b6e28ac308c.png,47,361.3,493.9,Normal,79.75,83.0,76.0,87.0,1,4,0,4
C5R6_1736353085125_jpg.rf.c73219ddf0594084236f5b6e28ac308c.png,48,463.9,486.0,Normal,105.18,97.0,91.0,107.0,0,0,0,7
C5R6_1736353085125_jpg.rf.c73219ddf0594084236f5b6e28ac308c.png,49,525.4,518.4,Normal,94.84,84.0,81.0,90.0,0,0,0,2
C5R6_1736353085125_jpg.rf.c73219ddf0594084236f5b6e28ac308c.png,50,596.4,497.7,Normal,60.74,58.0,53.0,65.0,0,0,0,3
C5R6_1736353085125_jpg.rf.c73219ddf0594084236f5b6e28ac308c.png,51,131.8,540.2,Normal,34.19,30.0,23.0,36.0,0,0,0,3
C5R6_1736353085125_jpg.rf.c73219ddf0594084236f5b6e28ac308c.png,52,185.3,539.0,Sem Hipocótilo,36.25,34.0,31.0,35.0,0,0,0,1
C5R6_1736353085125_jpg.rf.c73219ddf0594084236f5b6e28ac308c.png,53,223.3,524.1,Normal,113.61,111.0,103.0,116.0,0,7,0,2
C5R7_1736353085110_jpg.rf.d079a6094d87acde86a5c240219a75c8.png,1,132.8,101.2,Sem Raiz,27.16,30.0,30.0,33.0,0,3,0,1
C5R7_1736353085110_jpg.rf.d079a6094d87acde86a5c240219a75c8.png,2,118.5,151.9,Sem Hipocótilo,57.42,57.0,53.0,57.0,0,0,0,0
C5R7_1736353085110_jpg.rf.d079a6094d87acde86a5c240219a75c8.png,3,163.8,126.7,Normal,77.13,74.0,68.0,75.0,0,0,0,0
C5R7_1736353085110_jpg.rf.d079a6094d87acde86a5c240219a75c8.png,4,218.1,129.8,Normal,95.38,91.0,86.0,97.0,0,0,0,4
C5R7_1736353085110_jpg.rf.d079a6094d87acde86a5c240219a75c8.png,5,268.5,166.0,Sem Hipocótilo,27.49,27.0,24.0,28.0,0,0,0,0
C5R7_1736353085110_jpg.rf.d079a6094d87acde86a5c240219a75c8.png,6,276.1,132.5,Sem Raiz,20.8,25.0,22.0,30.0,2,5,0,4
C5R7_1736353085110_jpg.rf.d079a6094d87acde86a5c240219a75c8.png,7,332.3,179.5,Normal,129.0,127.0,121.0,133.0,0,0,0,6
C5R7_1736353085110_jpg.rf.d079a6094d87acde86a5c240219a75c8.png,8,377.9,133.8,Normal,78.1,70.0,67.0,75.0,0,0,0,1
C5R7_1736353085110_jpg.rf.d079a6094d87acde86a5c240219a75c8.png,9,426.6,168.0,Normal,103.27,99.0,93.0,103.0,0,0,0,1
C5R7_1736353085110_jpg.rf.d079a6094d87acde86a5c240219a75c8.png,10,479.5,122.7,Normal,47.71,45.0,42.0,51.0,0,0,0,1
C5R7_1736353085110_jpg.rf.d079a6094d87acde86a5c240219a75c8.png,11,485.4,168.6,Sem Raiz,21.39,19.0,18.0,23.0,0,0,0,3
C5R7_1736353085110_jpg.rf.d079a6094d87acde86a5c240219a75c8.png,12,556.2,169.5,Normal,90.97,85.0,76.0,90.0,0,0,0,1
C5R7_1736353085110_jpg.rf.d079a6094d87acde86a5c240219a75c8.png,13,604.1,132.6,Normal,44.72,42.0,35.0,51.0,0,0,0,2
C5R7_1736353085110_jpg.rf.d079a6094d87acde86a5c240219a75c8.png,14,116.6,250.0,Normal,72.45,72.0,61.0,79.0,0,6,0,6
C5R7_1736353085110_jpg.rf.d079a6094d87acde86a5c240219a75c8.png,15,171.9,208.6,Normal,73.63,65.0,60.0,71.0,0,0,0,5
C5R7_1736353085110_jpg.rf.d079a6094d87acde86a5c240219a75c8.png,16,236.3,271.6,Normal,110.99,108.0,99.0,113.0,0,0,0,1
C5R7_1736353085110_jpg.rf.d079a6094d87acde86a5c240219a75c8.png,17,264.1,267.4,Sem Raiz,16.36,14.0,11.0,20.0,0,0,0,3
C5R7_1736353085110_jpg.rf.d079a6094d87acde86a5c240219a75c8.png,18,278.0,231.0,Sem Hipocótilo,31.23,29.0,24.0,32.0,0,0,0,3
C5R7_1736353085110_jpg.rf.d079a6094d87acde86a5c240219a75c8.png,19,372.8,226.1,Normal,86.2,80.0,77.0,86.0,0,0,0,3
C5R7_1736353085110_jpg.rf.d079a6094d87acde86a5c240219a75c8.png,20,426.7,262.1,Normal,76.42,71.0,63.0,77.0,0,0,0,1
C5R7_1736353085110_jpg.rf.d079a6094d87acde86a5c240219a75c8.png,21,483.7,219.5,Sem Hipocótilo,62.85,60.0,59.0,64.0,0,0,0,1
C5R7_1736353085110_jpg.rf.d079a6094d87acde86a5c240219a75c8.png,22,593.8,227.8,Normal,89.14,81.0,72.0,84.0,0,0,0,3
C5R7_1736353085110_jpg.rf.d079a6094d87acde86a5c240219a75c8.png,23,122.1,352.3,Normal,73.57,74.0,67.0,80.0,0,3,0,4
C5R7_1736353085110_jpg.rf.d079a6094d87acde86a5c240219a75c8.png,24,172.2,299.0,Normal,73.29,67.0,64.0,74.0,0,0,0,2
C5R7_1736353085110_jpg.rf.d079a6094d87acde86a5c240219a75c8.png,25,215.5,353.5,Normal,125.07,130.0,127.0,142.0,1,1,0,6
C5R7_1736353085110_jpg.rf.d079a6094d87acde86a5c240219a75c8.png,26,264.7,301.4,Sem Hipocótilo,29.98,31.0,29.0,36.0,0,0,0,3
C5R7_1736353085110_jpg.rf.d079a6094d87acde86a5c240219a75c8.png,27,306.4,294.5,Normal,81.77,75.0,69.0,79.0,0,0,0,1
C5R7_1736353085110_jpg.rf.d079a6094d87acde86a5c240219a75c8.png,28,347.3,345.0,Normal,64.41,62.0,56.0,67.0,0,0,0,3
C5R7_1736353085110_jpg.rf.d079a6094d87acde86a5c240219a75c8.png,29,387.3,309.9,Normal,80.64,77.0,73.0,84.0,0,0,0,3
C5R7_1736353085110_jpg.rf.d079a6094d87acde86a5c240219a75c8.png,30,485.5,302.3,Normal,48.21,46.0,43.0,49.0,0,0,0,3
C5R7_1736353085110_jpg.rf.d079a6094d87acde86a5c240219a75c8.png,31,522.9,283.5,Normal,70.65,67.0,71.0,80.0,0,5,4,6
C5R7_1736353085110_jpg.rf.d079a6094d87acde86a5c240219a75c8.png,32,548.4,344.3,Normal,27.65,30.0,31.0,46.0,2,8,4,8
C5R7_1736353085110_jpg.rf.d079a6094d87acde86a5c240219a75c8.png,33,559.8,281.9,Normal,106.47,102.0,96.0,106.0,0,0,0,2
C5R7_1736353085110_jpg.rf.d079a6094d87acde86a5c240219a75c8.png,34,265.8,399.1,Normal,92.54,81.0,79.0,90.0,0,0,0,1
C5R7_1736353085110_jpg.rf.d079a6094d87acde86a5c240219a75c8.png,35,332.8,423.6,Normal,44.02,39.0,37.0,45.0,0,0,0,4
C5R7_1736353085110_jpg.rf.d079a6094d87acde86a5c240219a75c8.png,36,374.6,386.5,Normal,53.74,52.0,48.0,59.0,0,0,0,4
C5R7_1736353085110_jpg.rf.d079a6094d87acde86a5c240219a75c8.png,37,491.4,396.4,Normal,81.86,76.0,71.0,88.0,0,0,0,4
C5R7_1736353085110_jpg.rf.d079a6094d87acde86a5c240219a75c8.png,38,600.4,364.4,Sem Raiz,21.78,18.0,17.0,21.0,0,0,0,1
C5R7_1736353085110_jpg.rf.d079a6094d87acde86a5c240219a75c8.png,39,126.5,518.4,Normal,89.29,85.0,79.0,89.0,0,0,0,2
C5R7_1736353085110_jpg.rf.d079a6094d87acde86a5c240219a75c8.png,40,166.8,457.5,Sem Hipocótilo,11.49,11.0,10.0,16.0,0,0,0,3
C5R7_1736353085110_jpg.rf.d079a6094d87acde86a5c240219a75c8.png,41,218.0,441.6,Sem Raiz,38.22,34.0,36.0,45.0,0,4,6,9
C5R7_1736353085110_jpg.rf.d079a6094d87acde86a5c240219a75c8.png,42,279.9,489.2,Normal,85.22,83.0,79.0,87.0,0,0,0,1
C5R7_1736353085110_jpg.rf.d079a6094d87acde86a5c240219a75c8.png,43,328.0,512.7,Normal,90.31,82.0,76.0,89.0,0,0,0,2
C5R7_1736353085110_jpg.rf.d079a6094d87acde86a5c240219a75c8.png,44,372.9,490.3,Normal,58.17,53.0,46.0,59.0,0,0,0,4
C5R7_1736353085110_jpg.rf.d079a6094d87acde86a5c240219a75c8.png,45,439.4,446.9,Normal,113.7,110.0,107.0,115.0,0,0,0,4
C5R7_1736353085110_jpg.rf.d079a6094d87acde86a5c240219a75c8.png,46,487.2,519.3,Normal,76.11,71.0,67.0,78.0,0,0,0,4
C5R7_1736353085110_jpg.rf.d079a6094d87acde86a5c240219a75c8.png,47,521.4,451.6,Normal,114.44,124.0,121.0,134.0,0,8,3,9
C5R7_1736353085110_jpg.rf.d079a6094d87acde86a5c240219a75c8.png,48,551.3,501.9,Normal,77.75,72.0,69.0,78.0,0,0,0,3
C5R7_1736353085110_jpg.rf.d079a6094d87acde86a5c240219a75c8.png,49,594.4,476.5,Normal,109.38,101.0,92.0,105.0,0,0,0,4
C5R7_1736353085110_jpg.rf.d079a6094d87acde86a5c240219a75c8.png,50,196.4,548.6,Sem Raiz,56.89,64.0,62.0,70.0,0,1,0,4
C5R7_1736353085110_jpg.rf.d079a6094d87acde86a5c240219a75c8.png,51,410.5,529.3,Normal,54.3,53.0,44.0,63.0,0,0,0,4
C5R8_1736353085094_jpg.rf.fb9999ce30c4cfb1a99501013dd7baef.png,1,100.0,176.4,Normal,53.73,59.0,52.0,67.0,0,4,0,10
C5R8_1736353085094_jpg.rf.fb9999ce30c4cfb1a99501013dd7baef.png,2,151.9,174.6,Normal,58.16,64.0,56.0,71.0,1,5,0,2
C5R8_1736353085094_jpg.rf.fb9999ce30c4cfb1a99501013dd7baef.png,3,259.9,148.8,Normal,100.17,92.0,91.0,101.0,0,0,0,9
C5R8_1736353085094_jpg.rf.fb9999ce30c4cfb1a99501013dd7baef.png,4,428.2,196.2,Sem Hipocótilo,12.44,12.0,9.0,15.0,0,0,0,3
C5R8_1736353085094_jpg.rf.fb9999ce30c4cfb1a99501013dd7baef.png,5,466.0,173.4,Normal,98.1,91.0,84.0,97.0,0,0,0,2
C5R8_1736353085094_jpg.rf.fb9999ce30c4cfb1a99501013dd7baef.png,6,104.1,267.5,Normal,71.02,68.0,61.0,72.0,0,1,0,2
C5R8_1736353085094_jpg.rf.fb9999ce30c4cfb1a99501013dd7baef.png,7,136.5,242.6,Sem Raiz,10.22,9.0,9.0,17.0,0,0,0,2
C5R8_1736353085094_jpg.rf.fb9999ce30c4cfb1a99501013dd7baef.png,8,227.2,204.9,Normal,95.98,86.0,83.0,91.0,0,0,0,1
C5R8_1736353085094_jpg.rf.fb9999ce30c4cfb1a99501013dd7baef.png,9,284.8,249.4,Normal,99.07,96.0,93.0,104.0,0,0,0,9
C5R8_1736353085094_jpg.rf.fb9999ce30c4cfb1a99501013dd7baef.png,10,319.3,213.8,Normal,30.36,30.0,25.0,34.0,0,0,0,1
C5R8_1736353085094_jpg.rf.fb9999ce30c4cfb1a99501013dd7baef.png,11,378.8,220.6,Sem Raiz,44.46,43.0,39.0,48.0,0,0,0,0
C5R8_1736353085094_jpg.rf.fb9999ce30c4cfb1a99501013dd7baef.png,12,399.9,279.5,Normal,88.28,82.0,72.0,87.0,0,3,0,2
C5R8_1736353085094_jpg.rf.fb9999ce30c4cfb1a99501013dd7baef.png,13,520.0,206.4,Normal,46.45,51.0,48.0,60.0,0,3,0,9
C5R8_1736353085094_jpg.rf.fb9999ce30c4cfb1a99501013dd7baef.png,14,130.6,329.5,Normal,31.09,29.0,25.0,37.0,0,0,0,0
C5R8_1736353085094_jpg.rf.fb9999ce30c4cfb1a99501013dd7baef.png,15,141.2,281.2,Normal,43.89,47.0,40.0,53.0,0,1,0,3
C5R8_1736353085094_jpg.rf.fb9999ce30c4cfb1a99501013dd7baef.png,16,176.9,321.1,Normal,102.58,91.0,87.0,97.0,0,0,0,4
C5R8_1736353085094_jpg.rf.fb9999ce30c4cfb1a99501013dd7baef.png,17,205.7,344.4,Normal,31.41,38.0,25.0,40.0,0,3,0,4
C5R8_1736353085094_jpg.rf.fb9999ce30c4cfb1a99501013dd7baef.png,18,253.0,307.9,Normal,94.54,87.0,80.0,93.0,0,0,0,2
C5R8_1736353085094_jpg.rf.fb9999ce30c4cfb1a99501013dd7baef.png,19,320.6,319.9,Sem Raiz,25.8,23.0,23.0,23.0,0,0,0,0
C5R8_1736353085094_jpg.rf.fb9999ce30c4cfb1a99501013dd7baef.png,20,321.9,344.2,Sem Hipocótilo,9.0,10.0,6.0,11.0,0,0,0,0
C5R8_1736353085094_jpg.rf.fb9999ce30c4cfb1a99501013dd7baef.png,21,365.0,329.6,Normal,63.91,59.0,54.0,65.0,0,0,0,2
C5R8_1736353085094_jpg.rf.fb9999ce30c4cfb1a99501013dd7baef.png,22,418.9,344.1,Normal,82.97,79.0,77.0,82.0,0,0,0,1
C5R8_1736353085094_jpg.rf.fb9999ce30c4cfb1a99501013dd7baef.png,23,454.1,327.8,Normal,92.77,91.0,82.0,92.0,0,3,0,3
C5R8_1736353085094_jpg.rf.fb9999ce30c4cfb1a99501013dd7baef.png,24,514.0,290.5,Normal,64.27,58.0,54.0,68.0,0,0,0,4
C5R8_1736353085094_jpg.rf.fb9999ce30c4cfb1a99501013dd7baef.png,25,581.1,327.1,Normal,45.86,44.0,39.0,52.0,0,0,0,9
C5R8_1736353085094_jpg.rf.fb9999ce30c4cfb1a99501013dd7baef.png,26,276.9,391.9,Normal,62.35,57.0,54.0,65.0,0,0,0,4
C5R8_1736353085094_jpg.rf.fb9999ce30c4cfb1a99501013dd7baef.png,27,322.8,436.9,Normal,27.3,24.0,20.0,27.0,0,0,0,1
C5R8_1736353085094_jpg.rf.fb9999ce30c4cfb1a99501013dd7baef.png,28,359.5,403.1,Normal,53.77,57.0,48.0,59.0,0,8,1,4
C5R8_1736353085094_jpg.rf.fb9999ce30c4cfb1a99501013dd7baef.png,29,416.2,427.9,Normal,45.9,41.0,36.0,51.0,0,0,0,5
C5R8_1736353085094_jpg.rf.fb9999ce30c4cfb1a99501013dd7baef.png,30,497.3,431.6,Normal,57.24,60.0,62.0,73.0,4,8,6,8
C5R8_1736353085094_jpg.rf.fb9999ce30c4cfb1a99501013dd7baef.png,31,526.2,366.1,Normal,78.34,70.0,69.0,72.0,0,0,0,1
C5R8_1736353085094_jpg.rf.fb9999ce30c4cfb1a99501013dd7baef.png,32,568.9,408.4,Normal,40.78,39.0,32.0,47.0,0,0,0,2
C5R8_1736353085094_jpg.rf.fb9999ce30c4cfb1a99501013dd7baef.png,33,153.4,489.1,Normal,115.54,112.0,107.0,118.0,0,0,0,6
C5R8_1736353085094_jpg.rf.fb9999ce30c4cfb1a99501013dd7baef.png,34,218.7,498.8,Sem Hipocótilo,24.37,22.0,21.0,23.0,0,0,0,0
C5R8_1736353085094_jpg.rf.fb9999ce30c4cfb1a99501013dd7baef.png,35,271.9,488.2,Normal,72.57,72.0,61.0,72.0,0,4,0,1
C5R8_1736353085094_jpg.rf.fb9999ce30c4cfb1a99501013dd7baef.png,36,312.4,514.2,Normal,40.65,36.0,29.0,41.0,0,0,0,3
C5R8_1736353085094_jpg.rf.fb9999ce30c4cfb1a99501013dd7baef.png,37,368.8,469.6,Normal,35.31,34.0,27.0,43.0,0,0,0,4
C5R8_1736353085094_jpg.rf.fb9999ce30c4cfb1a99501013dd7baef.png,38,464.3,479.7,Normal,50.99,65.0,60.0,68.0,0,6,1,4
C5R8_1736353085094_jpg.rf.fb9999ce30c4cfb1a99501013dd7baef.png,39,534.8,486.5,Sem Raiz,23.06,24.0,12.0,29.0,0,0,0,3
C5R8_1736353085094_jpg.rf.fb9999ce30c4cfb1a99501013dd7baef.png,40,568.3,502.5,Normal,90.14,87.0,78.0,96.0,0,0,0,6
C5R9_1736353085078_jpg.rf.70a2ab0cb6aca0aaa36914eb213d513c.png,1,184.2,167.9,Normal,86.62,80.0,77.0,86.0,0,0,0,2
C5R9_1736353085078_jpg.rf.70a2ab0cb6aca0aaa36914eb213d513c.png,2,263.4,161.3,Normal,98.57,89.0,82.0,102.0,0,0,0,12
C5R9_1736353085078_jpg.rf.70a2ab0cb6aca0aaa36914eb213d513c.png,3,310.6,170.4,Normal,90.58,87.0,81.0,98.0,0,0,0,4
C5R9_1736353085078_jpg.rf.70a2ab0cb6aca0aaa36914eb213d513c.png,4,364.7,131.2,Normal,30.09,31.0,25.0,37.0,0,1,0,6
C5R9_1736353085078_jpg.rf.70a2ab0cb6aca0aaa36914eb213d513c.png,5,372.6,193.5,Normal,45.98,42.0,39.0,53.0,0,0,0,5
C5R9_1736353085078_jpg.rf.70a2ab0cb6aca0aaa36914eb213d513c.png,6,427.9,191.1,Normal,61.02,60.0,52.0,65.0,0,1,0,4
C5R9_1736353085078_jpg.rf.70a2ab0cb6aca0aaa36914eb213d513c.png,7,449.2,179.0,Normal,88.95,85.0,79.0,96.0,0,0,0,7
C5R9_1736353085078_jpg.rf.70a2ab0cb6aca0aaa36914eb213d513c.png,8,522.0,174.1,Normal,97.49,92.0,81.0,102.0,0,0,0,6
C5R9_1736353085078_jpg.rf.70a2ab0cb6aca0aaa36914eb213d513c.png,9,591.2,170.9,Normal,84.68,81.0,73.0,95.0,0,0,0,7
C5R9_1736353085078_jpg.rf.70a2ab0cb6aca0aaa36914eb213d513c.png,10,123.1,244.6,Normal,64.54,62.0,55.0,70.0,0,3,0,3
C5R9_1736353085078_jpg.rf.70a2ab0cb6aca0aaa36914eb213d513c.png,11,152.9,204.6,Sem Hipocótilo,18.39,18.0,18.0,18.0,0,0,0,0
C5R9_1736353085078_jpg.rf.70a2ab0cb6aca0aaa36914eb213d513c.png,12,201.4,212.3,Normal,90.55,87.0,84.0,93.0,0,0,0,4
C5R9_1736353085078_jpg.rf.70a2ab0cb6aca0aaa36914eb213d513c.png,13,246.4,251.9,Normal,37.62,34.0,30.0,41.0,0,0,0,4
C5R9_1736353085078_jpg.rf.70a2ab0cb6aca0aaa36914eb213d513c.png,14,324.1,257.6,Normal,105.43,110.0,103.0,116.0,0,4,0,4
C5R9_1736353085078_jpg.rf.70a2ab0cb6aca0aaa36914eb213d513c.png,15,472.9,216.3,Normal,99.7,91.0,86.0,100.0,0,0,0,5
C5R9_1736353085078_jpg.rf.70a2ab0cb6aca0aaa36914eb213d513c.png,16,548.4,245.1,Normal,97.38,91.0,87.0,97.0,0,0,0,4
C5R9_1736353085078_jpg.rf.70a2ab0cb6aca0aaa36914eb213d513c.png,17,121.5,338.8,Normal,68.78,62.0,61.0,71.0,0,0,0,2
C5R9_1736353085078_jpg.rf.70a2ab0cb6aca0aaa36914eb213d513c.png,18,153.6,310.6,Normal,88.71,88.0,82.0,93.0,0,0,0,3
C5R9_1736353085078_jpg.rf.70a2ab0cb6aca0aaa36914eb213d513c.png,19,281.6,324.2,Normal,100.29,103.0,92.0,108.0,3,6,0,4
C5R9_1736353085078_jpg.rf.70a2ab0cb6aca0aaa36914eb213d513c.png,20,318.4,341.5,Normal,75.46,66.0,63.0,71.0,0,0,0,1
C5R9_1736353085078_jpg.rf.70a2ab0cb6aca0aaa36914eb213d513c.png,21,374.8,302.1,Normal,28.41,31.0,19.0,39.0,1,1,0,1
C5R9_1736353085078_jpg.rf.70a2ab0cb6aca0aaa36914eb213d513c.png,22,419.9,357.2,Sem Hipocótilo,20.8,17.0,16.0,18.0,0,0,0,0
C5R9_1736353085078_jpg.rf.70a2ab0cb6aca0aaa36914eb213d513c.png,23,421.1,314.7,Sem Raiz,36.11,34.0,27.0,40.0,0,0,0,1
C5R9_1736353085078_jpg.rf.70a2ab0cb6aca0aaa36914eb213d513c.png,24,440.4,287.6,Normal,87.28,84.0,79.0,88.0,0,0,0,1
C5R9_1736353085078_jpg.rf.70a2ab0cb6aca0aaa36914eb213d513c.png,25,470.2,286.9,Normal,49.72,44.0,39.0,54.0,0,0,0,4
C5R9_1736353085078_jpg.rf.70a2ab0cb6aca0aaa36914eb213d513c.png,26,541.4,355.3,Normal,134.29,120.0,112.0,128.0,0,0,0,7
C5R9_1736353085078_jpg.rf.70a2ab0cb6aca0aaa36914eb213d513c.png,27,575.3,328.9,Sem Hipocótilo,9.41,9.0,6.0,12.0,0,0,0,0
C5R9_1736353085078_jpg.rf.70a2ab0cb6aca0aaa36914eb213d513c.png,28,115.7,402.3,Sem Hipocótilo,19.67,18.0,18.0,21.0,0,0,0,0
C5R9_1736353085078_jpg.rf.70a2ab0cb6aca0aaa36914eb213d513c.png,29,192.8,406.5,Normal,125.99,121.0,114.0,127.0,0,0,0,6
C5R9_1736353085078_jpg.rf.70a2ab0cb6aca0aaa36914eb213d513c.png,30,216.3,406.9,Normal,93.81,89.0,85.0,102.0,0,0,0,7
C5R9_1736353085078_jpg.rf.70a2ab0cb6aca0aaa36914eb213d513c.png,31,245.8,378.7,Normal,113.75,107.0,103.0,116.0,0,0,0,4
C5R9_1736353085078_jpg.rf.70a2ab0cb6aca0aaa36914eb213d513c.png,32,361.1,361.7,Normal,76.17,70.0,64.0,75.0,0,4,0,5
C5R9_1736353085078_jpg.rf.70a2ab0cb6aca0aaa36914eb213d513c.png,33,413.2,434.6,Normal,98.23,91.0,84.0,96.0,0,1,0,3
C5R9_1736353085078_jpg.rf.70a2ab0cb6aca0aaa36914eb213d513c.png,34,458.9,439.7,Normal,52.89,48.0,37.0,55.0,0,0,0,5
C5R9_1736353085078_jpg.rf.70a2ab0cb6aca0aaa36914eb213d513c.png,35,492.8,394.5,Normal,57.82,55.0,51.0,66.0,0,0,0,6
C5R9_1736353085078_jpg.rf.70a2ab0cb6aca0aaa36914eb213d513c.png,36,520.0,403.7,Normal,123.98,112.0,107.0,117.0,0,0,0,1
C5R9_1736353085078_jpg.rf.70a2ab0cb6aca0aaa36914eb213d513c.png,37,590.4,392.4,Normal,35.63,34.0,26.0,40.0,0,0,0,4
C5R9_1736353085078_jpg.rf.70a2ab0cb6aca0aaa36914eb213d513c.png,38,123.9,497.3,Normal,46.31,43.0,36.0,49.0,0,0,0,2
C5R9_1736353085078_jpg.rf.70a2ab0cb6aca0aaa36914eb213d513c.png,39,147.3,506.2,Normal,118.09,114.0,103.0,117.0,0,4,0,4
C5R9_1736353085078_jpg.rf.70a2ab0cb6aca0aaa36914eb213d513c.png,40,262.7,456.2,Normal,95.62,94.0,83.0,99.0,0,3,0,1
C5R9_1736353085078_jpg.rf.70a2ab0cb6aca0aaa36914eb213d513c.png,41,294.1,460.4,Normal,103.65,97.0,94.0,104.0,0,0,0,2
C5R9_1736353085078_jpg.rf.70a2ab0cb6aca0aaa36914eb213d513c.png,42,327.0,496.0,Normal,128.27,121.0,111.0,125.0,0,0,0,1
C5R9_1736353085078_jpg.rf.70a2ab0cb6aca0aaa36914eb213d513c.png,43,357.5,490.4,Normal,152.5,142.0,139.0,149.0,0,0,0,4
C5R9_1736353085078_jpg.rf.70a2ab0cb6aca0aaa36914eb213d513c.png,44,485.1,511.6,Sem Hipocótilo,25.95,21.0,19.0,22.0,0,0,0,0
C5R9_1736353085078_jpg.rf.70a2ab0cb6aca0aaa36914eb213d513c.png,45,504.2,473.4,Sem Raiz,32.48,28.0,27.0,30.0,0,0,0,0
C5R9_1736353085078_jpg.rf.70a2ab0cb6aca0aaa36914eb213d513c.png,46,537.1,476.7,Normal,37.04,33.0,29.0,41.0,0,0,0,7
C5R9_1736353085078_jpg.rf.70a2ab0cb6aca0aaa36914eb213d513c.png,47,191.1,537.1,Normal,83.98,79.0,72.0,85.0,0,0,0,1
C5R9_1736353085078_jpg.rf.70a2ab0cb6aca0aaa36914eb213d513c.png,48,235.7,541.1,Normal,72.19,66.0,58.0,71.0,0,3,0,3
C6R10_storage_emulated_0_Android_data_com-miui-gallery_cache_SecurityShare_1736353207712_jpg.rf.d2dc03f77cf624d05c4f9cb3951f61b4.png,1,76.7,148.9,Normal,134.91,130.0,126.0,138.0,0,0,0,6
C6R10_storage_emulated_0_Android_data_com-miui-gallery_cache_SecurityShare_1736353207712_jpg.rf.d2dc03f77cf624d05c4f9cb3951f61b4.png,2,178.4,127.1,Sem Hipocótilo,15.42,17.0,13.0,20.0,0,0,0,1
C6R10_storage_emulated_0_Android_data_com-miui-gallery_cache_SecurityShare_1736353207712_jpg.rf.d2dc03f77cf624d05c4f9cb3951f61b4.png,3,251.0,154.5,Normal,68.12,67.0,61.0,72.0,0,3,0,6
C6R10_storage_emulated_0_Android_data_com-miui-gallery_cache_SecurityShare_1736353207712_jpg.rf.d2dc03f77cf624d05c4f9cb3951f61b4.png,4,294.3,196.2,Normal,86.27,85.0,81.0,93.0,0,0,0,6
C6R10_storage_emulated_0_Android_data_com-miui-gallery_cache_SecurityShare_1736353207712_jpg.rf.d2dc03f77cf624d05c4f9cb3951f61b4.png,5,338.9,191.3,Normal,88.63,84.0,81.0,92.0,0,0,0,6
C6R10_storage_emulated_0_Android_data_com-miui-gallery_cache_SecurityShare_1736353207712_jpg.rf.d2dc03f77cf624d05c4f9cb3951f61b4.png,6,367.2,148.2,Sem Raiz,18.42,18.0,14.0,22.0,0,0,0,0
C6R10_storage_emulated_0_Android_data_com-miui-gallery_cache_SecurityShare_1736353207712_jpg.rf.d2dc03f77cf624d05c4f9cb3951f61b4.png,7,401.2,172.2,Normal,126.59,120.0,117.0,127.0,0,0,0,6
C6R10_storage_emulated_0_Android_data_com-miui-gallery_cache_SecurityShare_1736353207712_jpg.rf.d2dc03f77cf624d05c4f9cb3951f61b4.png,8,478.8,175.0,Normal,173.87,175.0,165.0,181.0,0,4,0,7
C6R10_storage_emulated_0_Android_data_com-miui-gallery_cache_SecurityShare_1736353207712_jpg.rf.d2dc03f77cf624d05c4f9cb3951f61b4.png,9,533.2,196.3,Normal,85.17,83.0,75.0,93.0,0,3,0,7
C6R10_storage_emulated_0_Android_data_com-miui-gallery_cache_SecurityShare_1736353207712_jpg.rf.d2dc03f77cf624d05c4f9cb3951f61b4.png,10,565.2,160.9,Normal,149.87,142.0,136.0,149.0,0,3,0,2
C6R10_storage_emulated_0_Android_data_com-miui-gallery_cache_SecurityShare_1736353207712_jpg.rf.d2dc03f77cf624d05c4f9cb3951f61b4.png,11,596.3,164.0,Normal,88.38,84.0,81.0,89.0,0,0,0,6
C6R10_storage_emulated_0_Android_data_com-miui-gallery_cache_SecurityShare_1736353207712_jpg.rf.d2dc03f77cf624d05c4f9cb3951f61b4.png,12,109.9,236.0,Normal,167.01,158.0,153.0,163.0,0,0,0,6
C6R10_storage_emulated_0_Android_data_com-miui-gallery_cache_SecurityShare_1736353207712_jpg.rf.d2dc03f77cf624d05c4f9cb3951f61b4.png,13,147.3,260.8,Normal,43.13,37.0,34.0,49.0,0,0,0,7
C6R10_storage_emulated_0_Android_data_com-miui-gallery_cache_SecurityShare_1736353207712_jpg.rf.d2dc03f77cf624d05c4f9cb3951f61b4.png,14,170.9,233.9,Normal,89.96,84.0,80.0,91.0,0,0,0,1
C6R10_storage_emulated_0_Android_data_com-miui-gallery_cache_SecurityShare_1736353207712_jpg.rf.d2dc03f77cf624d05c4f9cb3951f61b4.png,15,206.7,239.4,Normal,289.34,284.0,276.0,304.0,4,4,0,11
C6R10_storage_emulated_0_Android_data_com-miui-gallery_cache_SecurityShare_1736353207712_jpg.rf.d2dc03f77cf624d05c4f9cb3951f61b4.png,16,315.6,270.6,Normal,26.7,24.0,23.0,35.0,0,0,0,4
C6R10_storage_emulated_0_Android_data_com-miui-gallery_cache_SecurityShare_1736353207712_jpg.rf.d2dc03f77cf624d05c4f9cb3951f61b4.png,17,383.3,271.5,Normal,107.64,103.0,96.0,107.0,0,0,0,2
C6R10_storage_emulated_0_Android_data_com-miui-gallery_cache_SecurityShare_1736353207712_jpg.rf.d2dc03f77cf624d05c4f9cb3951f61b4.png,18,423.2,240.7,Normal,157.83,145.0,141.0,154.0,0,0,0,4
C6R10_storage_emulated_0_Android_data_com-miui-gallery_cache_SecurityShare_1736353207712_jpg.rf.d2dc03f77cf624d05c4f9cb3951f61b4.png,19,444.8,254.2,Normal,133.25,124.0,118.0,130.0,0,0,0,6
C6R10_storage_emulated_0_Android_data_com-miui-gallery_cache_SecurityShare_1736353207712_jpg.rf.d2dc03f77cf624d05c4f9cb3951f61b4.png,20,595.9,276.4,Normal,81.31,72.0,65.0,80.0,0,0,0,5
C6R10_storage_emulated_0_Android_data_com-miui-gallery_cache_SecurityShare_1736353207712_jpg.rf.d2dc03f77cf624d05c4f9cb3951f61b4.png,21,68.5,300.1,Normal,126.41,117.0,113.0,124.0,0,0,0,2
C6R10_storage_emulated_0_Android_data_com-miui-gallery_cache_SecurityShare_1736353207712_jpg.rf.d2dc03f77cf624d05c4f9cb3951f61b4.png,22,158.4,308.9,Sem Raiz,7.63,7.0,3.0,12.0,0,0,0,3
C6R10_storage_emulated_0_Android_data_com-miui-gallery_cache_SecurityShare_1736353207712_jpg.rf.d2dc03f77cf624d05c4f9cb3951f61b4.png,23,257.8,285.2,Normal,126.49,133.0,127.0,136.0,0,4,3,3
C6R10_storage_emulated_0_Android_data_com-miui-gallery_cache_SecurityShare_1736353207712_jpg.rf.d2dc03f77cf624d05c4f9cb3951f61b4.png,24,276.0,354.7,Normal,124.93,116.0,108.0,119.0,0,1,0,1
C6R10_storage_emulated_0_Android_data_com-miui-gallery_cache_SecurityShare_1736353207712_jpg.rf.d2dc03f77cf624d05c4f9cb3951f61b4.png,25,357.2,354.5,Normal,113.88,109.0,103.0,116.0,0,0,0,2
C6R10_storage_emulated_0_Android_data_com-miui-gallery_cache_SecurityShare_1736353207712_jpg.rf.d2dc03f77cf624d05c4f9cb3951f61b4.png,26,491.3,286.5,Normal,97.02,97.0,91.0,104.0,0,1,0,2
C6R10_storage_emulated_0_Android_data_com-miui-gallery_cache_SecurityShare_1736353207712_jpg.rf.d2dc03f77cf624d05c4f9cb3951f61b4.png,27,523.5,340.9,Normal,106.11,99.0,94.0,103.0,0,0,0,3
C6R10_storage_emulated_0_Android_data_com-miui-gallery_cache_SecurityShare_1736353207712_jpg.rf.d2dc03f77cf624d05c4f9cb3951f61b4.png,28,556.4,293.0,Normal,90.47,85.0,79.0,94.0,0,0,0,2
C6R10_storage_emulated_0_Android_data_com-miui-gallery_cache_SecurityShare_1736353207712_jpg.rf.d2dc03f77cf624d05c4f9cb3951f61b4.png,29,114.5,390.0,Normal,65.69,66.0,56.0,72.0,1,6,0,3
C6R10_storage_emulated_0_Android_data_com-miui-gallery_cache_SecurityShare_1736353207712_jpg.rf.d2dc03f77cf624d05c4f9cb3951f61b4.png,30,167.6,378.1,Normal,114.09,111.0,107.0,118.0,0,0,0,2
C6R10_storage_emulated_0_Android_data_com-miui-gallery_cache_SecurityShare_1736353207712_jpg.rf.d2dc03f77cf624d05c4f9cb3951f61b4.png,31,230.5,435.3,Normal,173.81,168.0,160.0,174.0,0,0,0,3
C6R10_storage_emulated_0_Android_data_com-miui-gallery_cache_SecurityShare_1736353207712_jpg.rf.d2dc03f77cf624d05c4f9cb3951f61b4.png,32,312.2,385.9,Normal,127.34,119.0,113.0,124.0,0,0,0,6
C6R10_storage_emulated_0_Android_data_com-miui-gallery_cache_SecurityShare_1736353207712_jpg.rf.d2dc03f77cf624d05c4f9cb3951f61b4.png,33,401.3,376.4,Normal,127.79,117.0,112.0,122.0,0,0,0,0
C6R10_storage_emulated_0_Android_data_com-miui-gallery_cache_SecurityShare_1736353207712_jpg.rf.d2dc03f77cf624d05c4f9cb3951f61b4.png,34,465.4,376.2,Normal,137.86,128.0,122.0,136.0,0,0,0,6
C6R10_storage_emulated_0_Android_data_com-miui-gallery_cache_SecurityShare_1736353207712_jpg.rf.d2dc03f77cf624d05c4f9cb3951f61b4.png,35,524.1,433.1,Normal,50.85,45.0,43.0,50.0,0,0,0,1
C6R10_storage_emulated_0_Android_data_com-miui-gallery_cache_SecurityShare_1736353207712_jpg.rf.d2dc03f77cf624d05c4f9cb3951f61b4.png,36,541.1,397.8,Sem Raiz,13.34,12.0,3.0,10.0,0,0,0,0
C6R10_storage_emulated_0_Android_data_com-miui-gallery_cache_SecurityShare_1736353207712_jpg.rf.d2dc03f77cf624d05c4f9cb3951f61b4.png,37,601.8,388.9,Normal,96.71,93.0,84.0,97.0,0,3,0,5
C6R10_storage_emulated_0_Android_data_com-miui-gallery_cache_SecurityShare_1736353207712_jpg.rf.d2dc03f77cf624d05c4f9cb3951f61b4.png,38,65.8,444.2,Normal,96.63,93.0,88.0,100.0,0,0,0,6
C6R10_storage_emulated_0_Android_data_com-miui-gallery_cache_SecurityShare_1736353207712_jpg.rf.d2dc03f77cf624d05c4f9cb3951f61b4.png,39,116.4,454.4,Sem Raiz,33.91,29.0,30.0,35.0,0,0,0,4
C6R10_storage_emulated_0_Android_data_com-miui-gallery_cache_SecurityShare_1736353207712_jpg.rf.d2dc03f77cf624d05c4f9cb3951f61b4.png,40,145.0,502.0,Normal,106.98,103.0,96.0,109.0,0,0,0,2
C6R10_storage_emulated_0_Android_data_com-miui-gallery_cache_SecurityShare_1736353207712_jpg.rf.d2dc03f77cf624d05c4f9cb3951f61b4.png,41,188.9,499.8,Normal,125.43,120.0,112.0,125.0,0,0,0,2
C6R10_storage_emulated_0_Android_data_com-miui-gallery_cache_SecurityShare_1736353207712_jpg.rf.d2dc03f77cf624d05c4f9cb3951f61b4.png,42,257.2,456.5,Normal,118.68,113.0,106.0,119.0,0,0,0,4
C6R10_storage_emulated_0_Android_data_com-miui-gallery_cache_SecurityShare_1736353207712_jpg.rf.d2dc03f77cf624d05c4f9cb3951f61b4.png,43,288.5,508.1,Normal,152.65,146.0,145.0,150.0,0,0,0,2
C6R10_storage_emulated_0_Android_data_com-miui-gallery_cache_SecurityShare_1736353207712_jpg.rf.d2dc03f77cf624d05c4f9cb3951f61b4.png,44,334.3,467.9,Normal,105.47,99.0,95.0,106.0,0,0,0,5
C6R10_storage_emulated_0_Android_data_com-miui-gallery_cache_SecurityShare_1736353207712_jpg.rf.d2dc03f77cf624d05c4f9cb3951f61b4.png,45,412.9,497.0,Normal,146.16,139.0,137.0,145.0,0,0,0,2
C6R10_storage_emulated_0_Android_data_com-miui-gallery_cache_SecurityShare_1736353207712_jpg.rf.d2dc03f77cf624d05c4f9cb3951f61b4.png,46,457.7,517.6,Normal,131.7,136.0,131.0,143.0,0,4,0,3
C6R10_storage_emulated_0_Android_data_com-miui-gallery_cache_SecurityShare_1736353207712_jpg.rf.d2dc03f77cf624d05c4f9cb3951f61b4.png,47,533.2,517.1,Normal,89.73,89.0,75.0,94.0,4,4,0,2
C6R10_storage_emulated_0_Android_data_com-miui-gallery_cache_SecurityShare_1736353207712_jpg.rf.d2dc03f77cf624d05c4f9cb3951f61b4.png,48,100.8,532.0,Sem Hipocótilo,112.03,108.0,107.0,109.0,0,0,0,0
C6R10_storage_emulated_0_Android_data_com-miui-gallery_cache_SecurityShare_1736353207712_jpg.rf.d2dc03f77cf624d05c4f9cb3951f61b4.png,49,585.7,521.8,Normal,68.58,65.0,60.0,68.0,0,0,0,2
C6R1_1736353207864_jpg.rf.681b32030c0ce7cbbc4babdcc9f5f142.png,1,101.4,188.6,Normal,98.35,89.0,83.0,93.0,1,1,0,2
C6R1_1736353207864_jpg.rf.681b32030c0ce7cbbc4babdcc9f5f142.png,2,138.3,146.2,Normal,113.65,111.0,106.0,116.0,0,0,0,4
C6R1_1736353207864_jpg.rf.681b32030c0ce7cbbc4babdcc9f5f142.png,3,195.9,166.5,Normal,150.33,142.0,135.0,145.0,0,0,0,2
C6R1_1736353207864_jpg.rf.681b32030c0ce7cbbc4babdcc9f5f142.png,4,268.6,185.4,Sem Hipocótilo,87.57,88.0,86.0,90.0,0,0,0,0
C6R1_1736353207864_jpg.rf.681b32030c0ce7cbbc4babdcc9f5f142.png,5,307.3,185.4,Normal,145.15,142.0,138.0,151.0,0,1,0,5
C6R1_1736353207864_jpg.rf.681b32030c0ce7cbbc4babdcc9f5f142.png,6,349.2,187.0,Normal,59.07,60.0,57.0,63.0,0,1,0,1
C6R1_1736353207864_jpg.rf.681b32030c0ce7cbbc4babdcc9f5f142.png,7,440.3,182.7,Normal,101.01,98.0,95.0,105.0,0,0,0,2
C6R1_1736353207864_jpg.rf.681b32030c0ce7cbbc4babdcc9f5f142.png,8,489.8,161.9,Normal,93.39,88.0,86.0,98.0,0,0,0,4
C6R1_1736353207864_jpg.rf.681b32030c0ce7cbbc4babdcc9f5f142.png,9,540.2,187.7,Normal,162.09,154.0,147.0,158.0,0,3,0,4
C6R1_1736353207864_jpg.rf.681b32030c0ce7cbbc4babdcc9f5f142.png,10,589.0,141.5,Normal,70.05,61.0,55.0,66.0,0,0,0,0
C6R1_1736353207864_jpg.rf.681b32030c0ce7cbbc4babdcc9f5f142.png,11,152.0,222.7,Sem Raiz,32.13,29.0,31.0,33.0,0,0,0,1
C6R1_1736353207864_jpg.rf.681b32030c0ce7cbbc4babdcc9f5f142.png,12,160.5,255.6,Sem Hipocótilo,18.47,17.0,16.0,21.0,0,0,0,3
C6R1_1736353207864_jpg.rf.681b32030c0ce7cbbc4babdcc9f5f142.png,13,212.2,241.8,Sem Raiz,21.75,27.0,18.0,37.0,0,4,0,6
C6R1_1736353207864_jpg.rf.681b32030c0ce7cbbc4babdcc9f5f142.png,14,263.0,278.6,Normal,62.5,53.0,49.0,59.0,0,0,0,3
C6R1_1736353207864_jpg.rf.681b32030c0ce7cbbc4babdcc9f5f142.png,15,331.9,262.5,Sem Raiz,15.3,17.0,18.0,18.0,0,0,0,0
C6R1_1736353207864_jpg.rf.681b32030c0ce7cbbc4babdcc9f5f142.png,16,370.1,244.4,Sem Raiz,13.44,13.0,10.0,10.0,0,0,0,0
C6R1_1736353207864_jpg.rf.681b32030c0ce7cbbc4babdcc9f5f142.png,17,396.3,204.5,Normal,157.52,151.0,145.0,160.0,0,1,0,7
C6R1_1736353207864_jpg.rf.681b32030c0ce7cbbc4babdcc9f5f142.png,18,431.1,266.1,Sem Raiz,11.12,11.0,4.0,15.0,0,0,0,1
C6R1_1736353207864_jpg.rf.681b32030c0ce7cbbc4babdcc9f5f142.png,19,587.2,230.4,Normal,59.71,48.0,46.0,57.0,0,0,0,6
C6R1_1736353207864_jpg.rf.681b32030c0ce7cbbc4babdcc9f5f142.png,20,101.2,301.1,Normal,87.7,79.0,74.0,83.0,0,0,0,3
C6R1_1736353207864_jpg.rf.681b32030c0ce7cbbc4babdcc9f5f142.png,21,142.2,308.2,Normal,135.1,126.0,123.0,139.0,4,4,0,6
C6R1_1736353207864_jpg.rf.681b32030c0ce7cbbc4babdcc9f5f142.png,22,211.5,304.4,Sem Hipocótilo,77.93,71.0,70.0,72.0,0,0,0,0
C6R1_1736353207864_jpg.rf.681b32030c0ce7cbbc4babdcc9f5f142.png,23,327.3,299.1,Sem Hipocótilo,44.27,43.0,43.0,43.0,0,0,0,0
C6R1_1736353207864_jpg.rf.681b32030c0ce7cbbc4babdcc9f5f142.png,24,378.8,302.8,Sem Hipocótilo,90.99,83.0,80.0,84.0,0,0,0,1
C6R1_1736353207864_jpg.rf.681b32030c0ce7cbbc4babdcc9f5f142.png,25,444.7,343.7,Sem Hipocótilo,124.05,115.0,111.0,117.0,0,0,0,1
C6R1_1736353207864_jpg.rf.681b32030c0ce7cbbc4babdcc9f5f142.png,26,472.1,287.2,Normal,109.31,106.0,101.0,111.0,0,3,0,4
C6R1_1736353207864_jpg.rf.681b32030c0ce7cbbc4babdcc9f5f142.png,27,520.6,297.5,Normal,122.24,106.0,103.0,112.0,0,0,0,2
C6R1_1736353207864_jpg.rf.681b32030c0ce7cbbc4babdcc9f5f142.png,28,562.2,330.7,Normal,147.47,138.0,131.0,142.0,0,0,0,3
C6R1_1736353207864_jpg.rf.681b32030c0ce7cbbc4babdcc9f5f142.png,29,104.1,406.1,Normal,79.91,77.0,68.0,86.0,0,2,0,7
C6R1_1736353207864_jpg.rf.681b32030c0ce7cbbc4babdcc9f5f142.png,30,197.9,419.3,Normal,89.27,82.0,77.0,89.0,0,0,0,1
C6R1_1736353207864_jpg.rf.681b32030c0ce7cbbc4babdcc9f5f142.png,31,230.0,432.0,Normal,126.56,122.0,120.0,128.0,0,0,0,1
C6R1_1736353207864_jpg.rf.681b32030c0ce7cbbc4babdcc9f5f142.png,32,257.1,387.5,Normal,121.55,120.0,111.0,125.0,0,3,0,5
C6R1_1736353207864_jpg.rf.681b32030c0ce7cbbc4babdcc9f5f142.png,33,305.2,378.6,Normal,77.54,75.0,70.0,84.0,0,3,0,6
C6R1_1736353207864_jpg.rf.681b32030c0ce7cbbc4babdcc9f5f142.png,34,347.4,381.1,Normal,86.02,78.0,72.0,82.0,0,0,0,2
C6R1_1736353207864_jpg.rf.681b32030c0ce7cbbc4babdcc9f5f142.png,35,382.9,382.7,Normal,37.34,36.0,31.0,39.0,0,0,0,1
C6R1_1736353207864_jpg.rf.681b32030c0ce7cbbc4babdcc9f5f142.png,36,421.7,403.3,Normal,143.7,144.0,141.0,151.0,0,3,0,4
C6R1_1736353207864_jpg.rf.681b32030c0ce7cbbc4babdcc9f5f142.png,37,479.5,429.3,Normal,76.84,66.0,66.0,73.0,0,0,0,2
C6R1_1736353207864_jpg.rf.681b32030c0ce7cbbc4babdcc9f5f142.png,38,488.2,374.0,Normal,34.01,35.0,33.0,39.0,0,3,0,3
C6R1_1736353207864_jpg.rf.681b32030c0ce7cbbc4babdcc9f5f142.png,39,573.0,412.4,Normal,63.99,63.0,52.0,71.0,0,3,0,7
C6R1_1736353207864_jpg.rf.681b32030c0ce7cbbc4babdcc9f5f142.png,40,599.6,420.5,Sem Raiz,15.86,15.0,13.0,19.0,0,0,0,0
C6R1_1736353207864_jpg.rf.681b32030c0ce7cbbc4babdcc9f5f142.png,41,101.0,498.0,Normal,59.73,58.0,55.0,66.0,0,0,0,1
C6R1_1736353207864_jpg.rf.681b32030c0ce7cbbc4babdcc9f5f142.png,42,128.1,513.2,Normal,62.84,55.0,50.0,60.0,0,0,0,3
C6R1_1736353207864_jpg.rf.681b32030c0ce7cbbc4babdcc9f5f142.png,43,154.5,478.3,Normal,146.1,146.0,137.0,154.0,1,1,0,7
C6R1_1736353207864_jpg.rf.681b32030c0ce7cbbc4babdcc9f5f142.png,44,217.3,512.9,Sem Raiz,25.84,24.0,25.0,32.0,0,0,0,4
C6R1_1736353207864_jpg.rf.681b32030c0ce7cbbc4babdcc9f5f142.png,45,291.0,487.3,Normal,120.74,114.0,112.0,119.0,0,0,0,1
C6R1_1736353207864_jpg.rf.681b32030c0ce7cbbc4babdcc9f5f142.png,46,348.9,510.4,Normal,127.31,122.0,122.0,131.0,0,0,0,7
C6R1_1736353207864_jpg.rf.681b32030c0ce7cbbc4babdcc9f5f142.png,47,404.4,509.0,Normal,169.2,157.0,154.0,163.0,0,0,0,3
C6R1_1736353207864_jpg.rf.681b32030c0ce7cbbc4babdcc9f5f142.png,48,533.7,470.4,Normal,139.52,133.0,129.0,142.0,0,0,0,9
C6R1_1736353207864_jpg.rf.681b32030c0ce7cbbc4babdcc9f5f142.png,49,172.5,544.5,Normal,124.22,117.0,110.0,121.0,0,0,0,3
C6R1_1736353207864_jpg.rf.681b32030c0ce7cbbc4babdcc9f5f142.png,50,212.9,578.1,Sem Hipocótilo,73.34,72.0,69.0,74.0,0,0,0,1
C6R1_1736353207864_jpg.rf.681b32030c0ce7cbbc4babdcc9f5f142.png,51,262.4,544.9,Normal,127.36,128.0,120.0,135.0,0,4,0,5
C6R1_1736353207864_jpg.rf.681b32030c0ce7cbbc4babdcc9f5f142.png,52,321.7,575.3,Normal,79.39,75.0,70.0,78.0,0,0,0,1
C6R1_1736353207864_jpg.rf.681b32030c0ce7cbbc4babdcc9f5f142.png,53,455.9,522.2,Normal,99.8,89.0,84.0,98.0,0,1,0,4
C6R1_1736353207864_jpg.rf.681b32030c0ce7cbbc4babdcc9f5f142.png,54,495.1,530.4,Normal,100.68,90.0,86.0,96.0,0,0,0,6
C6R1_1736353207864_jpg.rf.681b32030c0ce7cbbc4babdcc9f5f142.png,55,581.0,548.1,Normal,116.94,105.0,99.0,110.0,0,0,0,2
C6R2_1736353207847_jpg.rf.855c11a688b8b5af064d266572cc7e90.png,1,230.5,113.9,Sem Raiz,14.36,14.0,10.0,17.0,0,0,0,1
C6R2_1736353207847_jpg.rf.855c11a688b8b5af064d266572cc7e90.png,2,51.7,168.3,Sem Raiz,10.23,9.0,6.0,14.0,0,0,0,1
C6R2_1736353207847_jpg.rf.855c11a688b8b5af064d266572cc7e90.png,3,90.8,157.2,Normal,81.94,77.0,73.0,84.0,0,0,0,6
C6R2_1736353207847_jpg.rf.855c11a688b8b5af064d266572cc7e90.png,4,142.0,160.4,Normal,115.22,108.0,102.0,112.0,0,0,0,4
C6R2_1736353207847_jpg.rf.855c11a688b8b5af064d266572cc7e90.png,5,205.6,183.5,Normal,123.51,117.0,114.0,123.0,0,0,0,3
C6R2_1736353207847_jpg.rf.855c11a688b8b5af064d266572cc7e90.png,6,236.1,175.4,Normal,101.66,99.0,92.0,107.0,0,0,0,9
C6R2_1736353207847_jpg.rf.855c11a688b8b5af064d266572cc7e90.png,7,316.4,184.4,Normal,135.11,125.0,121.0,134.0,0,0,0,2
C6R2_1736353207847_jpg.rf.855c11a688b8b5af064d266572cc7e90.png,8,376.7,193.8,Sem Hipocótilo,99.16,100.0,96.0,105.0,0,0,0,3
C6R2_1736353207847_jpg.rf.855c11a688b8b5af064d266572cc7e90.png,9,380.9,123.6,Sem Raiz,23.33,22.0,19.0,22.0,0,0,0,0
C6R2_1736353207847_jpg.rf.855c11a688b8b5af064d266572cc7e90.png,10,599.3,161.5,Sem Hipocótilo,32.79,27.0,26.0,27.0,0,0,0,1
C6R2_1736353207847_jpg.rf.855c11a688b8b5af064d266572cc7e90.png,11,55.6,228.4,Sem Hipocótilo,85.81,82.0,79.0,84.0,0,0,0,1
C6R2_1736353207847_jpg.rf.855c11a688b8b5af064d266572cc7e90.png,12,114.1,260.6,Normal,37.44,33.0,33.0,45.0,0,0,0,2
C6R2_1736353207847_jpg.rf.855c11a688b8b5af064d266572cc7e90.png,13,176.8,207.3,Normal,118.98,115.0,111.0,122.0,0,0,0,6
C6R2_1736353207847_jpg.rf.855c11a688b8b5af064d266572cc7e90.png,14,270.6,232.2,Sem Hipocótilo,78.8,72.0,70.0,75.0,0,0,0,3
C6R2_1736353207847_jpg.rf.855c11a688b8b5af064d266572cc7e90.png,15,326.8,260.7,Sem Raiz,7.97,7.0,11.0,17.0,0,4,0,2
C6R2_1736353207847_jpg.rf.855c11a688b8b5af064d266572cc7e90.png,16,420.9,206.6,Normal,136.72,141.0,138.0,150.0,0,3,0,3
C6R2_1736353207847_jpg.rf.855c11a688b8b5af064d266572cc7e90.png,17,447.6,274.6,Normal,176.74,173.0,165.0,180.0,4,4,3,7
C6R2_1736353207847_jpg.rf.855c11a688b8b5af064d266572cc7e90.png,18,480.8,221.8,Normal,77.21,75.0,73.0,88.0,0,0,0,9
C6R2_1736353207847_jpg.rf.855c11a688b8b5af064d266572cc7e90.png,19,510.2,211.9,Normal,201.61,186.0,177.0,188.0,0,0,0,1
C6R2_1736353207847_jpg.rf.855c11a688b8b5af064d266572cc7e90.png,20,560.7,207.4,Normal,144.69,134.0,130.0,138.0,0,0,0,1
C6R2_1736353207847_jpg.rf.855c11a688b8b5af064d266572cc7e90.png,21,602.1,255.9,Normal,92.62,84.0,80.0,92.0,0,0,0,3
C6R2_1736353207847_jpg.rf.855c11a688b8b5af064d266572cc7e90.png,22,63.2,338.8,Normal,67.32,64.0,60.0,69.0,0,0,0,6
C6R2_1736353207847_jpg.rf.855c11a688b8b5af064d266572cc7e90.png,23,158.2,333.4,Normal,183.56,176.0,170.0,183.0,0,0,0,1
C6R2_1736353207847_jpg.rf.855c11a688b8b5af064d266572cc7e90.png,24,196.4,328.1,Normal,113.88,103.0,99.0,110.0,0,0,0,1
C6R2_1736353207847_jpg.rf.855c11a688b8b5af064d266572cc7e90.png,25,233.9,351.9,Normal,132.82,131.0,126.0,136.0,0,1,0,4
C6R2_1736353207847_jpg.rf.855c11a688b8b5af064d266572cc7e90.png,26,278.3,336.7,Sem Hipocótilo,35.91,36.0,36.0,36.0,0,0,0,0
C6R2_1736353207847_jpg.rf.855c11a688b8b5af064d266572cc7e90.png,27,311.3,316.0,Sem Hipocótilo,98.01,94.0,94.0,96.0,0,0,0,0
C6R2_1736353207847_jpg.rf.855c11a688b8b5af064d266572cc7e90.png,28,392.2,314.0,Normal,133.32,129.0,126.0,134.0,0,0,0,2
C6R2_1736353207847_jpg.rf.855c11a688b8b5af064d266572cc7e90.png,29,414.6,344.3,Sem Raiz,31.86,30.0,28.0,34.0,0,0,0,1
C6R2_1736353207847_jpg.rf.855c11a688b8b5af064d266572cc7e90.png,30,466.4,350.8,Normal,96.88,91.0,87.0,96.0,0,0,0,1
C6R2_1736353207847_jpg.rf.855c11a688b8b5af064d266572cc7e90.png,31,550.5,299.1,Normal,88.8,78.0,75.0,81.0,0,0,0,0
C6R2_1736353207847_jpg.rf.855c11a688b8b5af064d266572cc7e90.png,32,599.0,349.3,Normal,133.58,122.0,118.0,133.0,0,0,0,2
C6R2_1736353207847_jpg.rf.855c11a688b8b5af064d266572cc7e90.png,33,100.5,395.5,Normal,179.02,175.0,166.0,177.0,0,3,0,3
C6R2_1736353207847_jpg.rf.855c11a688b8b5af064d266572cc7e90.png,34,258.2,405.7,Normal,119.95,109.0,108.0,118.0,0,0,0,2
C6R2_1736353207847_jpg.rf.855c11a688b8b5af064d266572cc7e90.png,35,363.7,378.3,Sem Raiz,5.57,5.0,1.0,10.0,0,0,0,0
C6R2_1736353207847_jpg.rf.855c11a688b8b5af064d266572cc7e90.png,36,370.7,428.7,Sem Hipocótilo,61.62,58.0,56.0,59.0,0,0,0,0
C6R2_1736353207847_jpg.rf.855c11a688b8b5af064d266572cc7e90.png,37,517.8,438.5,Normal,34.56,33.0,29.0,39.0,0,0,0,2
C6R2_1736353207847_jpg.rf.855c11a688b8b5af064d266572cc7e90.png,38,552.8,403.4,Normal,130.73,124.0,122.0,131.0,0,0,0,0
C6R2_1736353207847_jpg.rf.855c11a688b8b5af064d266572cc7e90.png,39,48.7,455.9,Normal,83.34,82.0,77.0,88.0,0,0,0,4
C6R2_1736353207847_jpg.rf.855c11a688b8b5af064d266572cc7e90.png,40,189.5,463.9,Sem Raiz,14.43,14.0,15.0,18.0,0,0,0,0
C6R2_1736353207847_jpg.rf.855c11a688b8b5af064d266572cc7e90.png,41,288.6,481.6,Normal,129.13,129.0,125.0,137.0,5,10,4,6
C6R2_1736353207847_jpg.rf.855c11a688b8b5af064d266572cc7e90.png,42,330.0,474.8,Normal,147.24,141.0,137.0,148.0,0,0,0,2
C6R2_1736353207847_jpg.rf.855c11a688b8b5af064d266572cc7e90.png,43,386.7,478.8,Normal,181.27,174.0,170.0,180.0,0,0,0,6
C6R2_1736353207847_jpg.rf.855c11a688b8b5af064d266572cc7e90.png,44,424.7,503.2,Normal,182.89,180.0,177.0,190.0,4,4,0,8
C6R2_1736353207847_jpg.rf.855c11a688b8b5af064d266572cc7e90.png,45,463.0,511.5,Normal,109.0,113.0,107.0,115.0,0,4,0,2
C6R2_1736353207847_jpg.rf.855c11a688b8b5af064d266572cc7e90.png,46,497.7,479.5,Normal,142.98,128.0,124.0,133.0,0,0,0,1
C6R2_1736353207847_jpg.rf.855c11a688b8b5af064d266572cc7e90.png,47,609.5,491.0,Normal,110.29,105.0,102.0,110.0,0,0,0,2
C6R2_1736353207847_jpg.rf.855c11a688b8b5af064d266572cc7e90.png,48,73.2,545.4,Normal,100.64,101.0,91.0,106.0,0,7,0,4
C6R2_1736353207847_jpg.rf.855c11a688b8b5af064d266572cc7e90.png,49,123.6,544.1,Normal,87.15,80.0,77.0,84.0,0,0,0,0
C6R2_1736353207847_jpg.rf.855c11a688b8b5af064d266572cc7e90.png,50,157.5,539.7,Normal,141.51,131.0,128.0,141.0,0,0,0,2
C6R2_1736353207847_jpg.rf.855c11a688b8b5af064d266572cc7e90.png,51,198.1,543.3,Sem Hipocótilo,126.09,122.0,119.0,124.0,0,0,0,0
C6R2_1736353207847_jpg.rf.855c11a688b8b5af064d266572cc7e90.png,52,265.9,534.7,Normal,113.36,114.0,104.0,126.0,0,5,0,8
C6R2_1736353207847_jpg.rf.855c11a688b8b5af064d266572cc7e90.png,53,547.1,553.9,Normal,101.78,100.0,98.0,107.0,0,0,0,4
C6R2_1736353207847_jpg.rf.855c11a688b8b5af064d266572cc7e90.png,54,573.3,547.2,Normal,73.92,71.0,71.0,81.0,0,0,0,1
C6R3_1736353207830_jpg.rf.2b0ad61600985f900cbc0b3c7068106a.png,1,600.4,117.5,Normal,44.44,47.0,43.0,54.0,0,3,0,2
C6R3_1736353207830_jpg.rf.2b0ad61600985f900cbc0b3c7068106a.png,2,75.7,183.6,Normal,125.96,114.0,109.0,118.0,0,0,0,4
C6R3_1736353207830_jpg.rf.2b0ad61600985f900cbc0b3c7068106a.png,3,113.6,125.0,Normal,36.18,40.0,33.0,43.0,0,3,0,4
C6R3_1736353207830_jpg.rf.2b0ad61600985f900cbc0b3c7068106a.png,4,169.9,180.1,Normal,85.61,82.0,74.0,86.0,0,0,0,6
C6R3_1736353207830_jpg.rf.2b0ad61600985f900cbc0b3c7068106a.png,5,201.7,136.8,Sem Raiz,15.5,15.0,12.0,18.0,0,0,0,1
C6R3_1736353207830_jpg.rf.2b0ad61600985f900cbc0b3c7068106a.png,6,269.3,122.1,Sem Raiz,29.15,27.0,23.0,30.0,0,0,0,1
C6R3_1736353207830_jpg.rf.2b0ad61600985f900cbc0b3c7068106a.png,7,270.0,176.7,Sem Hipocótilo,60.9,56.0,55.0,57.0,0,0,0,0
C6R3_1736353207830_jpg.rf.2b0ad61600985f900cbc0b3c7068106a.png,8,310.1,179.1,Normal,142.24,129.0,128.0,134.0,0,0,0,2
C6R3_1736353207830_jpg.rf.2b0ad61600985f900cbc0b3c7068106a.png,9,396.2,170.2,Normal,97.38,92.0,87.0,96.0,0,0,0,6
C6R3_1736353207830_jpg.rf.2b0ad61600985f900cbc0b3c7068106a.png,10,432.9,170.7,Normal,80.47,76.0,70.0,81.0,0,0,0,2
C6R3_1736353207830_jpg.rf.2b0ad61600985f900cbc0b3c7068106a.png,11,481.7,146.0,Normal,53.02,50.0,42.0,57.0,0,0,0,4
C6R3_1736353207830_jpg.rf.2b0ad61600985f900cbc0b3c7068106a.png,12,542.4,176.0,Normal,101.09,94.0,88.0,99.0,0,0,0,3
C6R3_1736353207830_jpg.rf.2b0ad61600985f900cbc0b3c7068106a.png,13,52.0,237.3,Sem Raiz,27.66,24.0,22.0,25.0,0,0,0,0
C6R3_1736353207830_jpg.rf.2b0ad61600985f900cbc0b3c7068106a.png,14,140.9,248.4,Normal,124.22,118.0,113.0,122.0,0,0,0,3
C6R3_1736353207830_jpg.rf.2b0ad61600985f900cbc0b3c7068106a.png,15,192.2,252.6,Normal,108.96,103.0,101.0,112.0,0,0,0,3
C6R3_1736353207830_jpg.rf.2b0ad61600985f900cbc0b3c7068106a.png,16,218.2,204.5,Normal,110.83,115.0,104.0,120.0,0,3,0,6
C6R3_1736353207830_jpg.rf.2b0ad61600985f900cbc0b3c7068106a.png,17,241.7,210.5,Normal,39.03,37.0,30.0,43.0,0,0,0,3
C6R3_1736353207830_jpg.rf.2b0ad61600985f900cbc0b3c7068106a.png,18,319.8,277.5,Normal,66.64,58.0,55.0,67.0,0,0,0,4
C6R3_1736353207830_jpg.rf.2b0ad61600985f900cbc0b3c7068106a.png,19,358.2,258.8,Normal,133.26,125.0,121.0,130.0,0,0,0,2
C6R3_1736353207830_jpg.rf.2b0ad61600985f900cbc0b3c7068106a.png,20,429.2,250.4,Normal,61.37,57.0,51.0,65.0,0,0,0,6
C6R3_1736353207830_jpg.rf.2b0ad61600985f900cbc0b3c7068106a.png,21,484.6,226.9,Normal,90.41,85.0,79.0,90.0,0,0,0,4
C6R3_1736353207830_jpg.rf.2b0ad61600985f900cbc0b3c7068106a.png,22,582.9,249.2,Normal,121.39,112.0,110.0,125.0,0,0,0,10
C6R3_1736353207830_jpg.rf.2b0ad61600985f900cbc0b3c7068106a.png,23,43.0,311.7,Sem Hipocótilo,112.07,109.0,104.0,110.0,0,0,0,0
C6R3_1736353207830_jpg.rf.2b0ad61600985f900cbc0b3c7068106a.png,24,67.1,350.0,Normal,68.61,65.0,62.0,71.0,0,0,0,6
C6R3_1736353207830_jpg.rf.2b0ad61600985f900cbc0b3c7068106a.png,25,103.8,322.1,Normal,89.11,81.0,76.0,88.0,0,0,0,4
C6R3_1736353207830_jpg.rf.2b0ad61600985f900cbc0b3c7068106a.png,26,151.2,323.7,Sem Raiz,13.38,16.0,7.0,18.0,3,3,0,3
C6R3_1736353207830_jpg.rf.2b0ad61600985f900cbc0b3c7068106a.png,27,238.9,312.5,Sem Raiz,24.12,22.0,22.0,24.0,0,0,0,1
C6R3_1736353207830_jpg.rf.2b0ad61600985f900cbc0b3c7068106a.png,28,275.8,290.9,Normal,97.01,89.0,87.0,98.0,0,0,0,1
C6R3_1736353207830_jpg.rf.2b0ad61600985f900cbc0b3c7068106a.png,29,375.7,314.5,Normal,170.49,160.0,156.0,165.0,0,0,0,2
C6R3_1736353207830_jpg.rf.2b0ad61600985f900cbc0b3c7068106a.png,30,402.2,348.0,Sem Hipocótilo,55.74,57.0,51.0,57.0,3,3,0,1
C6R3_1736353207830_jpg.rf.2b0ad61600985f900cbc0b3c7068106a.png,31,404.8,304.2,Sem Raiz,13.48,12.0,5.0,17.0,0,0,0,1
C6R3_1736353207830_jpg.rf.2b0ad61600985f900cbc0b3c7068106a.png,32,484.0,343.3,Normal,73.36,68.0,61.0,78.0,0,0,0,5
C6R3_1736353207830_jpg.rf.2b0ad61600985f900cbc0b3c7068106a.png,33,533.5,281.1,Normal,102.42,97.0,90.0,109.0,0,0,0,6
C6R3_1736353207830_jpg.rf.2b0ad61600985f900cbc0b3c7068106a.png,34,588.7,327.4,Normal,118.77,103.0,96.0,110.0,0,0,0,3
C6R3_1736353207830_jpg.rf.2b0ad61600985f900cbc0b3c7068106a.png,35,136.7,398.6,Sem Hipocótilo,127.55,115.0,115.0,119.0,0,0,0,3
C6R3_1736353207830_jpg.rf.2b0ad61600985f900cbc0b3c7068106a.png,36,158.0,433.7,Normal,122.69,120.0,113.0,125.0,0,0,0,6
C6R3_1736353207830_jpg.rf.2b0ad61600985f900cbc0b3c7068106a.png,37,190.4,431.2,Normal,214.81,209.0,202.0,214.0,0,3,0,4
C6R3_1736353207830_jpg.rf.2b0ad61600985f900cbc0b3c7068106a.png,38,223.1,401.9,Sem Raiz,31.96,29.0,26.0,32.0,0,0,0,0
C6R3_1736353207830_jpg.rf.2b0ad61600985f900cbc0b3c7068106a.png,39,266.0,424.4,Normal,178.89,170.0,165.0,175.0,0,0,0,6
C6R3_1736353207830_jpg.rf.2b0ad61600985f900cbc0b3c7068106a.png,40,296.9,377.5,Normal,92.86,79.0,72.0,82.0,0,0,0,3
C6R3_1736353207830_jpg.rf.2b0ad61600985f900cbc0b3c7068106a.png,41,300.5,429.0,Sem Raiz,19.36,20.0,18.0,23.0,0,0,0,0
C6R3_1736353207830_jpg.rf.2b0ad61600985f900cbc0b3c7068106a.png,42,328.1,422.0,Sem Raiz,23.81,23.0,22.0,27.0,0,0,0,1
C6R3_1736353207830_jpg.rf.2b0ad61600985f900cbc0b3c7068106a.png,43,429.6,406.0,Normal,244.1,237.0,230.0,253.0,0,5,4,9
C6R3_1736353207830_jpg.rf.2b0ad61600985f900cbc0b3c7068106a.png,44,492.6,422.2,Normal,48.95,51.0,41.0,56.0,0,4,0,4
C6R3_1736353207830_jpg.rf.2b0ad61600985f900cbc0b3c7068106a.png,45,528.4,382.3,Normal,66.03,69.0,58.0,76.0,4,4,1,5
C6R3_1736353207830_jpg.rf.2b0ad61600985f900cbc0b3c7068106a.png,46,603.5,436.0,Normal,180.81,171.0,166.0,175.0,0,0,0,3
C6R3_1736353207830_jpg.rf.2b0ad61600985f900cbc0b3c7068106a.png,47,82.5,440.5,Normal,106.04,103.0,99.0,109.0,0,0,0,4
C6R3_1736353207830_jpg.rf.2b0ad61600985f900cbc0b3c7068106a.png,48,246.9,484.6,Normal,82.19,84.0,77.0,88.0,2,7,1,2
C6R3_1736353207830_jpg.rf.2b0ad61600985f900cbc0b3c7068106a.png,49,321.4,499.9,Sem Hipocótilo,110.68,108.0,106.0,109.0,0,0,0,1
C6R3_1736353207830_jpg.rf.2b0ad61600985f900cbc0b3c7068106a.png,50,348.6,449.2,Normal,128.13,122.0,120.0,129.0,0,0,0,5
C6R3_1736353207830_jpg.rf.2b0ad61600985f900cbc0b3c7068106a.png,51,384.4,459.5,Normal,146.26,133.0,133.0,140.0,0,0,0,1
C6R3_1736353207830_jpg.rf.2b0ad61600985f900cbc0b3c7068106a.png,52,472.6,512.6,Normal,104.52,97.0,93.0,102.0,0,0,0,1
C6R3_1736353207830_jpg.rf.2b0ad61600985f900cbc0b3c7068106a.png,53,535.8,507.9,Normal,177.84,173.0,168.0,181.0,0,1,0,3
C6R3_1736353207830_jpg.rf.2b0ad61600985f900cbc0b3c7068106a.png,54,560.2,515.8,Normal,124.21,116.0,109.0,116.0,0,0,0,0
C6R3_1736353207830_jpg.rf.2b0ad61600985f900cbc0b3c7068106a.png,55,595.1,541.8,Normal,25.92,24.0,22.0,29.0,0,0,0,0
C6R4_1736353207809_jpg.rf.6c21a6c43f0b56c0c485fde8bcf09a9a.png,1,380.2,110.2,Sem Raiz,33.88,29.0,29.0,33.0,0,0,0,2
C6R4_1736353207809_jpg.rf.6c21a6c43f0b56c0c485fde8bcf09a9a.png,2,437.8,103.6,Sem Raiz,10.5,10.0,6.0,11.0,0,0,0,0
C6R4_1736353207809_jpg.rf.6c21a6c43f0b56c0c485fde8bcf09a9a.png,3,79.5,150.3,Normal,145.1,137.0,130.0,142.0,3,3,0,4
C6R4_1736353207809_jpg.rf.6c21a6c43f0b56c0c485fde8bcf09a9a.png,4,139.5,136.1,Normal,51.28,51.0,42.0,57.0,0,0,0,6
C6R4_1736353207809_jpg.rf.6c21a6c43f0b56c0c485fde8bcf09a9a.png,5,179.0,185.7,Normal,157.1,151.0,144.0,153.0,0,3,0,4
C6R4_1736353207809_jpg.rf.6c21a6c43f0b56c0c485fde8bcf09a9a.png,6,200.6,179.5,Normal,121.6,119.0,111.0,123.0,2,4,0,2
C6R4_1736353207809_jpg.rf.6c21a6c43f0b56c0c485fde8bcf09a9a.png,7,242.7,134.5,Sem Hipocótilo,22.67,20.0,17.0,22.0,0,0,0,3
C6R4_1736353207809_jpg.rf.6c21a6c43f0b56c0c485fde8bcf09a9a.png,8,282.6,183.7,Normal,113.52,108.0,103.0,118.0,0,0,0,8
C6R4_1736353207809_jpg.rf.6c21a6c43f0b56c0c485fde8bcf09a9a.png,9,310.4,174.1,Normal,121.33,111.0,107.0,117.0,0,0,0,7
C6R4_1736353207809_jpg.rf.6c21a6c43f0b56c0c485fde8bcf09a9a.png,10,373.0,179.8,Sem Raiz,39.02,37.0,36.0,40.0,1,1,0,2
C6R4_1736353207809_jpg.rf.6c21a6c43f0b56c0c485fde8bcf09a9a.png,11,391.6,144.7,Sem Hipocótilo,15.86,15.0,11.0,18.0,0,0,0,1
C6R4_1736353207809_jpg.rf.6c21a6c43f0b56c0c485fde8bcf09a9a.png,12,430.2,171.4,Sem Raiz,26.55,23.0,20.0,25.0,0,0,0,0
C6R4_1736353207809_jpg.rf.6c21a6c43f0b56c0c485fde8bcf09a9a.png,13,433.6,136.6,Sem Hipocótilo,40.89,40.0,38.0,43.0,0,0,0,3
C6R4_1736353207809_jpg.rf.6c21a6c43f0b56c0c485fde8bcf09a9a.png,14,500.6,171.9,Normal,94.01,87.0,83.0,98.0,0,0,0,7
C6R4_1736353207809_jpg.rf.6c21a6c43f0b56c0c485fde8bcf09a9a.png,15,597.9,184.5,Sem Raiz,25.18,23.0,21.0,25.0,0,0,0,0
C6R4_1736353207809_jpg.rf.6c21a6c43f0b56c0c485fde8bcf09a9a.png,16,620.7,170.2,Normal,104.88,100.0,91.0,104.0,0,0,0,2
C6R4_1736353207809_jpg.rf.6c21a6c43f0b56c0c485fde8bcf09a9a.png,17,87.5,279.9,Normal,87.21,84.0,78.0,90.0,0,0,0,4
C6R4_1736353207809_jpg.rf.6c21a6c43f0b56c0c485fde8bcf09a9a.png,18,121.2,217.8,Normal,126.4,122.0,117.0,135.0,0,0,0,5
C6R4_1736353207809_jpg.rf.6c21a6c43f0b56c0c485fde8bcf09a9a.png,19,244.2,207.8,Sem Raiz,32.12,32.0,30.0,38.0,0,0,0,1
C6R4_1736353207809_jpg.rf.6c21a6c43f0b56c0c485fde8bcf09a9a.png,20,275.6,275.0,Sem Raiz,40.76,40.0,37.0,43.0,0,0,0,0
C6R4_1736353207809_jpg.rf.6c21a6c43f0b56c0c485fde8bcf09a9a.png,21,326.6,263.0,Sem Raiz,27.56,26.0,21.0,34.0,0,0,0,2
C6R4_1736353207809_jpg.rf.6c21a6c43f0b56c0c485fde8bcf09a9a.png,22,361.1,238.3,Sem Hipocótilo,75.67,66.0,65.0,68.0,0,0,0,3
C6R4_1736353207809_jpg.rf.6c21a6c43f0b56c0c485fde8bcf09a9a.png,23,419.5,237.3,Sem Raiz,12.12,12.0,9.0,18.0,0,0,0,4
C6R4_1736353207809_jpg.rf.6c21a6c43f0b56c0c485fde8bcf09a9a.png,24,512.9,236.4,Normal,43.22,39.0,36.0,50.0,0,0,0,4
C6R4_1736353207809_jpg.rf.6c21a6c43f0b56c0c485fde8bcf09a9a.png,25,554.8,203.0,Normal,110.15,98.0,96.0,108.0,0,0,0,3
C6R4_1736353207809_jpg.rf.6c21a6c43f0b56c0c485fde8bcf09a9a.png,26,584.9,262.1,Sem Hipocótilo,105.36,100.0,97.0,102.0,0,0,0,1
C6R4_1736353207809_jpg.rf.6c21a6c43f0b56c0c485fde8bcf09a9a.png,27,60.2,301.1,Sem Raiz,24.68,24.0,17.0,25.0,0,3,0,1
C6R4_1736353207809_jpg.rf.6c21a6c43f0b56c0c485fde8bcf09a9a.png,28,203.2,313.1,Normal,159.83,157.0,152.0,161.0,1,3,0,3
C6R4_1736353207809_jpg.rf.6c21a6c43f0b56c0c485fde8bcf09a9a.png,29,227.9,331.5,Normal,63.56,60.0,59.0,68.0,0,0,0,6
C6R4_1736353207809_jpg.rf.6c21a6c43f0b56c0c485fde8bcf09a9a.png,30,263.0,337.7,Sem Raiz,8.99,9.0,7.0,14.0,0,0,0,3
C6R4_1736353207809_jpg.rf.6c21a6c43f0b56c0c485fde8bcf09a9a.png,31,296.4,324.0,Normal,79.6,72.0,68.0,79.0,0,0,0,4
C6R4_1736353207809_jpg.rf.6c21a6c43f0b56c0c485fde8bcf09a9a.png,32,384.2,319.5,Normal,30.73,29.0,29.0,35.0,0,0,0,3
C6R4_1736353207809_jpg.rf.6c21a6c43f0b56c0c485fde8bcf09a9a.png,33,434.3,308.9,Sem Hipocótilo,114.31,109.0,107.0,111.0,0,0,0,1
C6R4_1736353207809_jpg.rf.6c21a6c43f0b56c0c485fde8bcf09a9a.png,34,464.7,316.0,Normal,169.36,164.0,162.0,171.0,0,0,0,2
C6R4_1736353207809_jpg.rf.6c21a6c43f0b56c0c485fde8bcf09a9a.png,35,539.7,333.5,Normal,125.14,110.0,109.0,125.0,0,0,0,8
C6R4_1736353207809_jpg.rf.6c21a6c43f0b56c0c485fde8bcf09a9a.png,36,607.0,334.2,Normal,151.47,147.0,141.0,152.0,0,0,0,2
C6R4_1736353207809_jpg.rf.6c21a6c43f0b56c0c485fde8bcf09a9a.png,37,52.8,383.5,Sem Hipocótilo,125.63,118.0,116.0,121.0,0,0,0,3
C6R4_1736353207809_jpg.rf.6c21a6c43f0b56c0c485fde8bcf09a9a.png,38,115.0,435.6,Normal,81.44,79.0,72.0,86.0,0,0,0,6
C6R4_1736353207809_jpg.rf.6c21a6c43f0b56c0c485fde8bcf09a9a.png,39,276.2,411.9,Sem Hipocótilo,108.87,105.0,102.0,111.0,0,0,0,3
C6R4_1736353207809_jpg.rf.6c21a6c43f0b56c0c485fde8bcf09a9a.png,40,314.0,416.7,Normal,145.03,131.0,130.0,137.0,0,0,0,1
C6R4_1736353207809_jpg.rf.6c21a6c43f0b56c0c485fde8bcf09a9a.png,41,354.3,363.9,Normal,110.81,106.0,104.0,112.0,1,1,0,5
C6R4_1736353207809_jpg.rf.6c21a6c43f0b56c0c485fde8bcf09a9a.png,42,416.6,395.9,Normal,98.9,90.0,82.0,96.0,3,3,0,4
C6R4_1736353207809_jpg.rf.6c21a6c43f0b56c0c485fde8bcf09a9a.png,43,500.2,418.7,Normal,125.65,123.0,118.0,130.0,3,3,0,2
C6R4_1736353207809_jpg.rf.6c21a6c43f0b56c0c485fde8bcf09a9a.png,44,79.1,472.5,Normal,128.86,121.0,114.0,124.0,0,0,0,3
C6R4_1736353207809_jpg.rf.6c21a6c43f0b56c0c485fde8bcf09a9a.png,45,156.1,452.1,Normal,72.9,70.0,60.0,73.0,0,0,0,2
C6R4_1736353207809_jpg.rf.6c21a6c43f0b56c0c485fde8bcf09a9a.png,46,211.8,462.9,Sem Raiz,16.28,18.0,13.0,24.0,4,4,0,5
C6R4_1736353207809_jpg.rf.6c21a6c43f0b56c0c485fde8bcf09a9a.png,47,255.5,460.5,Normal,39.82,45.0,36.0,49.0,0,3,0,7
C6R4_1736353207809_jpg.rf.6c21a6c43f0b56c0c485fde8bcf09a9a.png,48,323.6,501.1,Normal,161.05,156.0,150.0,162.0,0,0,0,6
C6R4_1736353207809_jpg.rf.6c21a6c43f0b56c0c485fde8bcf09a9a.png,49,376.5,508.2,Normal,144.88,139.0,131.0,143.0,0,0,0,2
C6R4_1736353207809_jpg.rf.6c21a6c43f0b56c0c485fde8bcf09a9a.png,50,433.8,497.3,Normal,178.31,166.0,163.0,176.0,0,1,0,5
C6R4_1736353207809_jpg.rf.6c21a6c43f0b56c0c485fde8bcf09a9a.png,51,476.0,487.4,Normal,88.24,81.0,78.0,88.0,0,0,0,6
C6R4_1736353207809_jpg.rf.6c21a6c43f0b56c0c485fde8bcf09a9a.png,52,526.8,449.8,Normal,99.65,90.0,81.0,95.0,0,3,0,7
C6R4_1736353207809_jpg.rf.6c21a6c43f0b56c0c485fde8bcf09a9a.png,53,554.9,503.6,Sem Raiz,67.11,66.0,60.0,70.0,0,0,0,1
C6R4_1736353207809_jpg.rf.6c21a6c43f0b56c0c485fde8bcf09a9a.png,54,594.9,518.8,Normal,141.15,130.0,125.0,137.0,0,0,0,6
C6R5_1736353207791_jpg.rf.48227321fd180852e636a384adf6af27.png,1,212.8,97.3,Sem Raiz,34.52,31.0,30.0,33.0,0,0,0,0
C6R5_1736353207791_jpg.rf.48227321fd180852e636a384adf6af27.png,2,95.4,122.0,Normal,102.76,92.0,88.0,98.0,0,0,0,2
C6R5_1736353207791_jpg.rf.48227321fd180852e636a384adf6af27.png,3,185.7,186.3,Normal,118.84,113.0,106.0,118.0,0,0,0,2
C6R5_1736353207791_jpg.rf.48227321fd180852e636a384adf6af27.png,4,257.6,156.3,Normal,113.04,108.0,99.0,113.0,0,0,0,3
C6R5_1736353207791_jpg.rf.48227321fd180852e636a384adf6af27.png,5,317.7,175.1,Normal,90.17,83.0,81.0,95.0,0,0,0,3
C6R5_1736353207791_jpg.rf.48227321fd180852e636a384adf6af27.png,6,385.5,186.1,Normal,178.68,171.0,167.0,178.0,0,0,0,6
C6R5_1736353207791_jpg.rf.48227321fd180852e636a384adf6af27.png,7,449.2,163.0,Normal,60.73,65.0,59.0,70.0,0,4,0,4
C6R5_1736353207791_jpg.rf.48227321fd180852e636a384adf6af27.png,8,535.4,190.7,Sem Hipocótilo,110.88,112.0,106.0,113.0,0,3,0,3
C6R5_1736353207791_jpg.rf.48227321fd180852e636a384adf6af27.png,9,552.4,122.6,Sem Raiz,13.4,13.0,13.0,15.0,0,0,0,0
C6R5_1736353207791_jpg.rf.48227321fd180852e636a384adf6af27.png,10,580.5,148.1,Normal,103.18,101.0,96.0,107.0,0,1,0,2
C6R5_1736353207791_jpg.rf.48227321fd180852e636a384adf6af27.png,11,93.2,250.1,Normal,91.46,85.0,76.0,88.0,0,0,0,1
C6R5_1736353207791_jpg.rf.48227321fd180852e636a384adf6af27.png,12,130.8,201.3,Normal,154.25,155.0,144.0,160.0,5,6,0,3
C6R5_1736353207791_jpg.rf.48227321fd180852e636a384adf6af27.png,13,350.7,210.7,Normal,131.8,121.0,119.0,128.0,0,0,0,0
C6R5_1736353207791_jpg.rf.48227321fd180852e636a384adf6af27.png,14,405.6,204.8,Normal,143.14,137.0,132.0,141.0,0,0,0,2
C6R5_1736353207791_jpg.rf.48227321fd180852e636a384adf6af27.png,15,434.2,265.0,Normal,74.21,70.0,66.0,74.0,0,0,0,1
C6R5_1736353207791_jpg.rf.48227321fd180852e636a384adf6af27.png,16,492.1,207.6,Normal,95.51,87.0,79.0,93.0,3,3,0,4
C6R5_1736353207791_jpg.rf.48227321fd180852e636a384adf6af27.png,17,159.4,311.0,Normal,79.04,74.0,71.0,82.0,0,0,0,3
C6R5_1736353207791_jpg.rf.48227321fd180852e636a384adf6af27.png,18,195.4,305.8,Normal,131.43,124.0,124.0,128.0,0,0,0,2
C6R5_1736353207791_jpg.rf.48227321fd180852e636a384adf6af27.png,19,240.1,288.9,Normal,130.78,122.0,120.0,128.0,0,0,0,1
C6R5_1736353207791_jpg.rf.48227321fd180852e636a384adf6af27.png,20,264.2,295.8,Normal,78.2,73.0,68.0,77.0,0,0,0,2
C6R5_1736353207791_jpg.rf.48227321fd180852e636a384adf6af27.png,21,294.9,307.6,Normal,140.84,134.0,127.0,137.0,0,0,0,1
C6R5_1736353207791_jpg.rf.48227321fd180852e636a384adf6af27.png,22,326.5,350.1,Normal,111.49,105.0,98.0,108.0,0,0,0,2
C6R5_1736353207791_jpg.rf.48227321fd180852e636a384adf6af27.png,23,353.2,302.1,Normal,32.07,34.0,27.0,40.0,0,4,0,9
C6R5_1736353207791_jpg.rf.48227321fd180852e636a384adf6af27.png,24,422.9,336.6,Sem Raiz,34.91,33.0,31.0,37.0,0,0,0,1
C6R5_1736353207791_jpg.rf.48227321fd180852e636a384adf6af27.png,25,490.9,330.4,Sem Hipocótilo,26.57,24.0,24.0,25.0,0,0,0,0
C6R5_1736353207791_jpg.rf.48227321fd180852e636a384adf6af27.png,26,503.1,282.0,Sem Raiz,57.02,55.0,53.0,56.0,0,0,0,0
C6R5_1736353207791_jpg.rf.48227321fd180852e636a384adf6af27.png,27,564.2,283.5,Normal,60.89,57.0,48.0,59.0,0,0,0,0
C6R5_1736353207791_jpg.rf.48227321fd180852e636a384adf6af27.png,28,601.9,290.6,Normal,146.13,143.0,132.0,147.0,0,3,0,5
C6R5_1736353207791_jpg.rf.48227321fd180852e636a384adf6af27.png,29,82.8,370.9,Normal,84.61,85.0,76.0,87.0,0,3,1,2
C6R5_1736353207791_jpg.rf.48227321fd180852e636a384adf6af27.png,30,146.9,400.7,Sem Hipocótilo,14.45,14.0,15.0,19.0,0,0,0,3
C6R5_1736353207791_jpg.rf.48227321fd180852e636a384adf6af27.png,31,168.4,385.8,Sem Raiz,33.13,31.0,30.0,33.0,0,0,0,1
C6R5_1736353207791_jpg.rf.48227321fd180852e636a384adf6af27.png,32,211.4,437.4,Sem Raiz,22.31,20.0,14.0,22.0,0,0,0,0
C6R5_1736353207791_jpg.rf.48227321fd180852e636a384adf6af27.png,33,219.6,368.6,Normal,99.9,89.0,84.0,98.0,0,0,0,5
C6R5_1736353207791_jpg.rf.48227321fd180852e636a384adf6af27.png,34,266.9,422.5,Normal,113.62,103.0,97.0,111.0,0,0,0,6
C6R5_1736353207791_jpg.rf.48227321fd180852e636a384adf6af27.png,35,358.5,411.5,Normal,71.88,65.0,61.0,68.0,0,0,0,0
C6R5_1736353207791_jpg.rf.48227321fd180852e636a384adf6af27.png,36,395.6,390.2,Normal,184.68,179.0,171.0,189.0,0,0,0,4
C6R5_1736353207791_jpg.rf.48227321fd180852e636a384adf6af27.png,37,437.6,378.0,Sem Hipocótilo,33.22,30.0,28.0,33.0,0,0,0,1
C6R5_1736353207791_jpg.rf.48227321fd180852e636a384adf6af27.png,38,496.6,380.6,Sem Raiz,29.4,37.0,31.0,41.0,4,7,3,5
C6R5_1736353207791_jpg.rf.48227321fd180852e636a384adf6af27.png,39,551.7,393.6,Normal,121.59,113.0,110.0,123.0,0,0,0,9
C6R5_1736353207791_jpg.rf.48227321fd180852e636a384adf6af27.png,40,591.4,401.8,Normal,36.21,34.0,26.0,37.0,0,0,0,1
C6R5_1736353207791_jpg.rf.48227321fd180852e636a384adf6af27.png,41,95.8,475.8,Sem Hipocótilo,17.85,17.0,17.0,19.0,0,0,0,0
C6R5_1736353207791_jpg.rf.48227321fd180852e636a384adf6af27.png,42,144.7,490.0,Normal,70.7,67.0,55.0,71.0,0,0,0,4
C6R5_1736353207791_jpg.rf.48227321fd180852e636a384adf6af27.png,43,209.0,515.5,Normal,43.62,44.0,35.0,47.0,0,3,0,4
C6R5_1736353207791_jpg.rf.48227321fd180852e636a384adf6af27.png,44,242.3,505.8,Normal,105.58,105.0,99.0,110.0,0,0,0,1
C6R5_1736353207791_jpg.rf.48227321fd180852e636a384adf6af27.png,45,288.9,480.1,Normal,132.07,126.0,127.0,133.0,0,0,0,3
C6R5_1736353207791_jpg.rf.48227321fd180852e636a384adf6af27.png,46,338.3,503.8,Normal,122.34,112.0,110.0,122.0,0,0,0,11
C6R5_1736353207791_jpg.rf.48227321fd180852e636a384adf6af27.png,47,426.3,468.2,Normal,95.14,91.0,86.0,93.0,0,0,0,0
C6R5_1736353207791_jpg.rf.48227321fd180852e636a384adf6af27.png,48,468.9,493.6,Normal,141.84,129.0,126.0,138.0,0,0,0,5
C6R5_1736353207791_jpg.rf.48227321fd180852e636a384adf6af27.png,49,508.6,495.7,Normal,174.03,168.0,160.0,174.0,0,9,6,7
C6R5_1736353207791_jpg.rf.48227321fd180852e636a384adf6af27.png,50,578.6,470.9,Sem Hipocótilo,19.39,16.0,14.0,19.0,0,0,0,3
C6R6_1736353207768_jpg.rf.2e95fbcdec6e6c4b7c9dc080e0cc79e6.png,1,129.1,184.2,Normal,119.27,115.0,107.0,119.0,0,3,0,4
C6R6_1736353207768_jpg.rf.2e95fbcdec6e6c4b7c9dc080e0cc79e6.png,2,173.7,188.7,Normal,95.17,82.0,77.0,89.0,0,0,0,3
C6R6_1736353207768_jpg.rf.2e95fbcdec6e6c4b7c9dc080e0cc79e6.png,3,220.6,148.2,Sem Raiz,12.01,19.0,22.0,22.0,4,4,3,4
C6R6_1736353207768_jpg.rf.2e95fbcdec6e6c4b7c9dc080e0cc79e6.png,4,242.9,167.5,Normal,98.62,91.0,86.0,97.0,0,0,0,5
C6R6_1736353207768_jpg.rf.2e95fbcdec6e6c4b7c9dc080e0cc79e6.png,5,288.7,176.2,Normal,146.47,138.0,129.0,142.0,0,0,0,2
C6R6_1736353207768_jpg.rf.2e95fbcdec6e6c4b7c9dc080e0cc79e6.png,6,331.0,154.3,Normal,80.18,74.0,71.0,79.0,0,0,0,1
C6R6_1736353207768_jpg.rf.2e95fbcdec6e6c4b7c9dc080e0cc79e6.png,7,370.9,166.7,Sem Hipocótilo,25.81,24.0,23.0,25.0,0,0,0,0
C6R6_1736353207768_jpg.rf.2e95fbcdec6e6c4b7c9dc080e0cc79e6.png,8,375.5,126.2,Sem Raiz,33.52,31.0,26.0,36.0,1,1,0,4
C6R6_1736353207768_jpg.rf.2e95fbcdec6e6c4b7c9dc080e0cc79e6.png,9,403.8,190.1,Normal,112.32,107.0,100.0,111.0,0,0,0,0
C6R6_1736353207768_jpg.rf.2e95fbcdec6e6c4b7c9dc080e0cc79e6.png,10,449.0,194.6,Normal,166.65,160.0,157.0,167.0,0,0,0,2
C6R6_1736353207768_jpg.rf.2e95fbcdec6e6c4b7c9dc080e0cc79e6.png,11,481.1,147.0,Normal,118.06,114.0,102.0,124.0,0,6,0,13
C6R6_1736353207768_jpg.rf.2e95fbcdec6e6c4b7c9dc080e0cc79e6.png,12,531.1,167.1,Normal,54.06,49.0,42.0,53.0,1,1,0,1
C6R6_1736353207768_jpg.rf.2e95fbcdec6e6c4b7c9dc080e0cc79e6.png,13,576.1,181.8,Normal,103.61,101.0,95.0,108.0,0,0,0,4
C6R6_1736353207768_jpg.rf.2e95fbcdec6e6c4b7c9dc080e0cc79e6.png,14,80.7,260.2,Normal,52.29,50.0,44.0,57.0,0,0,0,6
C6R6_1736353207768_jpg.rf.2e95fbcdec6e6c4b7c9dc080e0cc79e6.png,15,106.2,216.0,Normal,120.05,109.0,106.0,113.0,0,0,0,1
C6R6_1736353207768_jpg.rf.2e95fbcdec6e6c4b7c9dc080e0cc79e6.png,16,150.3,279.2,Sem Raiz,13.21,22.0,19.0,30.0,1,7,4,6
C6R6_1736353207768_jpg.rf.2e95fbcdec6e6c4b7c9dc080e0cc79e6.png,17,197.8,228.8,Normal,33.35,29.0,26.0,32.0,0,0,0,0
C6R6_1736353207768_jpg.rf.2e95fbcdec6e6c4b7c9dc080e0cc79e6.png,18,278.4,249.5,Sem Hipocótilo,84.78,82.0,77.0,86.0,0,0,0,1
C6R6_1736353207768_jpg.rf.2e95fbcdec6e6c4b7c9dc080e0cc79e6.png,19,323.6,279.2,Normal,118.81,110.0,103.0,116.0,0,0,0,3
C6R6_1736353207768_jpg.rf.2e95fbcdec6e6c4b7c9dc080e0cc79e6.png,20,362.3,269.7,Normal,131.37,126.0,120.0,134.0,0,1,0,5
C6R6_1736353207768_jpg.rf.2e95fbcdec6e6c4b7c9dc080e0cc79e6.png,21,424.9,240.6,Sem Raiz,33.13,29.0,27.0,36.0,0,0,0,3
C6R6_1736353207768_jpg.rf.2e95fbcdec6e6c4b7c9dc080e0cc79e6.png,22,481.5,275.6,Sem Hipocótilo,11.77,11.0,6.0,10.0,0,0,0,0
C6R6_1736353207768_jpg.rf.2e95fbcdec6e6c4b7c9dc080e0cc79e6.png,23,113.3,337.6,Normal,85.73,82.0,76.0,87.0,0,0,0,2
C6R6_1736353207768_jpg.rf.2e95fbcdec6e6c4b7c9dc080e0cc79e6.png,24,150.4,322.1,Sem Hipocótilo,46.41,45.0,43.0,48.0,0,0,0,1
C6R6_1736353207768_jpg.rf.2e95fbcdec6e6c4b7c9dc080e0cc79e6.png,25,198.0,344.1,Normal,80.62,75.0,69.0,81.0,0,3,0,2
C6R6_1736353207768_jpg.rf.2e95fbcdec6e6c4b7c9dc080e0cc79e6.png,26,220.7,299.6,Normal,162.69,154.0,146.0,157.0,0,0,0,0
C6R6_1736353207768_jpg.rf.2e95fbcdec6e6c4b7c9dc080e0cc79e6.png,27,267.9,342.4,Normal,87.54,89.0,85.0,90.0,0,1,0,1
C6R6_1736353207768_jpg.rf.2e95fbcdec6e6c4b7c9dc080e0cc79e6.png,28,377.7,342.2,Sem Raiz,37.0,42.0,38.0,46.0,0,3,0,7
C6R6_1736353207768_jpg.rf.2e95fbcdec6e6c4b7c9dc080e0cc79e6.png,29,426.3,289.1,Sem Hipocótilo,45.26,44.0,40.0,46.0,0,0,0,1
C6R6_1736353207768_jpg.rf.2e95fbcdec6e6c4b7c9dc080e0cc79e6.png,30,463.1,349.0,Normal,63.59,57.0,50.0,66.0,0,0,0,4
C6R6_1736353207768_jpg.rf.2e95fbcdec6e6c4b7c9dc080e0cc79e6.png,31,523.4,285.0,Normal,125.46,108.0,101.0,117.0,0,0,0,6
C6R6_1736353207768_jpg.rf.2e95fbcdec6e6c4b7c9dc080e0cc79e6.png,32,546.8,336.2,Sem Raiz,28.62,25.0,24.0,31.0,0,0,0,3
C6R6_1736353207768_jpg.rf.2e95fbcdec6e6c4b7c9dc080e0cc79e6.png,33,600.0,299.6,Normal,69.34,66.0,58.0,70.0,0,0,0,4
C6R6_1736353207768_jpg.rf.2e95fbcdec6e6c4b7c9dc080e0cc79e6.png,34,71.4,367.9,Normal,97.62,94.0,87.0,100.0,0,0,0,6
C6R6_1736353207768_jpg.rf.2e95fbcdec6e6c4b7c9dc080e0cc79e6.png,35,170.1,409.6,Normal,94.96,92.0,85.0,99.0,0,0,0,6
C6R6_1736353207768_jpg.rf.2e95fbcdec6e6c4b7c9dc080e0cc79e6.png,36,256.3,436.7,Sem Raiz,18.93,18.0,16.0,23.0,0,0,0,2
C6R6_1736353207768_jpg.rf.2e95fbcdec6e6c4b7c9dc080e0cc79e6.png,37,285.0,420.0,Normal,109.51,103.0,92.0,108.0,0,3,0,6
C6R6_1736353207768_jpg.rf.2e95fbcdec6e6c4b7c9dc080e0cc79e6.png,38,312.0,413.7,Normal,94.86,93.0,89.0,98.0,0,0,0,6
C6R6_1736353207768_jpg.rf.2e95fbcdec6e6c4b7c9dc080e0cc79e6.png,39,363.5,397.1,Sem Hipocótilo,57.79,51.0,49.0,52.0,0,0,0,0
C6R6_1736353207768_jpg.rf.2e95fbcdec6e6c4b7c9dc080e0cc79e6.png,40,416.3,393.7,Normal,129.91,118.0,116.0,132.0,0,0,0,6
C6R6_1736353207768_jpg.rf.2e95fbcdec6e6c4b7c9dc080e0cc79e6.png,41,480.6,407.4,Normal,74.42,75.0,65.0,79.0,0,7,0,9
C6R6_1736353207768_jpg.rf.2e95fbcdec6e6c4b7c9dc080e0cc79e6.png,42,551.5,385.8,Sem Hipocótilo,67.27,65.0,61.0,66.0,0,0,0,0
C6R6_1736353207768_jpg.rf.2e95fbcdec6e6c4b7c9dc080e0cc79e6.png,43,592.1,375.3,Sem Hipocótilo,13.1,14.0,13.0,19.0,0,0,0,1
C6R6_1736353207768_jpg.rf.2e95fbcdec6e6c4b7c9dc080e0cc79e6.png,44,116.1,463.9,Normal,161.56,153.0,151.0,161.0,0,0,0,2
C6R6_1736353207768_jpg.rf.2e95fbcdec6e6c4b7c9dc080e0cc79e6.png,45,209.9,472.7,Normal,122.21,124.0,119.0,126.0,0,1,0,1
C6R6_1736353207768_jpg.rf.2e95fbcdec6e6c4b7c9dc080e0cc79e6.png,46,261.9,478.5,Sem Hipocótilo,50.31,48.0,46.0,49.0,0,0,0,0
C6R6_1736353207768_jpg.rf.2e95fbcdec6e6c4b7c9dc080e0cc79e6.png,47,290.3,510.8,Sem Raiz,30.01,27.0,23.0,28.0,0,0,0,0
C6R6_1736353207768_jpg.rf.2e95fbcdec6e6c4b7c9dc080e0cc79e6.png,48,331.6,498.8,Normal,115.52,107.0,101.0,112.0,0,0,0,6
C6R6_1736353207768_jpg.rf.2e95fbcdec6e6c4b7c9dc080e0cc79e6.png,49,364.6,490.7,Normal,136.59,130.0,127.0,139.0,0,0,0,4
C6R6_1736353207768_jpg.rf.2e95fbcdec6e6c4b7c9dc080e0cc79e6.png,50,412.2,485.3,Sem Raiz,14.35,13.0,8.0,16.0,0,0,0,1
C6R6_1736353207768_jpg.rf.2e95fbcdec6e6c4b7c9dc080e0cc79e6.png,51,449.8,466.0,Normal,96.06,89.0,83.0,96.0,0,0,0,4
C6R6_1736353207768_jpg.rf.2e95fbcdec6e6c4b7c9dc080e0cc79e6.png,52,479.7,480.8,Sem Hipocótilo,22.83,20.0,15.0,21.0,0,0,0,0
C6R6_1736353207768_jpg.rf.2e95fbcdec6e6c4b7c9dc080e0cc79e6.png,53,524.6,458.2,Normal,58.89,50.0,42.0,55.0,0,0,0,3
C6R6_1736353207768_jpg.rf.2e95fbcdec6e6c4b7c9dc080e0cc79e6.png,54,588.9,470.6,Normal,69.34,62.0,54.0,69.0,0,0,0,2
C6R6_1736353207768_jpg.rf.2e95fbcdec6e6c4b7c9dc080e0cc79e6.png,55,155.2,520.6,Sem Hipocótilo,34.74,33.0,32.0,33.0,0,0,0,0
C6R7_1736353207755_jpg.rf.cfb9be8b3e413440d9d1b83a19b6ca9f.png,1,262.3,106.9,Sem Raiz,15.54,18.0,14.0,20.0,0,0,0,1
C6R7_1736353207755_jpg.rf.cfb9be8b3e413440d9d1b83a19b6ca9f.png,2,109.3,188.1,Normal,145.98,133.0,127.0,139.0,0,0,0,1
C6R7_1736353207755_jpg.rf.cfb9be8b3e413440d9d1b83a19b6ca9f.png,3,152.8,144.9,Normal,35.54,34.0,29.0,43.0,0,0,0,4
C6R7_1736353207755_jpg.rf.cfb9be8b3e413440d9d1b83a19b6ca9f.png,4,184.0,164.1,Normal,114.95,109.0,100.0,110.0,2,4,0,2
C6R7_1736353207755_jpg.rf.cfb9be8b3e413440d9d1b83a19b6ca9f.png,5,214.8,194.9,Normal,109.96,104.0,97.0,112.0,0,0,0,1
C6R7_1736353207755_jpg.rf.cfb9be8b3e413440d9d1b83a19b6ca9f.png,6,238.4,161.1,Normal,136.94,126.0,123.0,138.0,0,0,0,2
C6R7_1736353207755_jpg.rf.cfb9be8b3e413440d9d1b83a19b6ca9f.png,7,260.3,163.2,Sem Hipocótilo,75.09,72.0,72.0,74.0,0,0,0,3
C6R7_1736353207755_jpg.rf.cfb9be8b3e413440d9d1b83a19b6ca9f.png,8,332.1,171.9,Normal,118.69,106.0,100.0,111.0,0,0,0,2
C6R7_1736353207755_jpg.rf.cfb9be8b3e413440d9d1b83a19b6ca9f.png,9,389.2,174.6,Normal,139.53,149.0,136.0,149.0,6,14,4,9
C6R7_1736353207755_jpg.rf.cfb9be8b3e413440d9d1b83a19b6ca9f.png,10,414.4,196.2,Normal,102.51,103.0,97.0,110.0,0,1,0,4
C6R7_1736353207755_jpg.rf.cfb9be8b3e413440d9d1b83a19b6ca9f.png,11,463.4,187.1,Normal,112.91,103.0,100.0,106.0,0,0,0,0
C6R7_1736353207755_jpg.rf.cfb9be8b3e413440d9d1b83a19b6ca9f.png,12,516.1,190.0,Normal,100.67,96.0,87.0,98.0,3,3,0,1
C6R7_1736353207755_jpg.rf.cfb9be8b3e413440d9d1b83a19b6ca9f.png,13,81.3,235.2,Sem Raiz,20.79,20.0,20.0,21.0,0,0,0,0
C6R7_1736353207755_jpg.rf.cfb9be8b3e413440d9d1b83a19b6ca9f.png,14,93.5,266.2,Sem Hipocótilo,52.4,47.0,46.0,48.0,0,0,0,0
C6R7_1736353207755_jpg.rf.cfb9be8b3e413440d9d1b83a19b6ca9f.png,15,291.3,236.1,Normal,176.53,167.0,163.0,176.0,0,0,0,9
C6R7_1736353207755_jpg.rf.cfb9be8b3e413440d9d1b83a19b6ca9f.png,16,326.4,247.3,Sem Raiz,20.27,19.0,16.0,30.0,0,0,0,1
C6R7_1736353207755_jpg.rf.cfb9be8b3e413440d9d1b83a19b6ca9f.png,17,363.3,243.8,Normal,78.41,73.0,70.0,82.0,0,4,0,4
C6R7_1736353207755_jpg.rf.cfb9be8b3e413440d9d1b83a19b6ca9f.png,18,473.3,265.4,Normal,93.29,82.0,78.0,85.0,0,0,0,1
C6R7_1736353207755_jpg.rf.cfb9be8b3e413440d9d1b83a19b6ca9f.png,19,546.4,223.1,Normal,109.68,103.0,97.0,111.0,0,0,0,4
C6R7_1736353207755_jpg.rf.cfb9be8b3e413440d9d1b83a19b6ca9f.png,20,593.8,261.0,Normal,132.39,122.0,116.0,126.0,0,0,0,2
C6R7_1736353207755_jpg.rf.cfb9be8b3e413440d9d1b83a19b6ca9f.png,21,618.1,210.2,Normal,117.63,114.0,104.0,118.0,0,0,0,0
C6R7_1736353207755_jpg.rf.cfb9be8b3e413440d9d1b83a19b6ca9f.png,22,145.4,289.9,Normal,48.91,48.0,40.0,52.0,0,0,0,2
C6R7_1736353207755_jpg.rf.cfb9be8b3e413440d9d1b83a19b6ca9f.png,23,200.6,297.6,Normal,124.46,119.0,115.0,126.0,3,3,0,5
C6R7_1736353207755_jpg.rf.cfb9be8b3e413440d9d1b83a19b6ca9f.png,24,239.5,302.0,Normal,83.73,91.0,85.0,97.0,4,4,0,5
C6R7_1736353207755_jpg.rf.cfb9be8b3e413440d9d1b83a19b6ca9f.png,25,266.3,355.7,Normal,25.83,24.0,23.0,32.0,0,0,0,3
C6R7_1736353207755_jpg.rf.cfb9be8b3e413440d9d1b83a19b6ca9f.png,26,310.9,298.3,Sem Hipocótilo,85.32,79.0,76.0,82.0,0,0,0,3
C6R7_1736353207755_jpg.rf.cfb9be8b3e413440d9d1b83a19b6ca9f.png,27,404.7,324.2,Normal,74.31,69.0,64.0,74.0,0,0,0,1
C6R7_1736353207755_jpg.rf.cfb9be8b3e413440d9d1b83a19b6ca9f.png,28,544.7,339.6,Normal,75.4,67.0,62.0,77.0,0,0,0,8
C6R7_1736353207755_jpg.rf.cfb9be8b3e413440d9d1b83a19b6ca9f.png,29,566.0,355.3,Normal,110.42,105.0,101.0,111.0,0,0,0,1
C6R7_1736353207755_jpg.rf.cfb9be8b3e413440d9d1b83a19b6ca9f.png,30,104.1,375.4,Normal,92.51,84.0,79.0,92.0,0,0,0,4
C6R7_1736353207755_jpg.rf.cfb9be8b3e413440d9d1b83a19b6ca9f.png,31,133.5,388.6,Normal,106.19,95.0,90.0,105.0,0,0,0,3
C6R7_1736353207755_jpg.rf.cfb9be8b3e413440d9d1b83a19b6ca9f.png,32,194.3,438.8,Normal,104.16,96.0,88.0,100.0,0,0,0,4
C6R7_1736353207755_jpg.rf.cfb9be8b3e413440d9d1b83a19b6ca9f.png,33,325.6,367.9,Normal,146.4,129.0,123.0,135.0,0,0,0,2
C6R7_1736353207755_jpg.rf.cfb9be8b3e413440d9d1b83a19b6ca9f.png,34,346.2,426.3,Normal,96.21,89.0,87.0,99.0,0,0,0,3
C6R7_1736353207755_jpg.rf.cfb9be8b3e413440d9d1b83a19b6ca9f.png,35,379.0,403.4,Normal,104.77,98.0,96.0,108.0,0,0,0,9
C6R7_1736353207755_jpg.rf.cfb9be8b3e413440d9d1b83a19b6ca9f.png,36,444.8,368.9,Normal,84.95,76.0,70.0,83.0,3,3,0,6
C6R7_1736353207755_jpg.rf.cfb9be8b3e413440d9d1b83a19b6ca9f.png,37,487.4,401.7,Normal,34.79,32.0,28.0,38.0,0,0,0,1
C6R7_1736353207755_jpg.rf.cfb9be8b3e413440d9d1b83a19b6ca9f.png,38,587.5,406.4,Normal,41.42,43.0,37.0,47.0,0,1,0,1
C6R7_1736353207755_jpg.rf.cfb9be8b3e413440d9d1b83a19b6ca9f.png,39,612.9,382.7,Sem Raiz,13.54,12.0,4.0,13.0,0,0,0,0
C6R7_1736353207755_jpg.rf.cfb9be8b3e413440d9d1b83a19b6ca9f.png,40,73.9,457.3,Normal,110.37,105.0,102.0,110.0,0,0,0,4
C6R7_1736353207755_jpg.rf.cfb9be8b3e413440d9d1b83a19b6ca9f.png,41,144.0,483.0,Normal,148.56,138.0,133.0,145.0,0,0,0,6
C6R7_1736353207755_jpg.rf.cfb9be8b3e413440d9d1b83a19b6ca9f.png,42,219.0,491.2,Normal,136.82,131.0,123.0,138.0,0,1,0,6
C6R7_1736353207755_jpg.rf.cfb9be8b3e413440d9d1b83a19b6ca9f.png,43,246.3,448.5,Normal,146.07,144.0,138.0,148.0,4,4,3,6
C6R7_1736353207755_jpg.rf.cfb9be8b3e413440d9d1b83a19b6ca9f.png,44,278.8,505.8,Normal,99.37,93.0,90.0,99.0,0,0,0,3
C6R7_1736353207755_jpg.rf.cfb9be8b3e413440d9d1b83a19b6ca9f.png,45,360.1,517.8,Normal,134.8,115.0,113.0,124.0,0,0,0,2
C6R7_1736353207755_jpg.rf.cfb9be8b3e413440d9d1b83a19b6ca9f.png,46,415.2,456.6,Normal,150.53,137.0,133.0,144.0,0,0,0,6
C6R7_1736353207755_jpg.rf.cfb9be8b3e413440d9d1b83a19b6ca9f.png,47,530.4,507.8,Normal,175.82,163.0,158.0,173.0,0,0,0,6
C6R7_1736353207755_jpg.rf.cfb9be8b3e413440d9d1b83a19b6ca9f.png,48,556.6,500.7,Sem Raiz,33.48,30.0,28.0,34.0,0,0,0,3
C6R7_1736353207755_jpg.rf.cfb9be8b3e413440d9d1b83a19b6ca9f.png,49,587.3,511.6,Sem Hipocótilo,70.95,66.0,63.0,67.0,0,0,0,0
C6R7_1736353207755_jpg.rf.cfb9be8b3e413440d9d1b83a19b6ca9f.png,50,600.9,460.0,Sem Raiz,32.73,33.0,25.0,38.0,0,3,0,4
C6R7_1736353207755_jpg.rf.cfb9be8b3e413440d9d1b83a19b6ca9f.png,51,93.8,521.4,Sem Raiz,11.64,11.0,9.0,15.0,0,0,0,0
C6R7_1736353207755_jpg.rf.cfb9be8b3e413440d9d1b83a19b6ca9f.png,52,317.7,554.0,Normal,136.54,133.0,124.0,141.0,0,1,0,3
C6R7_1736353207755_jpg.rf.cfb9be8b3e413440d9d1b83a19b6ca9f.png,53,428.7,551.1,Normal,164.57,156.0,145.0,159.0,3,4,0,4
C6R7_1736353207755_jpg.rf.cfb9be8b3e413440d9d1b83a19b6ca9f.png,54,479.0,560.1,Normal,120.35,114.0,108.0,120.0,0,0,0,1
C6R8_1736353207740_jpg.rf.6e1f3b184c38841fd4470525a1adbcbe.png,1,108.2,168.8,Normal,116.64,118.0,113.0,127.0,1,4,0,7
C6R8_1736353207740_jpg.rf.6e1f3b184c38841fd4470525a1adbcbe.png,2,145.4,170.1,Normal,54.52,51.0,48.0,54.0,0,0,0,0
C6R8_1736353207740_jpg.rf.6e1f3b184c38841fd4470525a1adbcbe.png,3,172.8,153.8,Sem Raiz,10.85,10.0,8.0,10.0,0,0,0,0
C6R8_1736353207740_jpg.rf.6e1f3b184c38841fd4470525a1adbcbe.png,4,214.9,170.8,Normal,104.06,100.0,95.0,106.0,0,0,0,4
C6R8_1736353207740_jpg.rf.6e1f3b184c38841fd4470525a1adbcbe.png,5,264.9,159.7,Normal,61.61,54.0,51.0,62.0,0,0,0,4
C6R8_1736353207740_jpg.rf.6e1f3b184c38841fd4470525a1adbcbe.png,6,320.8,184.2,Normal,126.19,117.0,113.0,126.0,0,0,0,4
C6R8_1736353207740_jpg.rf.6e1f3b184c38841fd4470525a1adbcbe.png,7,412.7,162.9,Normal,96.06,87.0,83.0,91.0,0,0,0,1
C6R8_1736353207740_jpg.rf.6e1f3b184c38841fd4470525a1adbcbe.png,8,445.9,172.5,Normal,138.14,135.0,126.0,140.0,0,0,0,2
C6R8_1736353207740_jpg.rf.6e1f3b184c38841fd4470525a1adbcbe.png,9,495.1,175.1,Normal,145.54,142.0,129.0,148.0,0,8,0,5
C6R8_1736353207740_jpg.rf.6e1f3b184c38841fd4470525a1adbcbe.png,10,517.2,144.1,Normal,114.57,104.0,101.0,111.0,0,0,0,6
C6R8_1736353207740_jpg.rf.6e1f3b184c38841fd4470525a1adbcbe.png,11,596.5,155.2,Normal,79.84,70.0,67.0,78.0,0,0,0,6
C6R8_1736353207740_jpg.rf.6e1f3b184c38841fd4470525a1adbcbe.png,12,69.7,224.3,Normal,135.31,132.0,127.0,135.0,0,0,0,3
C6R8_1736353207740_jpg.rf.6e1f3b184c38841fd4470525a1adbcbe.png,13,177.7,238.8,Normal,152.68,150.0,143.0,156.0,0,0,0,6
C6R8_1736353207740_jpg.rf.6e1f3b184c38841fd4470525a1adbcbe.png,14,204.6,277.3,Normal,73.55,70.0,66.0,74.0,0,0,0,1
C6R8_1736353207740_jpg.rf.6e1f3b184c38841fd4470525a1adbcbe.png,15,239.3,229.0,Normal,130.42,119.0,117.0,125.0,0,0,0,1
C6R8_1736353207740_jpg.rf.6e1f3b184c38841fd4470525a1adbcbe.png,16,302.8,226.8,Normal,76.73,70.0,61.0,73.0,0,0,0,4
C6R8_1736353207740_jpg.rf.6e1f3b184c38841fd4470525a1adbcbe.png,17,356.2,215.0,Normal,122.87,117.0,115.0,122.0,0,0,0,4
C6R8_1736353207740_jpg.rf.6e1f3b184c38841fd4470525a1adbcbe.png,18,387.9,262.6,Normal,125.25,113.0,108.0,118.0,0,0,0,5
C6R8_1736353207740_jpg.rf.6e1f3b184c38841fd4470525a1adbcbe.png,19,466.0,228.2,Normal,113.05,112.0,103.0,115.0,0,3,0,3
C6R8_1736353207740_jpg.rf.6e1f3b184c38841fd4470525a1adbcbe.png,20,542.9,278.9,Normal,124.89,113.0,110.0,120.0,0,0,0,5
C6R8_1736353207740_jpg.rf.6e1f3b184c38841fd4470525a1adbcbe.png,21,574.3,222.7,Normal,127.51,116.0,110.0,126.0,0,0,0,2
C6R8_1736353207740_jpg.rf.6e1f3b184c38841fd4470525a1adbcbe.png,22,160.4,295.4,Normal,112.51,102.0,99.0,109.0,0,0,0,6
C6R8_1736353207740_jpg.rf.6e1f3b184c38841fd4470525a1adbcbe.png,23,276.0,350.2,Normal,93.34,85.0,76.0,89.0,0,0,0,0
C6R8_1736353207740_jpg.rf.6e1f3b184c38841fd4470525a1adbcbe.png,24,322.5,332.0,Normal,132.68,119.0,116.0,128.0,0,0,0,11
C6R8_1736353207740_jpg.rf.6e1f3b184c38841fd4470525a1adbcbe.png,25,360.0,304.2,Sem Hipocótilo,25.27,22.0,21.0,25.0,0,0,0,1
C6R8_1736353207740_jpg.rf.6e1f3b184c38841fd4470525a1adbcbe.png,26,362.6,332.6,Sem Raiz,25.58,22.0,20.0,25.0,0,0,0,3
C6R8_1736353207740_jpg.rf.6e1f3b184c38841fd4470525a1adbcbe.png,27,428.8,316.4,Normal,69.05,68.0,60.0,74.0,0,3,0,9
C6R8_1736353207740_jpg.rf.6e1f3b184c38841fd4470525a1adbcbe.png,28,462.5,353.9,Normal,39.68,36.0,27.0,39.0,0,0,0,3
C6R8_1736353207740_jpg.rf.6e1f3b184c38841fd4470525a1adbcbe.png,29,60.8,361.4,Normal,92.76,85.0,76.0,89.0,0,0,0,2
C6R8_1736353207740_jpg.rf.6e1f3b184c38841fd4470525a1adbcbe.png,30,100.3,377.4,Normal,112.91,106.0,98.0,113.0,0,0,0,4
C6R8_1736353207740_jpg.rf.6e1f3b184c38841fd4470525a1adbcbe.png,31,137.2,422.8,Sem Raiz,29.11,29.0,28.0,35.0,0,0,0,0
C6R8_1736353207740_jpg.rf.6e1f3b184c38841fd4470525a1adbcbe.png,32,138.1,361.9,Normal,72.59,74.0,64.0,73.0,1,4,0,2
C6R8_1736353207740_jpg.rf.6e1f3b184c38841fd4470525a1adbcbe.png,33,214.1,432.6,Normal,132.2,117.0,112.0,122.0,0,0,0,1
C6R8_1736353207740_jpg.rf.6e1f3b184c38841fd4470525a1adbcbe.png,34,242.8,416.5,Normal,146.46,138.0,139.0,142.0,0,0,0,2
C6R8_1736353207740_jpg.rf.6e1f3b184c38841fd4470525a1adbcbe.png,35,374.0,418.0,Normal,46.86,46.0,43.0,51.0,0,0,0,4
C6R8_1736353207740_jpg.rf.6e1f3b184c38841fd4470525a1adbcbe.png,36,476.7,437.2,Normal,130.2,119.0,117.0,124.0,0,0,0,1
C6R8_1736353207740_jpg.rf.6e1f3b184c38841fd4470525a1adbcbe.png,37,504.2,366.4,Normal,146.7,145.0,140.0,147.0,0,1,0,2
C6R8_1736353207740_jpg.rf.6e1f3b184c38841fd4470525a1adbcbe.png,38,596.7,361.2,Normal,113.82,104.0,95.0,119.0,0,0,0,6
C6R8_1736353207740_jpg.rf.6e1f3b184c38841fd4470525a1adbcbe.png,39,101.1,479.0,Normal,84.01,77.0,70.0,79.0,0,0,0,0
C6R8_1736353207740_jpg.rf.6e1f3b184c38841fd4470525a1adbcbe.png,40,186.2,498.6,Normal,106.71,89.0,83.0,96.0,0,0,0,6
C6R8_1736353207740_jpg.rf.6e1f3b184c38841fd4470525a1adbcbe.png,41,272.5,460.9,Normal,92.94,84.0,78.0,93.0,0,0,0,5
C6R8_1736353207740_jpg.rf.6e1f3b184c38841fd4470525a1adbcbe.png,42,306.4,459.0,Normal,113.31,104.0,99.0,110.0,0,0,0,2
C6R8_1736353207740_jpg.rf.6e1f3b184c38841fd4470525a1adbcbe.png,43,356.0,447.8,Normal,85.63,83.0,79.0,87.0,0,0,0,1
C6R8_1736353207740_jpg.rf.6e1f3b184c38841fd4470525a1adbcbe.png,44,397.2,500.3,Normal,93.87,94.0,91.0,102.0,0,3,0,7
C6R8_1736353207740_jpg.rf.6e1f3b184c38841fd4470525a1adbcbe.png,45,420.8,454.5,Normal,132.88,132.0,125.0,141.0,0,1,0,5
C6R8_1736353207740_jpg.rf.6e1f3b184c38841fd4470525a1adbcbe.png,46,460.8,507.3,Normal,83.88,80.0,75.0,85.0,0,0,0,2
C6R8_1736353207740_jpg.rf.6e1f3b184c38841fd4470525a1adbcbe.png,47,509.5,518.1,Normal,73.02,63.0,52.0,67.0,0,0,0,2
C6R8_1736353207740_jpg.rf.6e1f3b184c38841fd4470525a1adbcbe.png,48,541.3,463.7,Normal,146.65,139.0,133.0,144.0,0,0,0,2
C6R8_1736353207740_jpg.rf.6e1f3b184c38841fd4470525a1adbcbe.png,49,591.4,472.4,Normal,61.49,58.0,47.0,58.0,0,0,0,0
C6R8_1736353207740_jpg.rf.6e1f3b184c38841fd4470525a1adbcbe.png,50,335.5,526.5,Normal,126.1,108.0,98.0,113.0,0,0,0,2
C6R9_1736353207726_jpg.rf.8fe29b2c5be7ae83061c3247f0aac778.png,1,345.0,118.8,Sem Raiz,17.42,20.0,10.0,20.0,1,1,0,1
C6R9_1736353207726_jpg.rf.8fe29b2c5be7ae83061c3247f0aac778.png,2,113.7,135.1,Normal,97.55,96.0,93.0,100.0,0,0,0,2
C6R9_1736353207726_jpg.rf.8fe29b2c5be7ae83061c3247f0aac778.png,3,151.3,146.8,Normal,85.35,87.0,78.0,91.0,0,3,0,4
C6R9_1736353207726_jpg.rf.8fe29b2c5be7ae83061c3247f0aac778.png,4,206.9,159.0,Normal,79.74,74.0,70.0,83.0,0,0,0,5
C6R9_1736353207726_jpg.rf.8fe29b2c5be7ae83061c3247f0aac778.png,5,253.8,171.8,Normal,120.61,115.0,109.0,122.0,3,3,0,5
C6R9_1736353207726_jpg.rf.8fe29b2c5be7ae83061c3247f0aac778.png,6,317.4,177.9,Normal,56.66,53.0,52.0,57.0,0,0,0,0
C6R9_1736353207726_jpg.rf.8fe29b2c5be7ae83061c3247f0aac778.png,7,341.4,178.7,Sem Hipocótilo,72.27,76.0,72.0,79.0,0,1,0,1
C6R9_1736353207726_jpg.rf.8fe29b2c5be7ae83061c3247f0aac778.png,8,376.1,145.9,Normal,98.42,94.0,88.0,96.0,0,0,0,1
C6R9_1736353207726_jpg.rf.8fe29b2c5be7ae83061c3247f0aac778.png,9,400.9,165.7,Normal,124.76,119.0,112.0,128.0,0,0,0,2
C6R9_1736353207726_jpg.rf.8fe29b2c5be7ae83061c3247f0aac778.png,10,435.4,189.4,Normal,106.24,97.0,94.0,104.0,0,0,0,6
C6R9_1736353207726_jpg.rf.8fe29b2c5be7ae83061c3247f0aac778.png,11,469.3,165.5,Normal,94.51,91.0,86.0,97.0,0,0,0,2
C6R9_1736353207726_jpg.rf.8fe29b2c5be7ae83061c3247f0aac778.png,12,517.1,182.2,Normal,95.07,93.0,88.0,100.0,0,1,0,4
C6R9_1736353207726_jpg.rf.8fe29b2c5be7ae83061c3247f0aac778.png,13,565.8,162.2,Normal,149.35,144.0,135.0,149.0,1,4,0,5
C6R9_1736353207726_jpg.rf.8fe29b2c5be7ae83061c3247f0aac778.png,14,103.9,279.7,Normal,18.94,18.0,15.0,23.0,0,0,0,0
C6R9_1736353207726_jpg.rf.8fe29b2c5be7ae83061c3247f0aac778.png,15,118.7,219.7,Normal,76.0,71.0,61.0,73.0,0,0,0,3
C6R9_1736353207726_jpg.rf.8fe29b2c5be7ae83061c3247f0aac778.png,16,180.3,206.7,Normal,98.58,94.0,85.0,100.0,0,1,0,5
C6R9_1736353207726_jpg.rf.8fe29b2c5be7ae83061c3247f0aac778.png,17,201.9,273.7,Normal,69.83,75.0,68.0,82.0,0,6,0,10
C6R9_1736353207726_jpg.rf.8fe29b2c5be7ae83061c3247f0aac778.png,18,274.0,208.8,Normal,80.87,84.0,78.0,90.0,0,4,1,7
C6R9_1736353207726_jpg.rf.8fe29b2c5be7ae83061c3247f0aac778.png,19,341.9,246.3,Sem Raiz,13.97,13.0,10.0,16.0,0,0,0,0
C6R9_1736353207726_jpg.rf.8fe29b2c5be7ae83061c3247f0aac778.png,20,442.9,260.8,Sem Raiz,31.79,30.0,24.0,33.0,0,0,0,1
C6R9_1736353207726_jpg.rf.8fe29b2c5be7ae83061c3247f0aac778.png,21,528.7,276.2,Normal,57.47,53.0,45.0,59.0,0,0,0,2
C6R9_1736353207726_jpg.rf.8fe29b2c5be7ae83061c3247f0aac778.png,22,602.7,212.8,Normal,151.2,144.0,137.0,149.0,0,0,0,1
C6R9_1736353207726_jpg.rf.8fe29b2c5be7ae83061c3247f0aac778.png,23,87.7,356.5,Normal,116.21,114.0,108.0,121.0,0,0,0,6
C6R9_1736353207726_jpg.rf.8fe29b2c5be7ae83061c3247f0aac778.png,24,145.6,319.9,Normal,150.58,144.0,140.0,153.0,0,0,0,10
C6R9_1736353207726_jpg.rf.8fe29b2c5be7ae83061c3247f0aac778.png,25,175.6,334.5,Sem Raiz,19.23,17.0,13.0,20.0,0,0,0,3
C6R9_1736353207726_jpg.rf.8fe29b2c5be7ae83061c3247f0aac778.png,26,226.1,296.3,Normal,112.45,108.0,105.0,115.0,0,0,0,6
C6R9_1736353207726_jpg.rf.8fe29b2c5be7ae83061c3247f0aac778.png,27,287.3,296.7,Normal,102.59,93.0,85.0,99.0,0,1,0,1
C6R9_1736353207726_jpg.rf.8fe29b2c5be7ae83061c3247f0aac778.png,28,338.8,292.0,Sem Hipocótilo,70.78,68.0,62.0,69.0,0,0,0,0
C6R9_1736353207726_jpg.rf.8fe29b2c5be7ae83061c3247f0aac778.png,29,348.3,356.6,Sem Raiz,20.77,17.0,18.0,24.0,0,0,0,4
C6R9_1736353207726_jpg.rf.8fe29b2c5be7ae83061c3247f0aac778.png,30,381.7,321.8,Normal,85.19,77.0,70.0,81.0,0,0,0,1
C6R9_1736353207726_jpg.rf.8fe29b2c5be7ae83061c3247f0aac778.png,31,396.0,309.1,Sem Hipocótilo,25.93,23.0,18.0,26.0,0,0,0,1
C6R9_1736353207726_jpg.rf.8fe29b2c5be7ae83061c3247f0aac778.png,32,470.9,283.0,Normal,135.44,130.0,126.0,140.0,0,0,0,6
C6R9_1736353207726_jpg.rf.8fe29b2c5be7ae83061c3247f0aac778.png,33,497.0,334.7,Normal,107.31,109.0,100.0,113.0,0,5,0,3
C6R9_1736353207726_jpg.rf.8fe29b2c5be7ae83061c3247f0aac778.png,34,580.6,359.2,Normal,141.51,131.0,127.0,137.0,0,0,0,6
C6R9_1736353207726_jpg.rf.8fe29b2c5be7ae83061c3247f0aac778.png,35,122.8,405.3,Normal,109.04,98.0,89.0,102.0,0,0,0,2
C6R9_1736353207726_jpg.rf.8fe29b2c5be7ae83061c3247f0aac778.png,36,169.1,382.7,Sem Hipocótilo,61.1,62.0,58.0,62.0,0,1,0,1
C6R9_1736353207726_jpg.rf.8fe29b2c5be7ae83061c3247f0aac778.png,37,199.1,431.0,Normal,157.34,144.0,142.0,149.0,0,0,0,2
C6R9_1736353207726_jpg.rf.8fe29b2c5be7ae83061c3247f0aac778.png,38,251.9,369.6,Normal,75.5,72.0,69.0,77.0,0,0,0,1
C6R9_1736353207726_jpg.rf.8fe29b2c5be7ae83061c3247f0aac778.png,39,302.8,372.7,Normal,106.32,104.0,95.0,106.0,0,1,0,2
C6R9_1736353207726_jpg.rf.8fe29b2c5be7ae83061c3247f0aac778.png,40,335.4,422.5,Sem Hipocótilo,91.02,87.0,84.0,88.0,0,0,0,0
C6R9_1736353207726_jpg.rf.8fe29b2c5be7ae83061c3247f0aac778.png,41,453.8,422.6,Normal,169.29,156.0,146.0,159.0,0,0,0,1
C6R9_1736353207726_jpg.rf.8fe29b2c5be7ae83061c3247f0aac778.png,42,534.6,373.0,Normal,132.29,117.0,113.0,122.0,0,0,0,4
C6R9_1736353207726_jpg.rf.8fe29b2c5be7ae83061c3247f0aac778.png,43,87.1,509.0,Sem Hipocótilo,87.5,80.0,79.0,81.0,0,0,0,0
C6R9_1736353207726_jpg.rf.8fe29b2c5be7ae83061c3247f0aac778.png,44,103.9,451.6,Sem Raiz,33.58,31.0,31.0,35.0,0,0,0,3
C6R9_1736353207726_jpg.rf.8fe29b2c5be7ae83061c3247f0aac778.png,45,146.8,473.2,Normal,127.53,122.0,116.0,127.0,0,1,0,4
C6R9_1736353207726_jpg.rf.8fe29b2c5be7ae83061c3247f0aac778.png,46,225.3,444.7,Normal,89.65,82.0,79.0,89.0,0,0,0,4
C6R9_1736353207726_jpg.rf.8fe29b2c5be7ae83061c3247f0aac778.png,47,267.3,450.7,Normal,56.79,56.0,47.0,65.0,2,4,0,3
C6R9_1736353207726_jpg.rf.8fe29b2c5be7ae83061c3247f0aac778.png,48,308.1,454.2,Normal,145.73,132.0,127.0,137.0,0,0,0,4
C6R9_1736353207726_jpg.rf.8fe29b2c5be7ae83061c3247f0aac778.png,49,361.7,450.8,Normal,86.25,86.0,78.0,92.0,0,4,0,5
C6R9_1736353207726_jpg.rf.8fe29b2c5be7ae83061c3247f0aac778.png,50,415.6,445.6,Normal,66.0,59.0,54.0,62.0,0,0,0,0
C6R9_1736353207726_jpg.rf.8fe29b2c5be7ae83061c3247f0aac778.png,51,483.6,456.7,Normal,104.9,97.0,86.0,101.0,0,0,0,1
C6R9_1736353207726_jpg.rf.8fe29b2c5be7ae83061c3247f0aac778.png,52,510.2,474.3,Normal,49.6,44.0,35.0,56.0,0,0,0,6
C6R9_1736353207726_jpg.rf.8fe29b2c5be7ae83061c3247f0aac778.png,53,549.9,452.4,Normal,104.45,95.0,85.0,98.0,3,3,0,1
C6R9_1736353207726_jpg.rf.8fe29b2c5be7ae83061c3247f0aac778.png,54,583.1,459.3,Sem Raiz,22.0,19.0,13.0,23.0,0,0,0,1
C6R9_1736353207726_jpg.rf.8fe29b2c5be7ae83061c3247f0aac778.png,55,587.0,528.3,Sem Hipocótilo,91.21,88.0,85.0,89.0,0,0,0,0
C7R10_1736353335209_jpg.rf.c3596d0b930ddc3e5026551a918f3866.png,1,163.1,162.9,Normal,33.23,30.0,23.0,37.0,0,0,0,6
C7R10_1736353335209_jpg.rf.c3596d0b930ddc3e5026551a918f3866.png,2,208.8,171.3,Normal,57.74,49.0,43.0,61.0,0,0,0,5
C7R10_1736353335209_jpg.rf.c3596d0b930ddc3e5026551a918f3866.png,3,271.6,134.7,Sem Raiz,9.53,8.0,7.0,15.0,0,0,0,4
C7R10_1736353335209_jpg.rf.c3596d0b930ddc3e5026551a918f3866.png,4,277.7,166.6,Sem Hipocótilo,28.28,26.0,24.0,27.0,0,0,0,0
C7R10_1736353335209_jpg.rf.c3596d0b930ddc3e5026551a918f3866.png,5,319.6,177.1,Normal,129.77,119.0,114.0,123.0,0,0,0,2
C7R10_1736353335209_jpg.rf.c3596d0b930ddc3e5026551a918f3866.png,6,353.7,186.2,Normal,107.68,101.0,97.0,108.0,0,0,0,2
C7R10_1736353335209_jpg.rf.c3596d0b930ddc3e5026551a918f3866.png,7,423.4,178.4,Normal,55.91,51.0,44.0,58.0,0,0,0,5
C7R10_1736353335209_jpg.rf.c3596d0b930ddc3e5026551a918f3866.png,8,516.9,180.8,Normal,30.56,31.0,22.0,36.0,0,3,0,2
C7R10_1736353335209_jpg.rf.c3596d0b930ddc3e5026551a918f3866.png,9,64.8,217.1,Normal,71.89,66.0,62.0,75.0,0,0,0,3
C7R10_1736353335209_jpg.rf.c3596d0b930ddc3e5026551a918f3866.png,10,114.1,205.3,Normal,53.64,55.0,50.0,64.0,0,4,0,3
C7R10_1736353335209_jpg.rf.c3596d0b930ddc3e5026551a918f3866.png,11,153.4,258.8,Normal,83.94,78.0,71.0,84.0,0,0,0,3
C7R10_1736353335209_jpg.rf.c3596d0b930ddc3e5026551a918f3866.png,12,241.1,236.8,Sem Raiz,26.45,24.0,22.0,30.0,0,0,0,3
C7R10_1736353335209_jpg.rf.c3596d0b930ddc3e5026551a918f3866.png,13,310.0,232.4,Normal,26.47,26.0,25.0,32.0,0,0,0,3
C7R10_1736353335209_jpg.rf.c3596d0b930ddc3e5026551a918f3866.png,14,320.4,265.6,Sem Raiz,5.89,6.0,6.0,9.0,0,0,0,0
C7R10_1736353335209_jpg.rf.c3596d0b930ddc3e5026551a918f3866.png,15,374.3,208.9,Sem Raiz,10.82,9.0,9.0,14.0,0,0,0,2
C7R10_1736353335209_jpg.rf.c3596d0b930ddc3e5026551a918f3866.png,16,375.0,244.4,Sem Hipocótilo,35.74,34.0,31.0,35.0,0,0,0,1
C7R10_1736353335209_jpg.rf.c3596d0b930ddc3e5026551a918f3866.png,17,417.3,277.7,Normal,80.21,77.0,69.0,83.0,0,4,0,5
C7R10_1736353335209_jpg.rf.c3596d0b930ddc3e5026551a918f3866.png,18,467.8,202.8,Normal,118.98,117.0,109.0,122.0,0,3,0,2
C7R10_1736353335209_jpg.rf.c3596d0b930ddc3e5026551a918f3866.png,19,482.3,228.5,Sem Raiz,5.16,5.0,4.0,13.0,0,0,0,3
C7R10_1736353335209_jpg.rf.c3596d0b930ddc3e5026551a918f3866.png,20,485.1,278.0,Normal,71.83,70.0,65.0,76.0,0,0,0,2
C7R10_1736353335209_jpg.rf.c3596d0b930ddc3e5026551a918f3866.png,21,551.0,240.8,Normal,55.53,54.0,45.0,56.0,1,1,0,1
C7R10_1736353335209_jpg.rf.c3596d0b930ddc3e5026551a918f3866.png,22,600.0,219.2,Normal,75.95,71.0,68.0,78.0,0,0,0,3
C7R10_1736353335209_jpg.rf.c3596d0b930ddc3e5026551a918f3866.png,23,101.8,319.4,Sem Hipocótilo,57.43,58.0,55.0,63.0,0,0,0,3
C7R10_1736353335209_jpg.rf.c3596d0b930ddc3e5026551a918f3866.png,24,164.9,345.1,Normal,56.77,61.0,50.0,64.0,0,4,0,3
C7R10_1736353335209_jpg.rf.c3596d0b930ddc3e5026551a918f3866.png,25,203.2,296.6,Normal,69.14,66.0,62.0,72.0,0,0,0,2
C7R10_1736353335209_jpg.rf.c3596d0b930ddc3e5026551a918f3866.png,26,207.9,345.3,Sem Raiz,24.72,23.0,22.0,25.0,0,0,0,0
C7R10_1736353335209_jpg.rf.c3596d0b930ddc3e5026551a918f3866.png,27,249.9,358.8,Normal,58.04,53.0,46.0,60.0,0,0,0,2
C7R10_1736353335209_jpg.rf.c3596d0b930ddc3e5026551a918f3866.png,28,274.9,286.3,Normal,74.83,69.0,66.0,85.0,0,0,0,7
C7R10_1736353335209_jpg.rf.c3596d0b930ddc3e5026551a918f3866.png,29,334.7,291.3,Sem Hipocótilo,19.75,19.0,18.0,27.0,0,0,0,1
C7R10_1736353335209_jpg.rf.c3596d0b930ddc3e5026551a918f3866.png,30,382.2,310.2,Normal,67.95,63.0,59.0,70.0,0,0,0,6
C7R10_1736353335209_jpg.rf.c3596d0b930ddc3e5026551a918f3866.png,31,416.8,352.8,Normal,49.4,47.0,42.0,51.0,0,0,0,0
C7R10_1736353335209_jpg.rf.c3596d0b930ddc3e5026551a918f3866.png,32,509.7,301.0,Normal,89.9,83.0,81.0,88.0,0,0,0,2
C7R10_1736353335209_jpg.rf.c3596d0b930ddc3e5026551a918f3866.png,33,560.6,354.3,Normal,79.89,75.0,69.0,83.0,0,0,0,7
C7R10_1736353335209_jpg.rf.c3596d0b930ddc3e5026551a918f3866.png,34,599.1,357.8,Normal,86.33,88.0,75.0,89.0,3,6,0,1
C7R10_1736353335209_jpg.rf.c3596d0b930ddc3e5026551a918f3866.png,35,62.5,378.4,Normal,79.73,78.0,76.0,86.0,0,0,0,4
C7R10_1736353335209_jpg.rf.c3596d0b930ddc3e5026551a918f3866.png,36,132.6,386.9,Normal,57.84,54.0,47.0,61.0,0,3,0,4
C7R10_1736353335209_jpg.rf.c3596d0b930ddc3e5026551a918f3866.png,37,294.6,374.9,Normal,37.23,33.0,31.0,38.0,0,0,0,1
C7R10_1736353335209_jpg.rf.c3596d0b930ddc3e5026551a918f3866.png,38,340.5,400.6,Normal,70.18,67.0,56.0,70.0,0,0,0,1
C7R10_1736353335209_jpg.rf.c3596d0b930ddc3e5026551a918f3866.png,39,389.0,403.7,Normal,66.09,64.0,58.0,70.0,0,3,0,6
C7R10_1736353335209_jpg.rf.c3596d0b930ddc3e5026551a918f3866.png,40,442.8,428.2,Normal,80.43,77.0,75.0,83.0,0,0,0,3
C7R10_1736353335209_jpg.rf.c3596d0b930ddc3e5026551a918f3866.png,41,486.0,382.8,Normal,58.29,56.0,51.0,65.0,0,0,0,7
C7R10_1736353335209_jpg.rf.c3596d0b930ddc3e5026551a918f3866.png,42,517.5,409.2,Normal,61.81,58.0,49.0,63.0,0,0,0,2
C7R10_1736353335209_jpg.rf.c3596d0b930ddc3e5026551a918f3866.png,43,92.9,448.1,Normal,61.29,58.0,54.0,66.0,0,0,0,5
C7R10_1736353335209_jpg.rf.c3596d0b930ddc3e5026551a918f3866.png,44,139.1,498.5,Normal,107.81,107.0,104.0,114.0,0,0,0,6
C7R10_1736353335209_jpg.rf.c3596d0b930ddc3e5026551a918f3866.png,45,174.7,458.9,Normal,57.43,61.0,56.0,68.0,0,4,0,3
C7R10_1736353335209_jpg.rf.c3596d0b930ddc3e5026551a918f3866.png,46,250.4,482.8,Normal,71.08,67.0,60.0,73.0,0,0,0,6
C7R10_1736353335209_jpg.rf.c3596d0b930ddc3e5026551a918f3866.png,47,288.8,489.9,Normal,97.51,94.0,86.0,101.0,0,0,0,5
C7R10_1736353335209_jpg.rf.c3596d0b930ddc3e5026551a918f3866.png,48,314.4,453.8,Normal,81.47,76.0,69.0,79.0,0,0,0,1
C7R10_1736353335209_jpg.rf.c3596d0b930ddc3e5026551a918f3866.png,49,360.1,476.5,Normal,15.82,20.0,9.0,25.0,0,1,0,3
C7R10_1736353335209_jpg.rf.c3596d0b930ddc3e5026551a918f3866.png,50,403.9,506.2,Normal,130.77,123.0,119.0,130.0,0,0,0,2
C7R10_1736353335209_jpg.rf.c3596d0b930ddc3e5026551a918f3866.png,51,549.1,450.1,Sem Raiz,6.14,6.0,6.0,13.0,0,0,0,0
C7R10_1736353335209_jpg.rf.c3596d0b930ddc3e5026551a918f3866.png,52,556.2,495.2,Sem Hipocótilo,60.58,57.0,56.0,60.0,0,0,0,1
C7R10_1736353335209_jpg.rf.c3596d0b930ddc3e5026551a918f3866.png,53,598.4,494.7,Normal,65.31,64.0,59.0,72.0,0,0,0,2
C7R10_1736353335209_jpg.rf.c3596d0b930ddc3e5026551a918f3866.png,54,471.2,538.8,Normal,98.06,90.0,88.0,102.0,0,0,0,5
C7R10_1736353335209_jpg.rf.c3596d0b930ddc3e5026551a918f3866.png,55,532.6,547.1,Sem Raiz,29.72,31.0,23.0,35.0,0,4,0,6
C7R1_1736353335386_jpg.rf.e3b3481f00e15a30f465dfa42ffbe065.png,1,122.5,168.7,Normal,72.58,69.0,63.0,75.0,0,0,0,2
C7R1_1736353335386_jpg.rf.e3b3481f00e15a30f465dfa42ffbe065.png,2,175.0,141.9,Normal,28.52,33.0,28.0,39.0,1,4,0,5
C7R1_1736353335386_jpg.rf.e3b3481f00e15a30f465dfa42ffbe065.png,3,217.0,160.9,Normal,73.2,71.0,66.0,77.0,0,0,0,2
C7R1_1736353335386_jpg.rf.e3b3481f00e15a30f465dfa42ffbe065.png,4,259.8,195.4,Normal,64.1,64.0,53.0,69.0,0,3,0,2
C7R1_1736353335386_jpg.rf.e3b3481f00e15a30f465dfa42ffbe065.png,5,301.3,175.0,Normal,71.15,69.0,60.0,74.0,1,3,0,5
C7R1_1736353335386_jpg.rf.e3b3481f00e15a30f465dfa42ffbe065.png,6,365.6,163.7,Normal,56.82,54.0,46.0,63.0,0,0,0,7
C7R1_1736353335386_jpg.rf.e3b3481f00e15a30f465dfa42ffbe065.png,7,411.6,190.3,Sem Hipocótilo,67.45,63.0,63.0,64.0,0,0,0,0
C7R1_1736353335386_jpg.rf.e3b3481f00e15a30f465dfa42ffbe065.png,8,416.0,138.4,Sem Raiz,16.1,14.0,9.0,15.0,0,0,0,0
C7R1_1736353335386_jpg.rf.e3b3481f00e15a30f465dfa42ffbe065.png,9,474.1,158.3,Normal,77.77,70.0,65.0,78.0,0,0,0,4
C7R1_1736353335386_jpg.rf.e3b3481f00e15a30f465dfa42ffbe065.png,10,525.0,168.0,Normal,57.77,57.0,56.0,62.0,0,0,0,1
C7R1_1736353335386_jpg.rf.e3b3481f00e15a30f465dfa42ffbe065.png,11,117.3,278.4,Normal,101.33,98.0,87.0,106.0,4,6,0,3
C7R1_1736353335386_jpg.rf.e3b3481f00e15a30f465dfa42ffbe065.png,12,181.0,246.2,Normal,94.4,90.0,81.0,92.0,0,0,0,3
C7R1_1736353335386_jpg.rf.e3b3481f00e15a30f465dfa42ffbe065.png,13,287.2,237.9,Normal,38.98,39.0,32.0,41.0,0,3,0,1
C7R1_1736353335386_jpg.rf.e3b3481f00e15a30f465dfa42ffbe065.png,14,323.7,213.0,Sem Hipocótilo,32.34,31.0,28.0,33.0,0,0,0,3
C7R1_1736353335386_jpg.rf.e3b3481f00e15a30f465dfa42ffbe065.png,15,428.8,261.5,Sem Hipocótilo,65.38,60.0,59.0,62.0,0,0,0,1
C7R1_1736353335386_jpg.rf.e3b3481f00e15a30f465dfa42ffbe065.png,16,440.4,209.9,Sem Raiz,21.21,19.0,18.0,23.0,0,0,0,1
C7R1_1736353335386_jpg.rf.e3b3481f00e15a30f465dfa42ffbe065.png,17,484.5,250.6,Normal,65.52,65.0,62.0,74.0,0,3,0,4
C7R1_1736353335386_jpg.rf.e3b3481f00e15a30f465dfa42ffbe065.png,18,532.3,270.8,Normal,49.02,52.0,45.0,60.0,3,5,0,9
C7R1_1736353335386_jpg.rf.e3b3481f00e15a30f465dfa42ffbe065.png,19,97.4,356.0,Sem Raiz,16.35,19.0,16.0,23.0,0,0,0,0
C7R1_1736353335386_jpg.rf.e3b3481f00e15a30f465dfa42ffbe065.png,20,153.0,299.6,Sem Hipocótilo,35.88,35.0,33.0,36.0,0,0,0,1
C7R1_1736353335386_jpg.rf.e3b3481f00e15a30f465dfa42ffbe065.png,21,198.8,347.3,Normal,56.42,54.0,48.0,64.0,0,0,0,4
C7R1_1736353335386_jpg.rf.e3b3481f00e15a30f465dfa42ffbe065.png,22,257.9,324.5,Normal,45.4,43.0,36.0,52.0,0,0,0,3
C7R1_1736353335386_jpg.rf.e3b3481f00e15a30f465dfa42ffbe065.png,23,342.0,288.8,Sem Raiz,15.12,13.0,13.0,14.0,0,0,0,0
C7R1_1736353335386_jpg.rf.e3b3481f00e15a30f465dfa42ffbe065.png,24,342.3,330.1,Sem Hipocótilo,55.29,53.0,49.0,53.0,0,0,0,0
C7R1_1736353335386_jpg.rf.e3b3481f00e15a30f465dfa42ffbe065.png,25,405.4,352.4,Normal,67.6,68.0,62.0,73.0,2,4,0,2
C7R1_1736353335386_jpg.rf.e3b3481f00e15a30f465dfa42ffbe065.png,26,450.1,352.1,Sem Hipocótilo,56.43,56.0,55.0,57.0,0,0,0,0
C7R1_1736353335386_jpg.rf.e3b3481f00e15a30f465dfa42ffbe065.png,27,487.6,356.8,Normal,78.21,75.0,66.0,80.0,0,0,0,3
C7R1_1736353335386_jpg.rf.e3b3481f00e15a30f465dfa42ffbe065.png,28,590.5,327.3,Normal,44.85,44.0,40.0,52.0,0,0,0,6
C7R1_1736353335386_jpg.rf.e3b3481f00e15a30f465dfa42ffbe065.png,29,113.7,420.4,Normal,54.72,52.0,45.0,54.0,0,0,0,1
C7R1_1736353335386_jpg.rf.e3b3481f00e15a30f465dfa42ffbe065.png,30,168.2,361.2,Normal,31.74,30.0,25.0,38.0,0,0,0,7
C7R1_1736353335386_jpg.rf.e3b3481f00e15a30f465dfa42ffbe065.png,31,206.1,439.0,Normal,59.37,54.0,45.0,60.0,0,0,0,4
C7R1_1736353335386_jpg.rf.e3b3481f00e15a30f465dfa42ffbe065.png,32,255.5,407.6,Normal,18.79,20.0,20.0,25.0,0,0,0,2
C7R1_1736353335386_jpg.rf.e3b3481f00e15a30f465dfa42ffbe065.png,33,292.4,360.8,Normal,36.05,39.0,30.0,43.0,0,1,0,4
C7R1_1736353335386_jpg.rf.e3b3481f00e15a30f465dfa42ffbe065.png,34,300.0,439.0,Normal,101.23,93.0,84.0,98.0,2,4,0,4
C7R1_1736353335386_jpg.rf.e3b3481f00e15a30f465dfa42ffbe065.png,35,341.7,419.1,Normal,49.5,50.0,44.0,56.0,0,0,0,5
C7R1_1736353335386_jpg.rf.e3b3481f00e15a30f465dfa42ffbe065.png,36,392.5,428.2,Normal,78.26,76.0,63.0,73.0,4,4,0,0
C7R1_1736353335386_jpg.rf.e3b3481f00e15a30f465dfa42ffbe065.png,37,443.1,412.6,Sem Raiz,18.63,20.0,12.0,25.0,0,0,0,0
C7R1_1736353335386_jpg.rf.e3b3481f00e15a30f465dfa42ffbe065.png,38,515.5,401.1,Sem Hipocótilo,23.44,23.0,20.0,25.0,0,0,0,0
C7R1_1736353335386_jpg.rf.e3b3481f00e15a30f465dfa42ffbe065.png,39,540.3,371.3,Normal,72.42,69.0,66.0,72.0,0,0,0,0
C7R1_1736353335386_jpg.rf.e3b3481f00e15a30f465dfa42ffbe065.png,40,126.1,497.2,Normal,87.44,86.0,74.0,94.0,5,5,0,6
C7R1_1736353335386_jpg.rf.e3b3481f00e15a30f465dfa42ffbe065.png,41,158.6,446.5,Normal,42.66,38.0,32.0,44.0,0,0,0,0
C7R1_1736353335386_jpg.rf.e3b3481f00e15a30f465dfa42ffbe065.png,42,188.3,501.4,Normal,60.08,53.0,50.0,63.0,0,0,0,4
C7R1_1736353335386_jpg.rf.e3b3481f00e15a30f465dfa42ffbe065.png,43,251.3,483.7,Normal,67.0,62.0,60.0,72.0,0,0,0,3
C7R1_1736353335386_jpg.rf.e3b3481f00e15a30f465dfa42ffbe065.png,44,337.5,487.9,Normal,42.57,39.0,32.0,51.0,0,0,0,3
C7R1_1736353335386_jpg.rf.e3b3481f00e15a30f465dfa42ffbe065.png,45,381.6,487.8,Sem Raiz,29.35,27.0,24.0,28.0,0,0,0,0
C7R1_1736353335386_jpg.rf.e3b3481f00e15a30f465dfa42ffbe065.png,46,438.6,451.1,Sem Hipocótilo,36.2,34.0,31.0,36.0,0,0,0,1
C7R1_1736353335386_jpg.rf.e3b3481f00e15a30f465dfa42ffbe065.png,47,475.2,472.8,Sem Raiz,17.31,27.0,23.0,29.0,0,3,3,2
C7R1_1736353335386_jpg.rf.e3b3481f00e15a30f465dfa42ffbe065.png,48,515.4,518.1,Normal,75.07,67.0,55.0,72.0,0,0,0,1
C7R1_1736353335386_jpg.rf.e3b3481f00e15a30f465dfa42ffbe065.png,49,549.3,447.7,Sem Raiz,29.87,31.0,24.0,39.0,0,0,0,3
C7R1_1736353335386_jpg.rf.e3b3481f00e15a30f465dfa42ffbe065.png,50,563.2,486.3,Sem Hipocótilo,34.43,34.0,32.0,36.0,0,0,0,1
C7R1_1736353335386_jpg.rf.e3b3481f00e15a30f465dfa42ffbe065.png,51,598.5,447.5,Normal,135.44,125.0,116.0,133.0,3,3,0,4
C7R1_1736353335386_jpg.rf.e3b3481f00e15a30f465dfa42ffbe065.png,52,371.8,534.2,Sem Hipocótilo,52.55,48.0,48.0,49.0,0,0,0,0
C7R1_1736353335386_jpg.rf.e3b3481f00e15a30f465dfa42ffbe065.png,53,424.9,531.9,Normal,52.12,53.0,49.0,56.0,0,1,0,1
C7R2_1736353335365_jpg.rf.c6e2d48be14ba8d186f9bb3423c472b0.png,1,94.3,167.4,Normal,54.25,53.0,47.0,61.0,0,0,0,9
C7R2_1736353335365_jpg.rf.c6e2d48be14ba8d186f9bb3423c472b0.png,2,142.6,153.5,Normal,62.7,68.0,57.0,70.0,4,7,0,2
C7R2_1736353335365_jpg.rf.c6e2d48be14ba8d186f9bb3423c472b0.png,3,215.4,195.4,Normal,47.61,48.0,41.0,49.0,0,4,0,1
C7R2_1736353335365_jpg.rf.c6e2d48be14ba8d186f9bb3423c472b0.png,4,264.1,160.4,Normal,105.05,100.0,97.0,109.0,0,0,0,10
C7R2_1736353335365_jpg.rf.c6e2d48be14ba8d186f9bb3423c472b0.png,5,322.5,155.8,Normal,47.82,47.0,42.0,53.0,0,0,0,6
C7R2_1736353335365_jpg.rf.c6e2d48be14ba8d186f9bb3423c472b0.png,6,389.0,193.9,Normal,82.21,79.0,70.0,84.0,0,0,0,4
C7R2_1736353335365_jpg.rf.c6e2d48be14ba8d186f9bb3423c472b0.png,7,434.9,145.1,Sem Raiz,8.63,8.0,5.0,14.0,0,0,0,4
C7R2_1736353335365_jpg.rf.c6e2d48be14ba8d186f9bb3423c472b0.png,8,438.0,183.4,Sem Hipocótilo,42.71,40.0,38.0,42.0,0,0,0,3
C7R2_1736353335365_jpg.rf.c6e2d48be14ba8d186f9bb3423c472b0.png,9,490.8,148.9,Sem Raiz,10.85,10.0,8.0,11.0,0,0,0,0
C7R2_1736353335365_jpg.rf.c6e2d48be14ba8d186f9bb3423c472b0.png,10,551.9,196.2,Normal,84.92,83.0,74.0,89.0,3,3,0,4
C7R2_1736353335365_jpg.rf.c6e2d48be14ba8d186f9bb3423c472b0.png,11,612.1,167.7,Normal,44.14,46.0,37.0,48.0,0,4,0,1
C7R2_1736353335365_jpg.rf.c6e2d48be14ba8d186f9bb3423c472b0.png,12,110.6,261.7,Normal,43.95,40.0,35.0,42.0,0,0,0,0
C7R2_1736353335365_jpg.rf.c6e2d48be14ba8d186f9bb3423c472b0.png,13,171.5,215.4,Normal,71.85,65.0,58.0,70.0,0,0,0,2
C7R2_1736353335365_jpg.rf.c6e2d48be14ba8d186f9bb3423c472b0.png,14,251.2,253.4,Normal,61.86,61.0,55.0,68.0,0,0,0,6
C7R2_1736353335365_jpg.rf.c6e2d48be14ba8d186f9bb3423c472b0.png,15,299.6,262.4,Normal,77.37,77.0,74.0,85.0,0,0,0,2
C7R2_1736353335365_jpg.rf.c6e2d48be14ba8d186f9bb3423c472b0.png,16,335.3,237.4,Normal,36.28,33.0,29.0,37.0,0,0,0,1
C7R2_1736353335365_jpg.rf.c6e2d48be14ba8d186f9bb3423c472b0.png,17,358.9,223.9,Normal,97.92,96.0,91.0,106.0,0,1,0,5
C7R2_1736353335365_jpg.rf.c6e2d48be14ba8d186f9bb3423c472b0.png,18,474.9,261.6,Normal,82.47,79.0,73.0,83.0,0,0,0,1
C7R2_1736353335365_jpg.rf.c6e2d48be14ba8d186f9bb3423c472b0.png,19,575.6,224.2,Normal,82.73,87.0,79.0,92.0,1,4,0,4
C7R2_1736353335365_jpg.rf.c6e2d48be14ba8d186f9bb3423c472b0.png,20,607.4,277.7,Normal,63.28,61.0,56.0,68.0,0,0,0,2
C7R2_1736353335365_jpg.rf.c6e2d48be14ba8d186f9bb3423c472b0.png,21,90.2,320.6,Sem Hipocótilo,21.38,20.0,14.0,21.0,0,0,0,0
C7R2_1736353335365_jpg.rf.c6e2d48be14ba8d186f9bb3423c472b0.png,22,146.4,291.7,Normal,66.05,66.0,59.0,74.0,2,2,0,8
C7R2_1736353335365_jpg.rf.c6e2d48be14ba8d186f9bb3423c472b0.png,23,219.4,298.7,Normal,76.11,71.0,67.0,76.0,0,0,0,3
C7R2_1736353335365_jpg.rf.c6e2d48be14ba8d186f9bb3423c472b0.png,24,254.4,339.7,Normal,65.12,62.0,56.0,67.0,0,0,0,2
C7R2_1736353335365_jpg.rf.c6e2d48be14ba8d186f9bb3423c472b0.png,25,384.9,335.5,Normal,84.08,81.0,77.0,88.0,0,0,0,1
C7R2_1736353335365_jpg.rf.c6e2d48be14ba8d186f9bb3423c472b0.png,26,418.2,285.0,Normal,63.89,58.0,57.0,71.0,0,0,0,6
C7R2_1736353335365_jpg.rf.c6e2d48be14ba8d186f9bb3423c472b0.png,27,500.3,327.2,Normal,51.59,53.0,40.0,58.0,0,3,0,5
C7R2_1736353335365_jpg.rf.c6e2d48be14ba8d186f9bb3423c472b0.png,28,534.5,289.7,Normal,39.29,38.0,27.0,46.0,0,0,0,6
C7R2_1736353335365_jpg.rf.c6e2d48be14ba8d186f9bb3423c472b0.png,29,93.2,439.5,Normal,52.13,51.0,41.0,55.0,4,4,0,4
C7R2_1736353335365_jpg.rf.c6e2d48be14ba8d186f9bb3423c472b0.png,30,164.3,404.0,Normal,51.18,49.0,44.0,55.0,0,0,0,4
C7R2_1736353335365_jpg.rf.c6e2d48be14ba8d186f9bb3423c472b0.png,31,186.1,361.2,Normal,59.05,61.0,56.0,70.0,0,4,0,6
C7R2_1736353335365_jpg.rf.c6e2d48be14ba8d186f9bb3423c472b0.png,32,275.4,387.3,Normal,100.95,95.0,89.0,101.0,0,0,0,2
C7R2_1736353335365_jpg.rf.c6e2d48be14ba8d186f9bb3423c472b0.png,33,306.3,417.1,Sem Raiz,16.4,15.0,12.0,17.0,0,0,0,0
C7R2_1736353335365_jpg.rf.c6e2d48be14ba8d186f9bb3423c472b0.png,34,322.5,365.3,Normal,61.06,61.0,55.0,64.0,0,1,0,1
C7R2_1736353335365_jpg.rf.c6e2d48be14ba8d186f9bb3423c472b0.png,35,354.4,434.9,Normal,104.24,96.0,87.0,102.0,3,3,0,4
C7R2_1736353335365_jpg.rf.c6e2d48be14ba8d186f9bb3423c472b0.png,36,421.2,371.1,Normal,67.75,63.0,59.0,68.0,0,0,0,4
C7R2_1736353335365_jpg.rf.c6e2d48be14ba8d186f9bb3423c472b0.png,37,472.7,406.2,Normal,81.03,75.0,70.0,77.0,0,0,0,0
C7R2_1736353335365_jpg.rf.c6e2d48be14ba8d186f9bb3423c472b0.png,38,545.0,379.7,Normal,87.44,79.0,72.0,88.0,0,0,0,6
C7R2_1736353335365_jpg.rf.c6e2d48be14ba8d186f9bb3423c472b0.png,39,591.5,373.3,Normal,119.23,112.0,102.0,118.0,0,0,0,2
C7R2_1736353335365_jpg.rf.c6e2d48be14ba8d186f9bb3423c472b0.png,40,98.8,499.9,Sem Raiz,12.4,10.0,10.0,15.0,0,0,0,1
C7R2_1736353335365_jpg.rf.c6e2d48be14ba8d186f9bb3423c472b0.png,41,149.3,481.7,Normal,51.01,51.0,41.0,57.0,0,3,0,6
C7R2_1736353335365_jpg.rf.c6e2d48be14ba8d186f9bb3423c472b0.png,42,187.4,475.0,Normal,56.87,55.0,50.0,62.0,0,0,0,3
C7R2_1736353335365_jpg.rf.c6e2d48be14ba8d186f9bb3423c472b0.png,43,228.8,476.6,Normal,108.13,108.0,96.0,110.0,2,4,0,1
C7R2_1736353335365_jpg.rf.c6e2d48be14ba8d186f9bb3423c472b0.png,44,270.2,460.8,Sem Raiz,17.81,15.0,12.0,20.0,0,0,0,1
C7R2_1736353335365_jpg.rf.c6e2d48be14ba8d186f9bb3423c472b0.png,45,315.4,486.3,Normal,65.98,61.0,60.0,75.0,0,0,0,9
C7R2_1736353335365_jpg.rf.c6e2d48be14ba8d186f9bb3423c472b0.png,46,364.4,478.6,Normal,55.86,54.0,52.0,61.0,0,0,0,2
C7R2_1736353335365_jpg.rf.c6e2d48be14ba8d186f9bb3423c472b0.png,47,437.9,456.2,Normal,47.07,42.0,36.0,50.0,0,0,0,4
C7R2_1736353335365_jpg.rf.c6e2d48be14ba8d186f9bb3423c472b0.png,48,481.2,491.9,Normal,58.19,53.0,46.0,56.0,0,0,0,1
C7R2_1736353335365_jpg.rf.c6e2d48be14ba8d186f9bb3423c472b0.png,49,537.0,444.4,Normal,44.11,40.0,28.0,45.0,0,0,0,1
C7R2_1736353335365_jpg.rf.c6e2d48be14ba8d186f9bb3423c472b0.png,50,539.6,515.8,Normal,62.92,56.0,51.0,63.0,0,0,0,3
C7R2_1736353335365_jpg.rf.c6e2d48be14ba8d186f9bb3423c472b0.png,51,583.2,493.3,Normal,69.26,65.0,54.0,68.0,0,3,0,3
C7R3_1736353335341_jpg.rf.58cf8c5ca74f4b19882ad96e2d23812c.png,1,381.3,113.0,Sem Raiz,14.25,13.0,11.0,15.0,0,0,0,0
C7R3_1736353335341_jpg.rf.58cf8c5ca74f4b19882ad96e2d23812c.png,2,165.2,146.8,Normal,80.74,75.0,71.0,81.0,0,0,0,2
C7R3_1736353335341_jpg.rf.58cf8c5ca74f4b19882ad96e2d23812c.png,3,194.6,176.8,Normal,98.85,93.0,84.0,100.0,0,0,0,3
C7R3_1736353335341_jpg.rf.58cf8c5ca74f4b19882ad96e2d23812c.png,4,256.0,133.2,Normal,61.97,73.0,61.0,78.0,3,7,3,5
C7R3_1736353335341_jpg.rf.58cf8c5ca74f4b19882ad96e2d23812c.png,5,267.7,177.1,Sem Raiz,20.83,19.0,11.0,22.0,0,0,0,3
C7R3_1736353335341_jpg.rf.58cf8c5ca74f4b19882ad96e2d23812c.png,6,329.9,193.7,Normal,55.67,51.0,47.0,57.0,0,0,0,4
C7R3_1736353335341_jpg.rf.58cf8c5ca74f4b19882ad96e2d23812c.png,7,382.0,153.3,Sem Hipocótilo,46.83,45.0,41.0,47.0,0,0,0,3
C7R3_1736353335341_jpg.rf.58cf8c5ca74f4b19882ad96e2d23812c.png,8,382.4,191.1,Sem Raiz,19.2,17.0,11.0,18.0,0,0,0,0
C7R3_1736353335341_jpg.rf.58cf8c5ca74f4b19882ad96e2d23812c.png,9,437.5,161.1,Normal,44.71,42.0,41.0,46.0,0,0,0,0
C7R3_1736353335341_jpg.rf.58cf8c5ca74f4b19882ad96e2d23812c.png,10,482.7,148.5,Normal,42.98,38.0,33.0,45.0,0,0,0,4
C7R3_1736353335341_jpg.rf.58cf8c5ca74f4b19882ad96e2d23812c.png,11,545.0,147.0,Normal,72.99,69.0,63.0,76.0,0,0,0,6
C7R3_1736353335341_jpg.rf.58cf8c5ca74f4b19882ad96e2d23812c.png,12,604.7,161.1,Normal,32.34,32.0,26.0,41.0,0,3,0,6
C7R3_1736353335341_jpg.rf.58cf8c5ca74f4b19882ad96e2d23812c.png,13,113.8,210.0,Normal,138.01,129.0,123.0,135.0,0,0,0,2
C7R3_1736353335341_jpg.rf.58cf8c5ca74f4b19882ad96e2d23812c.png,14,148.0,238.3,Normal,93.35,88.0,78.0,92.0,0,0,0,1
C7R3_1736353335341_jpg.rf.58cf8c5ca74f4b19882ad96e2d23812c.png,15,258.3,217.7,Sem Hipocótilo,52.29,46.0,45.0,47.0,0,0,0,0
C7R3_1736353335341_jpg.rf.58cf8c5ca74f4b19882ad96e2d23812c.png,16,267.5,268.9,Sem Raiz,6.89,7.0,2.0,14.0,0,0,0,3
C7R3_1736353335341_jpg.rf.58cf8c5ca74f4b19882ad96e2d23812c.png,17,321.7,264.4,Normal,74.17,72.0,68.0,82.0,0,3,0,3
C7R3_1736353335341_jpg.rf.58cf8c5ca74f4b19882ad96e2d23812c.png,18,380.8,262.9,Normal,36.79,44.0,32.0,52.0,1,1,0,1
C7R3_1736353335341_jpg.rf.58cf8c5ca74f4b19882ad96e2d23812c.png,19,424.5,205.5,Normal,45.95,49.0,42.0,51.0,0,1,0,1
C7R3_1736353335341_jpg.rf.58cf8c5ca74f4b19882ad96e2d23812c.png,20,488.8,213.3,Normal,68.38,64.0,63.0,72.0,0,0,0,6
C7R3_1736353335341_jpg.rf.58cf8c5ca74f4b19882ad96e2d23812c.png,21,533.7,257.9,Normal,104.79,100.0,91.0,104.0,0,0,0,0
C7R3_1736353335341_jpg.rf.58cf8c5ca74f4b19882ad96e2d23812c.png,22,592.5,243.5,Normal,66.0,62.0,56.0,71.0,0,0,0,6
C7R3_1736353335341_jpg.rf.58cf8c5ca74f4b19882ad96e2d23812c.png,23,81.3,288.5,Normal,75.96,71.0,62.0,77.0,0,0,0,6
C7R3_1736353335341_jpg.rf.58cf8c5ca74f4b19882ad96e2d23812c.png,24,123.1,350.3,Normal,51.24,61.0,49.0,64.0,0,7,0,5
C7R3_1736353335341_jpg.rf.58cf8c5ca74f4b19882ad96e2d23812c.png,25,170.4,304.4,Normal,53.2,53.0,49.0,55.0,0,0,0,0
C7R3_1736353335341_jpg.rf.58cf8c5ca74f4b19882ad96e2d23812c.png,26,215.3,302.4,Normal,100.88,101.0,93.0,111.0,0,3,0,3
C7R3_1736353335341_jpg.rf.58cf8c5ca74f4b19882ad96e2d23812c.png,27,267.4,310.4,Sem Hipocótilo,34.36,34.0,29.0,36.0,0,0,0,1
C7R3_1736353335341_jpg.rf.58cf8c5ca74f4b19882ad96e2d23812c.png,28,333.1,339.3,Normal,49.59,46.0,41.0,55.0,0,0,0,1
C7R3_1736353335341_jpg.rf.58cf8c5ca74f4b19882ad96e2d23812c.png,29,428.9,331.4,Normal,65.95,62.0,54.0,67.0,0,0,0,3
C7R3_1736353335341_jpg.rf.58cf8c5ca74f4b19882ad96e2d23812c.png,30,470.4,310.6,Normal,76.26,71.0,66.0,80.0,0,0,0,4
C7R3_1736353335341_jpg.rf.58cf8c5ca74f4b19882ad96e2d23812c.png,31,575.9,313.9,Normal,67.17,64.0,56.0,70.0,0,0,0,0
C7R3_1736353335341_jpg.rf.58cf8c5ca74f4b19882ad96e2d23812c.png,32,109.7,432.5,Sem Hipocótilo,28.92,28.0,22.0,29.0,0,0,0,0
C7R3_1736353335341_jpg.rf.58cf8c5ca74f4b19882ad96e2d23812c.png,33,163.6,368.2,Normal,63.32,61.0,59.0,67.0,0,0,0,0
C7R3_1736353335341_jpg.rf.58cf8c5ca74f4b19882ad96e2d23812c.png,34,201.5,393.8,Sem Raiz,14.89,14.0,9.0,16.0,0,0,0,0
C7R3_1736353335341_jpg.rf.58cf8c5ca74f4b19882ad96e2d23812c.png,35,244.0,386.6,Normal,41.5,37.0,30.0,44.0,0,0,0,1
C7R3_1736353335341_jpg.rf.58cf8c5ca74f4b19882ad96e2d23812c.png,36,285.2,392.2,Normal,65.36,62.0,56.0,65.0,0,3,0,1
C7R3_1736353335341_jpg.rf.58cf8c5ca74f4b19882ad96e2d23812c.png,37,327.6,412.0,Normal,60.38,57.0,49.0,65.0,0,0,0,3
C7R3_1736353335341_jpg.rf.58cf8c5ca74f4b19882ad96e2d23812c.png,38,395.1,395.1,Normal,59.54,56.0,51.0,63.0,0,0,0,6
C7R3_1736353335341_jpg.rf.58cf8c5ca74f4b19882ad96e2d23812c.png,39,495.3,409.5,Normal,73.65,67.0,62.0,75.0,0,0,0,2
C7R3_1736353335341_jpg.rf.58cf8c5ca74f4b19882ad96e2d23812c.png,40,537.7,393.6,Normal,100.93,105.0,99.0,111.0,4,8,3,3
C7R3_1736353335341_jpg.rf.58cf8c5ca74f4b19882ad96e2d23812c.png,41,610.1,402.8,Normal,52.79,51.0,42.0,58.0,0,0,0,2
C7R3_1736353335341_jpg.rf.58cf8c5ca74f4b19882ad96e2d23812c.png,42,151.4,499.4,Normal,128.05,122.0,118.0,129.0,0,0,0,6
C7R3_1736353335341_jpg.rf.58cf8c5ca74f4b19882ad96e2d23812c.png,43,189.0,441.5,Sem Hipocótilo,80.55,68.0,67.0,70.0,0,0,0,1
C7R3_1736353335341_jpg.rf.58cf8c5ca74f4b19882ad96e2d23812c.png,44,222.0,519.1,Normal,97.19,89.0,82.0,97.0,0,0,0,4
C7R3_1736353335341_jpg.rf.58cf8c5ca74f4b19882ad96e2d23812c.png,45,275.9,519.0,Normal,91.66,89.0,84.0,98.0,0,0,0,3
C7R3_1736353335341_jpg.rf.58cf8c5ca74f4b19882ad96e2d23812c.png,46,320.4,518.2,Normal,83.93,79.0,74.0,85.0,0,0,0,6
C7R3_1736353335341_jpg.rf.58cf8c5ca74f4b19882ad96e2d23812c.png,47,372.7,469.2,Normal,68.86,67.0,59.0,72.0,1,1,0,1
C7R3_1736353335341_jpg.rf.58cf8c5ca74f4b19882ad96e2d23812c.png,48,430.2,457.4,Normal,102.17,94.0,89.0,102.0,0,0,0,2
C7R3_1736353335341_jpg.rf.58cf8c5ca74f4b19882ad96e2d23812c.png,49,493.0,494.3,Normal,58.85,57.0,45.0,61.0,0,4,0,3
C7R3_1736353335341_jpg.rf.58cf8c5ca74f4b19882ad96e2d23812c.png,50,585.2,452.7,Normal,40.77,40.0,31.0,46.0,2,4,0,1
C7R3_1736353335341_jpg.rf.58cf8c5ca74f4b19882ad96e2d23812c.png,51,118.3,525.2,Normal,95.34,90.0,82.0,93.0,0,0,0,3
C7R3_1736353335341_jpg.rf.58cf8c5ca74f4b19882ad96e2d23812c.png,52,452.2,536.3,Normal,82.24,72.0,67.0,84.0,0,0,0,8
C7R3_1736353335341_jpg.rf.58cf8c5ca74f4b19882ad96e2d23812c.png,53,530.1,524.2,Normal,90.74,83.0,76.0,89.0,3,3,0,1
C7R3_1736353335341_jpg.rf.58cf8c5ca74f4b19882ad96e2d23812c.png,54,563.4,548.9,Normal,52.13,50.0,45.0,61.0,0,0,0,5
C7R4_1736353335317_jpg.rf.0be3bb1080d6df0146e54e6709bbef96.png,1,111.6,196.5,Normal,89.84,82.0,74.0,86.0,0,0,0,3
C7R4_1736353335317_jpg.rf.0be3bb1080d6df0146e54e6709bbef96.png,2,164.3,141.2,Normal,54.26,53.0,50.0,59.0,0,0,0,6
C7R4_1736353335317_jpg.rf.0be3bb1080d6df0146e54e6709bbef96.png,3,246.3,154.8,Normal,72.1,74.0,69.0,84.0,0,3,0,5
C7R4_1736353335317_jpg.rf.0be3bb1080d6df0146e54e6709bbef96.png,4,322.1,161.3,Normal,72.16,70.0,67.0,77.0,0,0,0,4
C7R4_1736353335317_jpg.rf.0be3bb1080d6df0146e54e6709bbef96.png,5,347.6,160.1,Sem Raiz,15.3,13.0,11.0,16.0,0,0,0,1
C7R4_1736353335317_jpg.rf.0be3bb1080d6df0146e54e6709bbef96.png,6,387.2,179.9,Normal,92.73,94.0,87.0,100.0,0,4,0,3
C7R4_1736353335317_jpg.rf.0be3bb1080d6df0146e54e6709bbef96.png,7,422.2,159.0,Normal,50.39,45.0,37.0,48.0,0,0,0,1
C7R4_1736353335317_jpg.rf.0be3bb1080d6df0146e54e6709bbef96.png,8,473.7,150.6,Normal,58.06,58.0,46.0,64.0,4,4,0,1
C7R4_1736353335317_jpg.rf.0be3bb1080d6df0146e54e6709bbef96.png,9,545.7,192.9,Normal,80.14,72.0,67.0,78.0,0,0,0,1
C7R4_1736353335317_jpg.rf.0be3bb1080d6df0146e54e6709bbef96.png,10,603.0,189.9,Normal,72.43,71.0,66.0,76.0,0,0,0,1
C7R4_1736353335317_jpg.rf.0be3bb1080d6df0146e54e6709bbef96.png,11,124.0,278.8,Normal,57.81,54.0,51.0,66.0,0,0,0,7
C7R4_1736353335317_jpg.rf.0be3bb1080d6df0146e54e6709bbef96.png,12,148.5,234.9,Normal,76.75,75.0,70.0,83.0,0,0,0,2
C7R4_1736353335317_jpg.rf.0be3bb1080d6df0146e54e6709bbef96.png,13,192.3,212.6,Normal,88.95,85.0,85.0,92.0,0,0,0,2
C7R4_1736353335317_jpg.rf.0be3bb1080d6df0146e54e6709bbef96.png,14,221.5,270.8,Normal,48.19,52.0,40.0,55.0,4,8,0,5
C7R4_1736353335317_jpg.rf.0be3bb1080d6df0146e54e6709bbef96.png,15,288.8,209.3,Normal,88.77,93.0,86.0,97.0,3,3,0,1
C7R4_1736353335317_jpg.rf.0be3bb1080d6df0146e54e6709bbef96.png,16,317.9,277.7,Normal,47.33,45.0,38.0,49.0,0,0,0,2
C7R4_1736353335317_jpg.rf.0be3bb1080d6df0146e54e6709bbef96.png,17,349.2,219.4,Normal,87.16,85.0,79.0,92.0,0,0,0,6
C7R4_1736353335317_jpg.rf.0be3bb1080d6df0146e54e6709bbef96.png,18,428.8,270.4,Normal,52.15,49.0,47.0,56.0,0,0,0,6
C7R4_1736353335317_jpg.rf.0be3bb1080d6df0146e54e6709bbef96.png,19,489.8,236.5,Normal,91.65,82.0,76.0,90.0,0,0,0,4
C7R4_1736353335317_jpg.rf.0be3bb1080d6df0146e54e6709bbef96.png,20,580.7,229.4,Normal,54.34,53.0,50.0,61.0,0,0,0,4
C7R4_1736353335317_jpg.rf.0be3bb1080d6df0146e54e6709bbef96.png,21,90.9,319.8,Sem Raiz,14.37,13.0,9.0,14.0,0,0,0,0
C7R4_1736353335317_jpg.rf.0be3bb1080d6df0146e54e6709bbef96.png,22,171.2,318.0,Normal,62.85,57.0,53.0,67.0,0,0,0,4
C7R4_1736353335317_jpg.rf.0be3bb1080d6df0146e54e6709bbef96.png,23,203.1,337.3,Sem Hipocótilo,18.37,17.0,14.0,21.0,0,0,0,1
C7R4_1736353335317_jpg.rf.0be3bb1080d6df0146e54e6709bbef96.png,24,276.8,314.0,Normal,61.82,62.0,59.0,68.0,0,0,0,6
C7R4_1736353335317_jpg.rf.0be3bb1080d6df0146e54e6709bbef96.png,25,329.2,354.3,Normal,97.35,90.0,85.0,99.0,0,3,0,6
C7R4_1736353335317_jpg.rf.0be3bb1080d6df0146e54e6709bbef96.png,26,375.9,313.3,Normal,88.82,87.0,80.0,92.0,0,0,0,6
C7R4_1736353335317_jpg.rf.0be3bb1080d6df0146e54e6709bbef96.png,27,411.0,349.6,Normal,66.95,62.0,58.0,65.0,0,0,0,1
C7R4_1736353335317_jpg.rf.0be3bb1080d6df0146e54e6709bbef96.png,28,476.1,321.5,Normal,69.01,62.0,57.0,69.0,0,0,0,4
C7R4_1736353335317_jpg.rf.0be3bb1080d6df0146e54e6709bbef96.png,29,542.9,358.3,Normal,55.5,56.0,45.0,60.0,4,6,0,5
C7R4_1736353335317_jpg.rf.0be3bb1080d6df0146e54e6709bbef96.png,30,574.4,351.5,Normal,101.54,92.0,89.0,95.0,0,0,0,0
C7R4_1736353335317_jpg.rf.0be3bb1080d6df0146e54e6709bbef96.png,31,142.0,402.9,Normal,82.63,81.0,76.0,90.0,0,0,0,6
C7R4_1736353335317_jpg.rf.0be3bb1080d6df0146e54e6709bbef96.png,32,256.8,377.3,Normal,63.15,58.0,48.0,62.0,0,0,0,3
C7R4_1736353335317_jpg.rf.0be3bb1080d6df0146e54e6709bbef96.png,33,329.6,418.0,Sem Raiz,18.86,18.0,11.0,19.0,0,0,0,0
C7R4_1736353335317_jpg.rf.0be3bb1080d6df0146e54e6709bbef96.png,34,385.2,404.6,Sem Hipocótilo,42.58,38.0,35.0,39.0,0,0,0,0
C7R4_1736353335317_jpg.rf.0be3bb1080d6df0146e54e6709bbef96.png,35,420.1,439.5,Normal,78.83,71.0,69.0,80.0,0,0,0,4
C7R4_1736353335317_jpg.rf.0be3bb1080d6df0146e54e6709bbef96.png,36,496.9,383.9,Normal,51.08,48.0,42.0,59.0,0,0,0,5
C7R4_1736353335317_jpg.rf.0be3bb1080d6df0146e54e6709bbef96.png,37,539.2,430.7,Sem Hipocótilo,24.89,24.0,22.0,27.0,0,0,0,1
C7R4_1736353335317_jpg.rf.0be3bb1080d6df0146e54e6709bbef96.png,38,604.1,401.8,Normal,63.75,62.0,53.0,71.0,0,0,0,7
C7R4_1736353335317_jpg.rf.0be3bb1080d6df0146e54e6709bbef96.png,39,69.3,502.2,Normal,92.99,90.0,89.0,100.0,0,0,0,7
C7R4_1736353335317_jpg.rf.0be3bb1080d6df0146e54e6709bbef96.png,40,102.1,445.4,Normal,52.84,52.0,49.0,62.0,0,0,0,4
C7R4_1736353335317_jpg.rf.0be3bb1080d6df0146e54e6709bbef96.png,41,156.5,478.9,Normal,59.99,57.0,54.0,65.0,0,3,0,3
C7R4_1736353335317_jpg.rf.0be3bb1080d6df0146e54e6709bbef96.png,42,209.5,457.3,Normal,60.65,71.0,59.0,77.0,0,4,0,7
C7R4_1736353335317_jpg.rf.0be3bb1080d6df0146e54e6709bbef96.png,43,242.0,507.4,Normal,105.76,104.0,99.0,110.0,0,0,0,4
C7R4_1736353335317_jpg.rf.0be3bb1080d6df0146e54e6709bbef96.png,44,289.8,471.2,Normal,54.14,52.0,49.0,54.0,0,0,0,0
C7R4_1736353335317_jpg.rf.0be3bb1080d6df0146e54e6709bbef96.png,45,317.1,494.7,Sem Raiz,17.47,16.0,13.0,17.0,0,0,0,0
C7R4_1736353335317_jpg.rf.0be3bb1080d6df0146e54e6709bbef96.png,46,481.9,505.1,Normal,97.83,94.0,85.0,102.0,0,0,0,4
C7R4_1736353335317_jpg.rf.0be3bb1080d6df0146e54e6709bbef96.png,47,530.5,494.5,Sem Hipocótilo,26.46,29.0,26.0,37.0,0,0,0,3
C7R4_1736353335317_jpg.rf.0be3bb1080d6df0146e54e6709bbef96.png,48,326.8,538.0,Sem Hipocótilo,66.81,65.0,64.0,70.0,0,0,0,3
C7R4_1736353335317_jpg.rf.0be3bb1080d6df0146e54e6709bbef96.png,49,434.5,530.6,Normal,86.63,82.0,72.0,88.0,0,0,0,4
C7R4_1736353335317_jpg.rf.0be3bb1080d6df0146e54e6709bbef96.png,50,580.1,524.0,Normal,120.78,116.0,108.0,123.0,3,6,0,5
C7R5_1736353335233_jpg.rf.9d4abeab778708bee9836ecbddf76783.png,1,80.6,191.9,Normal,67.4,64.0,64.0,77.0,0,0,0,3
C7R5_1736353335233_jpg.rf.9d4abeab778708bee9836ecbddf76783.png,2,169.7,182.4,Normal,75.32,66.0,64.0,76.0,0,0,0,4
C7R5_1736353335233_jpg.rf.9d4abeab778708bee9836ecbddf76783.png,3,253.7,174.4,Normal,108.05,95.0,86.0,101.0,0,0,0,2
C7R5_1736353335233_jpg.rf.9d4abeab778708bee9836ecbddf76783.png,4,302.9,172.5,Normal,82.55,85.0,78.0,94.0,0,4,0,7
C7R5_1736353335233_jpg.rf.9d4abeab778708bee9836ecbddf76783.png,5,326.3,167.9,Normal,60.75,59.0,52.0,67.0,0,0,0,5
C7R5_1736353335233_jpg.rf.9d4abeab778708bee9836ecbddf76783.png,6,389.1,191.9,Normal,101.61,99.0,95.0,103.0,0,0,0,4
C7R5_1736353335233_jpg.rf.9d4abeab778708bee9836ecbddf76783.png,7,444.0,155.1,Normal,61.13,55.0,47.0,62.0,0,0,0,6
C7R5_1736353335233_jpg.rf.9d4abeab778708bee9836ecbddf76783.png,8,509.2,180.3,Normal,94.01,91.0,83.0,98.0,4,4,0,5
C7R5_1736353335233_jpg.rf.9d4abeab778708bee9836ecbddf76783.png,9,539.0,186.8,Normal,124.22,118.0,110.0,122.0,0,0,0,2
C7R5_1736353335233_jpg.rf.9d4abeab778708bee9836ecbddf76783.png,10,144.2,218.7,Sem Raiz,7.82,9.0,14.0,21.0,0,4,0,4
C7R5_1736353335233_jpg.rf.9d4abeab778708bee9836ecbddf76783.png,11,144.3,273.0,Sem Hipocótilo,81.6,78.0,74.0,79.0,0,0,0,0
C7R5_1736353335233_jpg.rf.9d4abeab778708bee9836ecbddf76783.png,12,206.4,267.0,Normal,52.81,50.0,40.0,56.0,0,0,0,1
C7R5_1736353335233_jpg.rf.9d4abeab778708bee9836ecbddf76783.png,13,206.7,204.2,Sem Hipocótilo,23.43,28.0,23.0,31.0,0,3,0,3
C7R5_1736353335233_jpg.rf.9d4abeab778708bee9836ecbddf76783.png,14,280.9,273.0,Normal,124.08,117.0,109.0,126.0,1,1,0,8
C7R5_1736353335233_jpg.rf.9d4abeab778708bee9836ecbddf76783.png,15,418.9,241.7,Normal,57.9,56.0,49.0,62.0,0,0,0,7
C7R5_1736353335233_jpg.rf.9d4abeab778708bee9836ecbddf76783.png,16,477.0,232.5,Normal,53.33,53.0,44.0,63.0,0,3,0,5
C7R5_1736353335233_jpg.rf.9d4abeab778708bee9836ecbddf76783.png,17,562.8,254.6,Sem Raiz,36.77,36.0,33.0,38.0,0,0,0,1
C7R5_1736353335233_jpg.rf.9d4abeab778708bee9836ecbddf76783.png,18,595.6,203.8,Normal,69.9,69.0,60.0,75.0,0,0,0,5
C7R5_1736353335233_jpg.rf.9d4abeab778708bee9836ecbddf76783.png,19,76.2,311.9,Normal,56.2,53.0,48.0,60.0,0,0,0,4
C7R5_1736353335233_jpg.rf.9d4abeab778708bee9836ecbddf76783.png,20,106.7,287.1,Normal,87.57,83.0,74.0,91.0,0,0,0,4
C7R5_1736353335233_jpg.rf.9d4abeab778708bee9836ecbddf76783.png,21,170.0,337.5,Normal,73.26,69.0,65.0,72.0,0,0,0,2
C7R5_1736353335233_jpg.rf.9d4abeab778708bee9836ecbddf76783.png,22,252.3,309.2,Normal,84.05,86.0,79.0,88.0,0,3,0,2
C7R5_1736353335233_jpg.rf.9d4abeab778708bee9836ecbddf76783.png,23,315.3,294.6,Normal,77.4,72.0,67.0,74.0,0,0,0,1
C7R5_1736353335233_jpg.rf.9d4abeab778708bee9836ecbddf76783.png,24,362.6,291.5,Normal,64.71,63.0,60.0,67.0,0,0,0,1
C7R5_1736353335233_jpg.rf.9d4abeab778708bee9836ecbddf76783.png,25,479.3,346.1,Normal,76.33,70.0,60.0,72.0,0,0,0,0
C7R5_1736353335233_jpg.rf.9d4abeab778708bee9836ecbddf76783.png,26,528.4,353.4,Normal,95.96,94.0,86.0,100.0,1,6,0,3
C7R5_1736353335233_jpg.rf.9d4abeab778708bee9836ecbddf76783.png,27,599.3,335.3,Normal,61.62,58.0,55.0,66.0,0,0,0,7
C7R5_1736353335233_jpg.rf.9d4abeab778708bee9836ecbddf76783.png,28,81.5,402.4,Normal,97.38,87.0,79.0,93.0,0,0,0,2
C7R5_1736353335233_jpg.rf.9d4abeab778708bee9836ecbddf76783.png,29,120.1,419.5,Normal,52.85,51.0,43.0,56.0,0,0,0,1
C7R5_1736353335233_jpg.rf.9d4abeab778708bee9836ecbddf76783.png,30,150.2,426.5,Normal,49.94,58.0,53.0,67.0,1,6,3,7
C7R5_1736353335233_jpg.rf.9d4abeab778708bee9836ecbddf76783.png,31,216.1,370.3,Normal,72.27,69.0,64.0,79.0,0,0,0,5
C7R5_1736353335233_jpg.rf.9d4abeab778708bee9836ecbddf76783.png,32,265.0,390.8,Sem Raiz,18.51,18.0,12.0,19.0,0,0,0,0
C7R5_1736353335233_jpg.rf.9d4abeab778708bee9836ecbddf76783.png,33,295.3,401.3,Normal,56.34,54.0,49.0,59.0,0,4,0,4
C7R5_1736353335233_jpg.rf.9d4abeab778708bee9836ecbddf76783.png,34,339.4,376.7,Normal,57.8,54.0,46.0,56.0,0,0,0,0
C7R5_1736353335233_jpg.rf.9d4abeab778708bee9836ecbddf76783.png,35,360.4,414.3,Normal,71.97,67.0,62.0,71.0,0,0,0,4
C7R5_1736353335233_jpg.rf.9d4abeab778708bee9836ecbddf76783.png,36,384.5,366.0,Normal,40.54,40.0,33.0,45.0,0,0,0,2
C7R5_1736353335233_jpg.rf.9d4abeab778708bee9836ecbddf76783.png,37,406.7,385.8,Normal,87.05,85.0,79.0,92.0,0,0,0,6
C7R5_1736353335233_jpg.rf.9d4abeab778708bee9836ecbddf76783.png,38,447.2,360.5,Normal,106.95,102.0,98.0,111.0,0,0,0,9
C7R5_1736353335233_jpg.rf.9d4abeab778708bee9836ecbddf76783.png,39,101.4,489.5,Normal,39.48,33.0,32.0,39.0,0,0,0,6
C7R5_1736353335233_jpg.rf.9d4abeab778708bee9836ecbddf76783.png,40,157.2,512.3,Normal,68.05,65.0,58.0,71.0,0,0,0,5
C7R5_1736353335233_jpg.rf.9d4abeab778708bee9836ecbddf76783.png,41,196.0,456.8,Normal,61.27,58.0,52.0,64.0,0,0,0,6
C7R5_1736353335233_jpg.rf.9d4abeab778708bee9836ecbddf76783.png,42,221.6,517.4,Sem Hipocótilo,78.84,78.0,75.0,79.0,0,0,0,0
C7R5_1736353335233_jpg.rf.9d4abeab778708bee9836ecbddf76783.png,43,234.7,460.4,Sem Raiz,30.18,27.0,23.0,32.0,0,0,0,3
C7R5_1736353335233_jpg.rf.9d4abeab778708bee9836ecbddf76783.png,44,269.0,474.1,Normal,56.45,57.0,45.0,64.0,2,5,0,10
C7R5_1736353335233_jpg.rf.9d4abeab778708bee9836ecbddf76783.png,45,319.1,479.0,Normal,51.21,50.0,42.0,55.0,0,3,0,4
C7R5_1736353335233_jpg.rf.9d4abeab778708bee9836ecbddf76783.png,46,365.4,493.0,Normal,30.48,28.0,24.0,31.0,0,0,0,0
C7R5_1736353335233_jpg.rf.9d4abeab778708bee9836ecbddf76783.png,47,412.0,502.4,Normal,76.36,69.0,62.0,79.0,3,3,0,8
C7R5_1736353335233_jpg.rf.9d4abeab778708bee9836ecbddf76783.png,48,442.0,489.9,Normal,112.96,105.0,99.0,110.0,0,0,0,2
C7R5_1736353335233_jpg.rf.9d4abeab778708bee9836ecbddf76783.png,49,484.5,484.5,Normal,142.68,129.0,126.0,135.0,0,0,0,4
C7R5_1736353335233_jpg.rf.9d4abeab778708bee9836ecbddf76783.png,50,520.5,442.0,Sem Raiz,29.95,29.0,26.0,34.0,0,0,0,3
C7R5_1736353335233_jpg.rf.9d4abeab778708bee9836ecbddf76783.png,51,561.3,471.3,Sem Hipocótilo,55.25,59.0,53.0,62.0,0,1,0,1
C7R5_1736353335233_jpg.rf.9d4abeab778708bee9836ecbddf76783.png,52,601.6,458.2,Normal,50.58,49.0,38.0,55.0,0,1,0,2
C7R5_1736353335292_jpg.rf.e4d194919ad8e626d9d30ea9968eec7c.png,1,129.7,136.5,Normal,79.72,74.0,71.0,80.0,0,0,0,6
C7R5_1736353335292_jpg.rf.e4d194919ad8e626d9d30ea9968eec7c.png,2,214.7,179.2,Normal,67.96,66.0,60.0,71.0,0,0,0,4
C7R5_1736353335292_jpg.rf.e4d194919ad8e626d9d30ea9968eec7c.png,3,266.8,184.2,Sem Raiz,15.12,16.0,13.0,25.0,0,0,0,2
C7R5_1736353335292_jpg.rf.e4d194919ad8e626d9d30ea9968eec7c.png,4,278.3,145.1,Normal,51.35,51.0,47.0,61.0,0,0,0,7
C7R5_1736353335292_jpg.rf.e4d194919ad8e626d9d30ea9968eec7c.png,5,334.3,165.8,Normal,57.43,53.0,51.0,63.0,0,3,0,6
C7R5_1736353335292_jpg.rf.e4d194919ad8e626d9d30ea9968eec7c.png,6,378.5,183.7,Normal,127.24,119.0,114.0,126.0,0,0,0,4
C7R5_1736353335292_jpg.rf.e4d194919ad8e626d9d30ea9968eec7c.png,7,410.8,131.6,Normal,49.22,48.0,40.0,55.0,0,0,0,4
C7R5_1736353335292_jpg.rf.e4d194919ad8e626d9d30ea9968eec7c.png,8,438.3,170.2,Normal,64.88,63.0,55.0,71.0,0,3,0,4
C7R5_1736353335292_jpg.rf.e4d194919ad8e626d9d30ea9968eec7c.png,9,479.9,145.9,Normal,61.06,64.0,58.0,69.0,3,3,0,4
C7R5_1736353335292_jpg.rf.e4d194919ad8e626d9d30ea9968eec7c.png,10,552.8,146.1,Normal,50.16,48.0,40.0,53.0,0,0,0,3
C7R5_1736353335292_jpg.rf.e4d194919ad8e626d9d30ea9968eec7c.png,11,595.9,154.8,Normal,94.94,90.0,83.0,101.0,0,0,0,3
C7R5_1736353335292_jpg.rf.e4d194919ad8e626d9d30ea9968eec7c.png,12,88.2,241.3,Normal,25.07,23.0,20.0,33.0,0,0,0,1
C7R5_1736353335292_jpg.rf.e4d194919ad8e626d9d30ea9968eec7c.png,13,144.8,218.9,Sem Hipocótilo,34.33,33.0,30.0,34.0,0,0,0,0
C7R5_1736353335292_jpg.rf.e4d194919ad8e626d9d30ea9968eec7c.png,14,181.6,205.7,Normal,78.66,76.0,69.0,84.0,0,0,0,6
C7R5_1736353335292_jpg.rf.e4d194919ad8e626d9d30ea9968eec7c.png,15,240.4,223.0,Normal,58.0,49.0,46.0,52.0,0,0,0,0
C7R5_1736353335292_jpg.rf.e4d194919ad8e626d9d30ea9968eec7c.png,16,328.8,270.9,Normal,43.44,43.0,37.0,51.0,0,0,0,7
C7R5_1736353335292_jpg.rf.e4d194919ad8e626d9d30ea9968eec7c.png,17,411.2,256.1,Normal,70.93,68.0,58.0,73.0,4,4,0,1
C7R5_1736353335292_jpg.rf.e4d194919ad8e626d9d30ea9968eec7c.png,18,447.7,256.9,Normal,67.62,65.0,58.0,68.0,0,0,0,0
C7R5_1736353335292_jpg.rf.e4d194919ad8e626d9d30ea9968eec7c.png,19,509.3,206.9,Normal,98.45,95.0,89.0,104.0,0,3,0,7
C7R5_1736353335292_jpg.rf.e4d194919ad8e626d9d30ea9968eec7c.png,20,545.0,263.8,Normal,34.65,32.0,24.0,44.0,0,0,0,8
C7R5_1736353335292_jpg.rf.e4d194919ad8e626d9d30ea9968eec7c.png,21,582.3,239.0,Normal,45.35,41.0,35.0,45.0,0,0,0,0
C7R5_1736353335292_jpg.rf.e4d194919ad8e626d9d30ea9968eec7c.png,22,98.1,320.2,Normal,78.35,69.0,59.0,73.0,0,0,0,1
C7R5_1736353335292_jpg.rf.e4d194919ad8e626d9d30ea9968eec7c.png,23,152.7,312.0,Normal,72.01,72.0,65.0,78.0,0,0,0,6
C7R5_1736353335292_jpg.rf.e4d194919ad8e626d9d30ea9968eec7c.png,24,222.5,308.0,Normal,109.06,106.0,96.0,111.0,1,1,0,4
C7R5_1736353335292_jpg.rf.e4d194919ad8e626d9d30ea9968eec7c.png,25,274.5,288.6,Normal,61.5,57.0,55.0,67.0,0,0,0,2
C7R5_1736353335292_jpg.rf.e4d194919ad8e626d9d30ea9968eec7c.png,26,274.6,358.3,Sem Hipocótilo,15.49,17.0,11.0,22.0,0,0,0,3
C7R5_1736353335292_jpg.rf.e4d194919ad8e626d9d30ea9968eec7c.png,27,322.4,348.4,Normal,80.48,80.0,74.0,82.0,0,1,0,1
C7R5_1736353335292_jpg.rf.e4d194919ad8e626d9d30ea9968eec7c.png,28,366.8,355.2,Normal,101.68,88.0,81.0,97.0,0,0,0,7
C7R5_1736353335292_jpg.rf.e4d194919ad8e626d9d30ea9968eec7c.png,29,430.5,335.9,Normal,46.93,49.0,41.0,57.0,3,3,0,6
C7R5_1736353335292_jpg.rf.e4d194919ad8e626d9d30ea9968eec7c.png,30,477.5,303.5,Normal,85.57,82.0,75.0,88.0,0,0,0,2
C7R5_1736353335292_jpg.rf.e4d194919ad8e626d9d30ea9968eec7c.png,31,548.1,312.6,Sem Raiz,8.05,7.0,2.0,10.0,0,0,0,0
C7R5_1736353335292_jpg.rf.e4d194919ad8e626d9d30ea9968eec7c.png,32,586.9,307.5,Normal,41.06,39.0,36.0,48.0,0,0,0,3
C7R5_1736353335292_jpg.rf.e4d194919ad8e626d9d30ea9968eec7c.png,33,129.6,396.7,Sem Hipocótilo,17.47,15.0,11.0,19.0,0,0,0,1
C7R5_1736353335292_jpg.rf.e4d194919ad8e626d9d30ea9968eec7c.png,34,168.8,409.4,Sem Raiz,12.94,12.0,10.0,15.0,0,0,0,0
C7R5_1736353335292_jpg.rf.e4d194919ad8e626d9d30ea9968eec7c.png,35,188.3,368.5,Normal,65.75,64.0,56.0,74.0,2,2,0,3
C7R5_1736353335292_jpg.rf.e4d194919ad8e626d9d30ea9968eec7c.png,36,206.7,412.0,Normal,56.91,56.0,49.0,63.0,3,3,0,3
C7R5_1736353335292_jpg.rf.e4d194919ad8e626d9d30ea9968eec7c.png,37,289.6,392.9,Sem Hipocótilo,36.91,34.0,33.0,36.0,0,0,0,0
C7R5_1736353335292_jpg.rf.e4d194919ad8e626d9d30ea9968eec7c.png,38,438.2,417.0,Sem Hipocótilo,15.8,14.0,13.0,16.0,0,0,0,1
C7R5_1736353335292_jpg.rf.e4d194919ad8e626d9d30ea9968eec7c.png,39,466.3,401.8,Normal,75.79,71.0,66.0,80.0,0,0,0,2
C7R5_1736353335292_jpg.rf.e4d194919ad8e626d9d30ea9968eec7c.png,40,531.8,426.7,Normal,81.91,77.0,73.0,83.0,1,1,0,2
C7R5_1736353335292_jpg.rf.e4d194919ad8e626d9d30ea9968eec7c.png,41,600.4,408.7,Normal,85.46,85.0,85.0,94.0,3,3,1,5
C7R5_1736353335292_jpg.rf.e4d194919ad8e626d9d30ea9968eec7c.png,42,100.0,492.4,Normal,33.01,32.0,25.0,36.0,0,0,0,2
C7R5_1736353335292_jpg.rf.e4d194919ad8e626d9d30ea9968eec7c.png,43,162.2,467.1,Sem Hipocótilo,79.29,73.0,72.0,75.0,0,0,0,0
C7R5_1736353335292_jpg.rf.e4d194919ad8e626d9d30ea9968eec7c.png,44,211.2,493.9,Normal,33.17,31.0,22.0,37.0,0,0,0,4
C7R5_1736353335292_jpg.rf.e4d194919ad8e626d9d30ea9968eec7c.png,45,270.9,481.5,Normal,107.46,106.0,96.0,114.0,3,3,0,7
C7R5_1736353335292_jpg.rf.e4d194919ad8e626d9d30ea9968eec7c.png,46,331.2,456.8,Normal,121.09,118.0,114.0,121.0,0,0,0,2
C7R5_1736353335292_jpg.rf.e4d194919ad8e626d9d30ea9968eec7c.png,47,382.1,446.2,Normal,44.33,48.0,43.0,57.0,1,1,1,7
C7R5_1736353335292_jpg.rf.e4d194919ad8e626d9d30ea9968eec7c.png,48,488.2,485.1,Normal,74.54,79.0,68.0,85.0,0,6,0,5
C7R5_1736353335292_jpg.rf.e4d194919ad8e626d9d30ea9968eec7c.png,49,536.1,489.7,Normal,38.91,37.0,34.0,45.0,0,3,0,3
C7R5_1736353335292_jpg.rf.e4d194919ad8e626d9d30ea9968eec7c.png,50,575.8,461.1,Normal,76.3,74.0,69.0,84.0,0,0,0,4
C7R5_1736353335292_jpg.rf.e4d194919ad8e626d9d30ea9968eec7c.png,51,421.0,521.0,Normal,81.17,80.0,71.0,85.0,0,3,0,4
C7R6_1736353335275_jpg.rf.ca9a0b16f50888a8108096531885f624.png,1,138.4,142.8,Sem Raiz,22.75,20.0,16.0,23.0,0,0,0,1
C7R6_1736353335275_jpg.rf.ca9a0b16f50888a8108096531885f624.png,2,140.5,178.7,Sem Hipocótilo,41.43,41.0,39.0,41.0,0,0,0,0
C7R6_1736353335275_jpg.rf.ca9a0b16f50888a8108096531885f624.png,3,205.1,188.5,Normal,82.28,81.0,73.0,88.0,1,1,0,1
C7R6_1736353335275_jpg.rf.ca9a0b16f50888a8108096531885f624.png,4,253.3,181.8,Normal,78.67,75.0,66.0,82.0,0,0,0,2
C7R6_1736353335275_jpg.rf.ca9a0b16f50888a8108096531885f624.png,5,328.6,195.5,Normal,52.75,51.0,46.0,56.0,0,0,0,2
C7R6_1736353335275_jpg.rf.ca9a0b16f50888a8108096531885f624.png,6,368.3,166.5,Normal,101.8,95.0,87.0,100.0,0,0,0,3
C7R6_1736353335275_jpg.rf.ca9a0b16f50888a8108096531885f624.png,7,422.8,180.2,Normal,61.68,60.0,58.0,67.0,0,0,0,1
C7R6_1736353335275_jpg.rf.ca9a0b16f50888a8108096531885f624.png,8,462.8,167.5,Normal,111.46,107.0,101.0,113.0,0,0,0,3
C7R6_1736353335275_jpg.rf.ca9a0b16f50888a8108096531885f624.png,9,527.2,189.9,Normal,88.75,82.0,78.0,90.0,0,0,0,2
C7R6_1736353335275_jpg.rf.ca9a0b16f50888a8108096531885f624.png,10,570.1,158.7,Normal,75.98,72.0,60.0,78.0,3,3,0,4
C7R6_1736353335275_jpg.rf.ca9a0b16f50888a8108096531885f624.png,11,88.3,238.1,Normal,59.7,58.0,52.0,66.0,0,0,0,5
C7R6_1736353335275_jpg.rf.ca9a0b16f50888a8108096531885f624.png,12,145.6,234.0,Normal,66.7,70.0,61.0,74.0,3,6,0,2
C7R6_1736353335275_jpg.rf.ca9a0b16f50888a8108096531885f624.png,13,210.7,263.8,Sem Hipocótilo,28.0,25.0,22.0,28.0,0,0,0,1
C7R6_1736353335275_jpg.rf.ca9a0b16f50888a8108096531885f624.png,14,263.6,276.3,Sem Hipocótilo,14.76,13.0,12.0,17.0,0,0,0,3
C7R6_1736353335275_jpg.rf.ca9a0b16f50888a8108096531885f624.png,15,272.9,232.2,Sem Hipocótilo,1.41,8.0,3.0,10.0,0,3,0,3
C7R6_1736353335275_jpg.rf.ca9a0b16f50888a8108096531885f624.png,16,381.3,231.1,Normal,80.03,74.0,71.0,81.0,0,0,0,7
C7R6_1736353335275_jpg.rf.ca9a0b16f50888a8108096531885f624.png,17,433.2,279.2,Sem Hipocótilo,43.91,44.0,40.0,47.0,0,0,0,3
C7R6_1736353335275_jpg.rf.ca9a0b16f50888a8108096531885f624.png,18,436.6,244.5,Sem Raiz,10.86,10.0,10.0,13.0,0,0,0,0
C7R6_1736353335275_jpg.rf.ca9a0b16f50888a8108096531885f624.png,19,495.4,235.7,Normal,67.99,64.0,59.0,69.0,0,0,0,1
C7R6_1736353335275_jpg.rf.ca9a0b16f50888a8108096531885f624.png,20,530.2,279.4,Normal,75.26,72.0,63.0,78.0,0,0,0,4
C7R6_1736353335275_jpg.rf.ca9a0b16f50888a8108096531885f624.png,21,593.8,244.0,Normal,61.48,55.0,47.0,59.0,0,0,0,3
C7R6_1736353335275_jpg.rf.ca9a0b16f50888a8108096531885f624.png,22,93.1,344.2,Sem Hipocótilo,18.86,17.0,12.0,21.0,0,0,0,3
C7R6_1736353335275_jpg.rf.ca9a0b16f50888a8108096531885f624.png,23,154.1,309.5,Sem Raiz,32.27,27.0,30.0,30.0,0,0,0,1
C7R6_1736353335275_jpg.rf.ca9a0b16f50888a8108096531885f624.png,24,207.0,353.1,Normal,65.91,61.0,60.0,65.0,0,0,0,0
C7R6_1736353335275_jpg.rf.ca9a0b16f50888a8108096531885f624.png,25,298.3,339.6,Normal,42.18,38.0,33.0,50.0,0,0,0,7
C7R6_1736353335275_jpg.rf.ca9a0b16f50888a8108096531885f624.png,26,327.3,283.5,Normal,56.96,55.0,53.0,62.0,0,0,0,6
C7R6_1736353335275_jpg.rf.ca9a0b16f50888a8108096531885f624.png,27,369.0,317.2,Normal,86.85,79.0,70.0,84.0,0,0,0,1
C7R6_1736353335275_jpg.rf.ca9a0b16f50888a8108096531885f624.png,28,476.9,284.7,Normal,42.61,41.0,33.0,47.0,2,4,0,1
C7R6_1736353335275_jpg.rf.ca9a0b16f50888a8108096531885f624.png,29,493.3,349.6,Sem Raiz,15.99,14.0,9.0,18.0,0,0,0,0
C7R6_1736353335275_jpg.rf.ca9a0b16f50888a8108096531885f624.png,30,588.7,325.7,Normal,107.47,104.0,96.0,114.0,0,3,0,3
C7R6_1736353335275_jpg.rf.ca9a0b16f50888a8108096531885f624.png,31,130.0,390.3,Normal,56.53,60.0,49.0,61.0,1,7,0,4
C7R6_1736353335275_jpg.rf.ca9a0b16f50888a8108096531885f624.png,32,164.1,406.3,Normal,46.89,44.0,36.0,52.0,0,3,0,1
C7R6_1736353335275_jpg.rf.ca9a0b16f50888a8108096531885f624.png,33,263.2,387.3,Sem Hipocótilo,17.26,17.0,16.0,20.0,0,0,0,3
C7R6_1736353335275_jpg.rf.ca9a0b16f50888a8108096531885f624.png,34,353.8,377.4,Normal,24.29,40.0,30.0,41.0,2,8,0,3
C7R6_1736353335275_jpg.rf.ca9a0b16f50888a8108096531885f624.png,35,423.8,366.1,Normal,42.76,42.0,39.0,51.0,0,0,0,5
C7R6_1736353335275_jpg.rf.ca9a0b16f50888a8108096531885f624.png,36,490.5,387.4,Sem Hipocótilo,32.88,32.0,26.0,33.0,0,0,0,0
C7R6_1736353335275_jpg.rf.ca9a0b16f50888a8108096531885f624.png,37,555.7,362.2,Normal,52.14,51.0,48.0,59.0,0,0,0,4
C7R6_1736353335275_jpg.rf.ca9a0b16f50888a8108096531885f624.png,38,577.6,434.4,Normal,49.92,49.0,43.0,59.0,0,1,0,2
C7R6_1736353335275_jpg.rf.ca9a0b16f50888a8108096531885f624.png,39,90.5,485.4,Normal,57.57,54.0,46.0,64.0,0,0,0,1
C7R6_1736353335275_jpg.rf.ca9a0b16f50888a8108096531885f624.png,40,143.6,488.5,Normal,22.39,22.0,15.0,28.0,0,0,0,2
C7R6_1736353335275_jpg.rf.ca9a0b16f50888a8108096531885f624.png,41,214.0,448.0,Normal,98.09,89.0,80.0,94.0,0,0,0,1
C7R6_1736353335275_jpg.rf.ca9a0b16f50888a8108096531885f624.png,42,249.6,467.0,Normal,85.43,82.0,76.0,88.0,0,0,0,4
C7R6_1736353335275_jpg.rf.ca9a0b16f50888a8108096531885f624.png,43,318.9,446.9,Normal,113.05,107.0,107.0,108.0,0,0,0,0
C7R6_1736353335275_jpg.rf.ca9a0b16f50888a8108096531885f624.png,44,408.0,458.6,Normal,90.8,91.0,78.0,98.0,2,4,0,4
C7R6_1736353335275_jpg.rf.ca9a0b16f50888a8108096531885f624.png,45,427.7,518.0,Normal,91.4,86.0,80.0,92.0,0,0,0,2
C7R6_1736353335275_jpg.rf.ca9a0b16f50888a8108096531885f624.png,46,482.6,492.7,Sem Hipocótilo,63.39,61.0,59.0,65.0,0,0,0,1
C7R6_1736353335275_jpg.rf.ca9a0b16f50888a8108096531885f624.png,47,485.7,440.5,Sem Raiz,13.34,13.0,6.0,15.0,0,0,0,0
C7R6_1736353335275_jpg.rf.ca9a0b16f50888a8108096531885f624.png,48,527.5,499.7,Sem Raiz,25.16,29.0,24.0,29.0,0,3,0,1
C7R6_1736353335275_jpg.rf.ca9a0b16f50888a8108096531885f624.png,49,533.1,442.8,Normal,61.18,55.0,48.0,59.0,0,0,0,4
C7R6_1736353335275_jpg.rf.ca9a0b16f50888a8108096531885f624.png,50,566.7,505.9,Normal,42.69,40.0,31.0,47.0,0,0,0,2
C7R6_1736353335275_jpg.rf.ca9a0b16f50888a8108096531885f624.png,51,209.1,558.0,Normal,61.23,59.0,57.0,67.0,0,0,0,4
C7R6_1736353335275_jpg.rf.ca9a0b16f50888a8108096531885f624.png,52,295.2,539.9,Normal,39.6,37.0,29.0,40.0,0,0,0,1
C7R6_1736353335275_jpg.rf.ca9a0b16f50888a8108096531885f624.png,53,531.3,546.1,Sem Hipocótilo,59.45,54.0,53.0,55.0,0,0,0,0
C7R7_1736353335250_jpg.rf.3db87bff9fc602bb1fa00492fedb541b.png,1,95.2,170.2,Normal,117.38,107.0,100.0,110.0,0,0,0,1
C7R7_1736353335250_jpg.rf.3db87bff9fc602bb1fa00492fedb541b.png,2,181.0,155.9,Normal,92.31,87.0,81.0,95.0,0,0,0,4
C7R7_1736353335250_jpg.rf.3db87bff9fc602bb1fa00492fedb541b.png,3,213.0,160.3,Normal,73.32,77.0,68.0,83.0,3,3,1,4
C7R7_1736353335250_jpg.rf.3db87bff9fc602bb1fa00492fedb541b.png,4,272.6,143.0,Normal,61.14,59.0,52.0,68.0,0,3,0,2
C7R7_1736353335250_jpg.rf.3db87bff9fc602bb1fa00492fedb541b.png,5,319.4,193.4,Normal,62.8,58.0,51.0,63.0,0,0,0,1
C7R7_1736353335250_jpg.rf.3db87bff9fc602bb1fa00492fedb541b.png,6,384.4,196.7,Normal,118.84,113.0,110.0,117.0,0,0,0,0
C7R7_1736353335250_jpg.rf.3db87bff9fc602bb1fa00492fedb541b.png,7,443.0,196.0,Normal,71.43,68.0,63.0,74.0,0,0,0,2
C7R7_1736353335250_jpg.rf.3db87bff9fc602bb1fa00492fedb541b.png,8,495.8,160.7,Normal,79.85,75.0,66.0,82.0,0,0,0,6
C7R7_1736353335250_jpg.rf.3db87bff9fc602bb1fa00492fedb541b.png,9,529.9,177.2,Normal,112.52,109.0,102.0,115.0,0,0,0,2
C7R7_1736353335250_jpg.rf.3db87bff9fc602bb1fa00492fedb541b.png,10,566.2,174.5,Normal,43.75,39.0,30.0,43.0,0,0,0,1
C7R7_1736353335250_jpg.rf.3db87bff9fc602bb1fa00492fedb541b.png,11,131.5,250.0,Normal,33.32,32.0,29.0,37.0,0,0,0,3
C7R7_1736353335250_jpg.rf.3db87bff9fc602bb1fa00492fedb541b.png,12,155.1,212.8,Normal,32.62,32.0,28.0,35.0,0,0,0,1
C7R7_1736353335250_jpg.rf.3db87bff9fc602bb1fa00492fedb541b.png,13,201.0,273.3,Normal,82.27,77.0,73.0,84.0,0,0,0,3
C7R7_1736353335250_jpg.rf.3db87bff9fc602bb1fa00492fedb541b.png,14,304.7,279.1,Normal,93.23,102.0,100.0,112.0,3,6,2,7
C7R7_1736353335250_jpg.rf.3db87bff9fc602bb1fa00492fedb541b.png,15,345.4,216.8,Normal,52.62,50.0,47.0,58.0,0,0,0,4
C7R7_1736353335250_jpg.rf.3db87bff9fc602bb1fa00492fedb541b.png,16,432.8,240.8,Normal,52.41,51.0,47.0,58.0,0,0,0,4
C7R7_1736353335250_jpg.rf.3db87bff9fc602bb1fa00492fedb541b.png,17,478.1,242.0,Normal,50.13,50.0,39.0,54.0,0,3,0,2
C7R7_1736353335250_jpg.rf.3db87bff9fc602bb1fa00492fedb541b.png,18,588.1,245.2,Normal,59.58,57.0,53.0,65.0,0,0,0,4
C7R7_1736353335250_jpg.rf.3db87bff9fc602bb1fa00492fedb541b.png,19,84.3,353.1,Normal,65.59,63.0,58.0,68.0,0,0,0,6
C7R7_1736353335250_jpg.rf.3db87bff9fc602bb1fa00492fedb541b.png,20,127.4,353.1,Normal,83.71,85.0,78.0,87.0,0,3,0,1
C7R7_1736353335250_jpg.rf.3db87bff9fc602bb1fa00492fedb541b.png,21,168.4,310.5,Normal,34.4,34.0,31.0,40.0,0,0,0,6
C7R7_1736353335250_jpg.rf.3db87bff9fc602bb1fa00492fedb541b.png,22,220.9,342.4,Normal,67.69,69.0,57.0,75.0,4,4,0,4
C7R7_1736353335250_jpg.rf.3db87bff9fc602bb1fa00492fedb541b.png,23,272.7,322.5,Normal,86.72,85.0,84.0,90.0,0,0,0,4
C7R7_1736353335250_jpg.rf.3db87bff9fc602bb1fa00492fedb541b.png,24,342.1,339.0,Normal,71.81,68.0,62.0,73.0,0,0,0,4
C7R7_1736353335250_jpg.rf.3db87bff9fc602bb1fa00492fedb541b.png,25,381.5,327.3,Normal,79.66,74.0,69.0,81.0,0,0,0,2
C7R7_1736353335250_jpg.rf.3db87bff9fc602bb1fa00492fedb541b.png,26,426.7,354.8,Sem Hipocótilo,44.17,41.0,36.0,42.0,0,0,0,0
C7R7_1736353335250_jpg.rf.3db87bff9fc602bb1fa00492fedb541b.png,27,479.8,328.3,Normal,90.45,85.0,84.0,95.0,0,0,0,4
C7R7_1736353335250_jpg.rf.3db87bff9fc602bb1fa00492fedb541b.png,28,527.7,343.8,Normal,72.92,66.0,58.0,73.0,0,3,0,6
C7R7_1736353335250_jpg.rf.3db87bff9fc602bb1fa00492fedb541b.png,29,551.4,289.8,Normal,109.53,105.0,99.0,112.0,0,0,0,6
C7R7_1736353335250_jpg.rf.3db87bff9fc602bb1fa00492fedb541b.png,30,582.6,311.5,Normal,39.43,38.0,31.0,48.0,0,0,0,3
C7R7_1736353335250_jpg.rf.3db87bff9fc602bb1fa00492fedb541b.png,31,157.8,407.8,Normal,99.53,92.0,89.0,97.0,0,0,0,6
C7R7_1736353335250_jpg.rf.3db87bff9fc602bb1fa00492fedb541b.png,32,246.6,420.5,Normal,90.22,85.0,84.0,90.0,0,0,0,1
C7R7_1736353335250_jpg.rf.3db87bff9fc602bb1fa00492fedb541b.png,33,444.5,424.6,Normal,79.12,75.0,69.0,81.0,0,0,0,5
C7R7_1736353335250_jpg.rf.3db87bff9fc602bb1fa00492fedb541b.png,34,504.5,431.0,Normal,81.26,75.0,71.0,85.0,0,0,0,4
C7R7_1736353335250_jpg.rf.3db87bff9fc602bb1fa00492fedb541b.png,35,597.4,389.4,Normal,56.48,51.0,48.0,58.0,0,0,0,1
C7R7_1736353335250_jpg.rf.3db87bff9fc602bb1fa00492fedb541b.png,36,90.9,495.8,Normal,89.57,85.0,75.0,91.0,3,3,0,6
C7R7_1736353335250_jpg.rf.3db87bff9fc602bb1fa00492fedb541b.png,37,141.5,489.4,Normal,66.29,64.0,57.0,69.0,0,1,0,4
C7R7_1736353335250_jpg.rf.3db87bff9fc602bb1fa00492fedb541b.png,38,204.8,495.3,Normal,60.6,57.0,56.0,62.0,0,0,0,1
C7R7_1736353335250_jpg.rf.3db87bff9fc602bb1fa00492fedb541b.png,39,216.4,449.9,Normal,75.74,73.0,65.0,79.0,0,0,0,2
C7R7_1736353335250_jpg.rf.3db87bff9fc602bb1fa00492fedb541b.png,40,261.2,513.0,Normal,95.4,105.0,104.0,114.0,0,4,1,6
C7R7_1736353335250_jpg.rf.3db87bff9fc602bb1fa00492fedb541b.png,41,346.8,458.5,Normal,60.15,58.0,52.0,63.0,0,0,0,2
C7R7_1736353335250_jpg.rf.3db87bff9fc602bb1fa00492fedb541b.png,42,389.9,454.4,Normal,97.77,92.0,87.0,103.0,0,0,0,2
C7R7_1736353335250_jpg.rf.3db87bff9fc602bb1fa00492fedb541b.png,43,425.3,503.4,Normal,83.83,80.0,70.0,83.0,1,6,0,2
C7R7_1736353335250_jpg.rf.3db87bff9fc602bb1fa00492fedb541b.png,44,482.7,486.7,Normal,85.54,83.0,79.0,87.0,0,0,0,0
C7R7_1736353335250_jpg.rf.3db87bff9fc602bb1fa00492fedb541b.png,45,518.9,513.4,Sem Hipocótilo,42.36,44.0,36.0,46.0,0,0,0,0
C7R7_1736353335250_jpg.rf.3db87bff9fc602bb1fa00492fedb541b.png,46,550.3,467.9,Normal,102.12,98.0,90.0,104.0,0,1,0,6
C7R7_1736353335250_jpg.rf.3db87bff9fc602bb1fa00492fedb541b.png,47,309.9,526.5,Normal,36.43,34.0,31.0,39.0,0,0,0,1
C7R9_1736353335221_jpg.rf.d78391459c7313e54723fa38ad61a02b.png,1,145.0,172.6,Normal,31.98,33.0,24.0,40.0,0,1,0,3
C7R9_1736353335221_jpg.rf.d78391459c7313e54723fa38ad61a02b.png,2,169.3,182.1,Normal,34.9,42.0,28.0,42.0,3,6,0,4
C7R9_1736353335221_jpg.rf.d78391459c7313e54723fa38ad61a02b.png,3,221.4,188.1,Normal,65.71,60.0,55.0,70.0,0,0,0,3
C7R9_1736353335221_jpg.rf.d78391459c7313e54723fa38ad61a02b.png,4,285.1,178.4,Normal,107.43,97.0,88.0,103.0,0,0,0,2
C7R9_1736353335221_jpg.rf.d78391459c7313e54723fa38ad61a02b.png,5,324.1,186.1,Normal,80.8,78.0,71.0,80.0,3,3,0,4
C7R9_1736353335221_jpg.rf.d78391459c7313e54723fa38ad61a02b.png,6,367.7,188.4,Normal,80.55,77.0,70.0,81.0,0,0,0,1
C7R9_1736353335221_jpg.rf.d78391459c7313e54723fa38ad61a02b.png,7,416.6,191.1,Sem Hipocótilo,34.53,31.0,30.0,32.0,0,0,0,0
C7R9_1736353335221_jpg.rf.d78391459c7313e54723fa38ad61a02b.png,8,576.4,195.3,Sem Hipocótilo,28.79,27.0,26.0,30.0,0,0,0,3
C7R9_1736353335221_jpg.rf.d78391459c7313e54723fa38ad61a02b.png,9,81.1,204.6,Normal,53.36,47.0,40.0,57.0,0,0,0,4
C7R9_1736353335221_jpg.rf.d78391459c7313e54723fa38ad61a02b.png,10,109.5,263.3,Normal,96.47,92.0,90.0,95.0,0,0,0,0
C7R9_1736353335221_jpg.rf.d78391459c7313e54723fa38ad61a02b.png,11,189.3,257.4,Normal,107.85,105.0,98.0,110.0,0,3,0,5
C7R9_1736353335221_jpg.rf.d78391459c7313e54723fa38ad61a02b.png,12,212.1,249.2,Sem Raiz,9.77,13.0,10.0,17.0,4,4,0,1
C7R9_1736353335221_jpg.rf.d78391459c7313e54723fa38ad61a02b.png,13,250.6,225.2,Normal,119.67,113.0,108.0,119.0,0,0,0,4
C7R9_1736353335221_jpg.rf.d78391459c7313e54723fa38ad61a02b.png,14,353.9,277.9,Sem Raiz,38.33,36.0,33.0,42.0,0,0,0,3
C7R9_1736353335221_jpg.rf.d78391459c7313e54723fa38ad61a02b.png,15,380.4,273.0,Normal,67.28,64.0,59.0,71.0,0,0,0,4
C7R9_1736353335221_jpg.rf.d78391459c7313e54723fa38ad61a02b.png,16,417.0,268.2,Sem Hipocótilo,32.59,26.0,23.0,29.0,0,0,0,0
C7R9_1736353335221_jpg.rf.d78391459c7313e54723fa38ad61a02b.png,17,454.1,213.7,Normal,48.28,48.0,35.0,51.0,2,4,0,1
C7R9_1736353335221_jpg.rf.d78391459c7313e54723fa38ad61a02b.png,18,490.7,220.0,Normal,117.54,119.0,107.0,124.0,0,4,0,3
C7R9_1736353335221_jpg.rf.d78391459c7313e54723fa38ad61a02b.png,19,537.8,201.0,Normal,62.58,60.0,53.0,68.0,0,0,0,4
C7R9_1736353335221_jpg.rf.d78391459c7313e54723fa38ad61a02b.png,20,78.5,296.6,Normal,54.47,48.0,42.0,53.0,0,0,0,0
C7R9_1736353335221_jpg.rf.d78391459c7313e54723fa38ad61a02b.png,21,118.2,351.9,Normal,46.9,42.0,35.0,47.0,0,0,0,2
C7R9_1736353335221_jpg.rf.d78391459c7313e54723fa38ad61a02b.png,22,152.4,318.0,Normal,80.99,73.0,66.0,79.0,0,0,0,0
C7R9_1736353335221_jpg.rf.d78391459c7313e54723fa38ad61a02b.png,23,220.3,284.5,Sem Hipocótilo,36.76,34.0,32.0,37.0,0,0,0,3
C7R9_1736353335221_jpg.rf.d78391459c7313e54723fa38ad61a02b.png,24,270.4,342.0,Normal,68.62,65.0,58.0,71.0,0,0,0,2
C7R9_1736353335221_jpg.rf.d78391459c7313e54723fa38ad61a02b.png,25,296.5,354.9,Normal,74.47,74.0,67.0,79.0,0,7,1,3
C7R9_1736353335221_jpg.rf.d78391459c7313e54723fa38ad61a02b.png,26,328.4,307.0,Normal,83.15,74.0,68.0,79.0,0,0,0,1
C7R9_1736353335221_jpg.rf.d78391459c7313e54723fa38ad61a02b.png,27,449.7,329.4,Normal,80.59,77.0,71.0,79.0,0,0,0,3
C7R9_1736353335221_jpg.rf.d78391459c7313e54723fa38ad61a02b.png,28,482.3,330.1,Sem Hipocótilo,41.2,40.0,36.0,46.0,0,0,0,1
C7R9_1736353335221_jpg.rf.d78391459c7313e54723fa38ad61a02b.png,29,540.5,284.4,Normal,37.82,35.0,30.0,45.0,0,0,0,4
C7R9_1736353335221_jpg.rf.d78391459c7313e54723fa38ad61a02b.png,30,587.3,281.9,Normal,142.61,136.0,125.0,141.0,4,4,0,1
C7R9_1736353335221_jpg.rf.d78391459c7313e54723fa38ad61a02b.png,31,81.6,422.5,Normal,80.75,74.0,71.0,80.0,0,0,0,2
C7R9_1736353335221_jpg.rf.d78391459c7313e54723fa38ad61a02b.png,32,144.8,406.6,Normal,99.17,93.0,90.0,100.0,0,0,0,6
C7R9_1736353335221_jpg.rf.d78391459c7313e54723fa38ad61a02b.png,33,180.1,409.8,Normal,71.58,71.0,63.0,75.0,0,3,0,2
C7R9_1736353335221_jpg.rf.d78391459c7313e54723fa38ad61a02b.png,34,220.5,396.7,Normal,34.87,38.0,33.0,47.0,3,3,0,7
C7R9_1736353335221_jpg.rf.d78391459c7313e54723fa38ad61a02b.png,35,364.0,389.7,Normal,70.08,64.0,61.0,69.0,0,0,0,4
C7R9_1736353335221_jpg.rf.d78391459c7313e54723fa38ad61a02b.png,36,413.7,367.9,Normal,37.67,38.0,31.0,43.0,3,3,0,3
C7R9_1736353335221_jpg.rf.d78391459c7313e54723fa38ad61a02b.png,37,491.4,395.1,Normal,59.99,56.0,49.0,65.0,0,0,0,5
C7R9_1736353335221_jpg.rf.d78391459c7313e54723fa38ad61a02b.png,38,533.3,372.5,Normal,79.87,79.0,71.0,85.0,0,1,0,4
C7R9_1736353335221_jpg.rf.d78391459c7313e54723fa38ad61a02b.png,39,563.3,370.4,Normal,77.4,72.0,70.0,77.0,0,0,0,1
C7R9_1736353335221_jpg.rf.d78391459c7313e54723fa38ad61a02b.png,40,92.0,505.4,Normal,70.7,60.0,56.0,70.0,0,0,0,3
C7R9_1736353335221_jpg.rf.d78391459c7313e54723fa38ad61a02b.png,41,172.7,507.1,Normal,99.74,95.0,86.0,100.0,0,0,0,1
C7R9_1736353335221_jpg.rf.d78391459c7313e54723fa38ad61a02b.png,42,208.8,490.8,Normal,79.85,72.0,68.0,77.0,2,4,0,4
C7R9_1736353335221_jpg.rf.d78391459c7313e54723fa38ad61a02b.png,43,273.0,449.8,Normal,46.57,42.0,34.0,47.0,0,0,0,2
C7R9_1736353335221_jpg.rf.d78391459c7313e54723fa38ad61a02b.png,44,310.2,458.7,Normal,88.7,81.0,73.0,84.0,0,0,0,1
C7R9_1736353335221_jpg.rf.d78391459c7313e54723fa38ad61a02b.png,45,337.8,477.8,Normal,52.16,49.0,45.0,51.0,0,0,0,0
C7R9_1736353335221_jpg.rf.d78391459c7313e54723fa38ad61a02b.png,46,365.0,457.1,Normal,40.41,39.0,36.0,43.0,0,0,0,1
C7R9_1736353335221_jpg.rf.d78391459c7313e54723fa38ad61a02b.png,47,425.3,452.0,Normal,65.77,67.0,60.0,71.0,0,1,0,1
C7R9_1736353335221_jpg.rf.d78391459c7313e54723fa38ad61a02b.png,48,467.4,490.5,Normal,84.62,83.0,77.0,90.0,0,1,0,2
C7R9_1736353335221_jpg.rf.d78391459c7313e54723fa38ad61a02b.png,49,532.4,466.0,Normal,65.54,60.0,50.0,69.0,0,0,0,4
C7R9_1736353335221_jpg.rf.d78391459c7313e54723fa38ad61a02b.png,50,581.5,458.9,Normal,54.37,52.0,45.0,60.0,0,0,0,3
C8R10_1736353442309_jpg.rf.e5595b2863472468a7cd552e17abd4ce.png,1,92.6,168.9,Normal,49.51,43.0,39.0,50.0,0,0,0,2
C8R10_1736353442309_jpg.rf.e5595b2863472468a7cd552e17abd4ce.png,2,152.4,184.6,Normal,113.05,107.0,104.0,121.0,0,0,0,7
C8R10_1736353442309_jpg.rf.e5595b2863472468a7cd552e17abd4ce.png,3,219.4,192.0,Normal,138.54,133.0,125.0,142.0,0,0,0,1
C8R10_1736353442309_jpg.rf.e5595b2863472468a7cd552e17abd4ce.png,4,267.8,157.7,Normal,27.9,26.0,26.0,31.0,0,0,0,1
C8R10_1736353442309_jpg.rf.e5595b2863472468a7cd552e17abd4ce.png,5,291.8,191.9,Sem Raiz,12.43,12.0,6.0,12.0,0,0,0,0
C8R10_1736353442309_jpg.rf.e5595b2863472468a7cd552e17abd4ce.png,6,328.3,191.7,Normal,145.79,138.0,135.0,141.0,0,0,0,0
C8R10_1736353442309_jpg.rf.e5595b2863472468a7cd552e17abd4ce.png,7,386.0,177.5,Sem Raiz,27.8,26.0,23.0,27.0,0,0,0,1
C8R10_1736353442309_jpg.rf.e5595b2863472468a7cd552e17abd4ce.png,8,532.1,158.6,Sem Hipocótilo,38.25,34.0,31.0,37.0,0,0,0,0
C8R10_1736353442309_jpg.rf.e5595b2863472468a7cd552e17abd4ce.png,9,586.8,162.5,Normal,57.15,51.0,47.0,61.0,0,0,0,6
C8R10_1736353442309_jpg.rf.e5595b2863472468a7cd552e17abd4ce.png,10,108.2,252.5,Sem Hipocótilo,18.09,15.0,7.0,16.0,0,0,0,0
C8R10_1736353442309_jpg.rf.e5595b2863472468a7cd552e17abd4ce.png,11,183.2,228.8,Normal,82.81,76.0,67.0,81.0,0,3,0,2
C8R10_1736353442309_jpg.rf.e5595b2863472468a7cd552e17abd4ce.png,12,264.3,213.1,Sem Raiz,20.18,18.0,17.0,21.0,0,0,0,0
C8R10_1736353442309_jpg.rf.e5595b2863472468a7cd552e17abd4ce.png,13,266.5,241.5,Sem Hipocótilo,17.4,17.0,14.0,18.0,0,0,0,0
C8R10_1736353442309_jpg.rf.e5595b2863472468a7cd552e17abd4ce.png,14,315.3,265.8,Sem Hipocótilo,122.31,116.0,112.0,117.0,0,1,0,1
C8R10_1736353442309_jpg.rf.e5595b2863472468a7cd552e17abd4ce.png,15,355.6,230.5,Normal,114.91,105.0,95.0,110.0,0,0,0,1
C8R10_1736353442309_jpg.rf.e5595b2863472468a7cd552e17abd4ce.png,16,432.1,204.0,Normal,79.31,81.0,74.0,91.0,0,1,0,12
C8R10_1736353442309_jpg.rf.e5595b2863472468a7cd552e17abd4ce.png,17,465.5,274.3,Normal,119.79,118.0,106.0,123.0,0,1,0,4
C8R10_1736353442309_jpg.rf.e5595b2863472468a7cd552e17abd4ce.png,18,496.3,240.7,Normal,116.36,106.0,101.0,116.0,0,0,0,2
C8R10_1736353442309_jpg.rf.e5595b2863472468a7cd552e17abd4ce.png,19,557.3,268.2,Normal,129.66,130.0,127.0,140.0,0,5,1,3
C8R10_1736353442309_jpg.rf.e5595b2863472468a7cd552e17abd4ce.png,20,92.5,349.9,Sem Raiz,21.3,20.0,16.0,27.0,0,0,0,2
C8R10_1736353442309_jpg.rf.e5595b2863472468a7cd552e17abd4ce.png,21,142.7,309.1,Normal,91.17,94.0,91.0,104.0,0,6,3,9
C8R10_1736353442309_jpg.rf.e5595b2863472468a7cd552e17abd4ce.png,22,168.9,316.5,Normal,61.12,57.0,55.0,68.0,0,0,0,4
C8R10_1736353442309_jpg.rf.e5595b2863472468a7cd552e17abd4ce.png,23,206.8,348.0,Normal,30.93,27.0,24.0,35.0,0,0,0,1
C8R10_1736353442309_jpg.rf.e5595b2863472468a7cd552e17abd4ce.png,24,238.5,336.4,Normal,95.98,89.0,83.0,98.0,0,0,0,3
C8R10_1736353442309_jpg.rf.e5595b2863472468a7cd552e17abd4ce.png,25,281.1,295.2,Normal,58.14,52.0,51.0,60.0,0,0,0,2
C8R10_1736353442309_jpg.rf.e5595b2863472468a7cd552e17abd4ce.png,26,323.8,346.8,Sem Raiz,55.9,50.0,55.0,55.0,0,7,6,3
C8R10_1736353442309_jpg.rf.e5595b2863472468a7cd552e17abd4ce.png,27,374.3,283.8,Normal,29.37,37.0,36.0,47.0,0,3,3,8
C8R10_1736353442309_jpg.rf.e5595b2863472468a7cd552e17abd4ce.png,28,409.2,284.9,Sem Raiz,14.36,14.0,12.0,19.0,0,0,0,4
C8R10_1736353442309_jpg.rf.e5595b2863472468a7cd552e17abd4ce.png,29,520.8,332.0,Normal,104.62,95.0,92.0,106.0,0,0,0,4
C8R10_1736353442309_jpg.rf.e5595b2863472468a7cd552e17abd4ce.png,30,100.1,417.4,Sem Raiz,28.35,24.0,23.0,26.0,0,0,0,0
C8R10_1736353442309_jpg.rf.e5595b2863472468a7cd552e17abd4ce.png,31,146.5,412.5,Normal,125.62,119.0,117.0,127.0,0,0,0,2
C8R10_1736353442309_jpg.rf.e5595b2863472468a7cd552e17abd4ce.png,32,288.2,409.5,Normal,108.4,109.0,95.0,114.0,0,7,0,4
C8R10_1736353442309_jpg.rf.e5595b2863472468a7cd552e17abd4ce.png,33,358.4,373.5,Normal,69.04,82.0,70.0,88.0,4,13,7,9
C8R10_1736353442309_jpg.rf.e5595b2863472468a7cd552e17abd4ce.png,34,399.8,364.1,Normal,92.11,93.0,92.0,110.0,0,4,3,4
C8R10_1736353442309_jpg.rf.e5595b2863472468a7cd552e17abd4ce.png,35,463.8,375.1,Normal,94.03,87.0,82.0,94.0,0,0,0,3
C8R10_1736353442309_jpg.rf.e5595b2863472468a7cd552e17abd4ce.png,36,596.7,363.0,Normal,149.77,144.0,136.0,154.0,0,0,0,4
C8R10_1736353442309_jpg.rf.e5595b2863472468a7cd552e17abd4ce.png,37,87.4,495.9,Normal,46.88,44.0,38.0,46.0,0,0,0,0
C8R10_1736353442309_jpg.rf.e5595b2863472468a7cd552e17abd4ce.png,38,169.0,519.9,Sem Hipocótilo,71.16,68.0,67.0,72.0,0,0,0,3
C8R10_1736353442309_jpg.rf.e5595b2863472468a7cd552e17abd4ce.png,39,176.9,458.8,Sem Raiz,29.46,26.0,24.0,32.0,0,0,0,3
C8R10_1736353442309_jpg.rf.e5595b2863472468a7cd552e17abd4ce.png,40,209.2,457.0,Normal,186.26,173.0,168.0,183.0,0,0,0,7
C8R10_1736353442309_jpg.rf.e5595b2863472468a7cd552e17abd4ce.png,41,234.1,474.2,Normal,134.65,132.0,122.0,142.0,0,1,0,12
C8R10_1736353442309_jpg.rf.e5595b2863472468a7cd552e17abd4ce.png,42,266.9,459.0,Normal,31.7,30.0,29.0,34.0,0,0,0,1
C8R10_1736353442309_jpg.rf.e5595b2863472468a7cd552e17abd4ce.png,43,308.3,514.3,Sem Raiz,21.39,19.0,18.0,19.0,0,0,0,0
C8R10_1736353442309_jpg.rf.e5595b2863472468a7cd552e17abd4ce.png,44,327.4,449.4,Normal,107.38,102.0,97.0,110.0,0,0,0,3
C8R10_1736353442309_jpg.rf.e5595b2863472468a7cd552e17abd4ce.png,45,365.7,478.4,Sem Hipocótilo,21.74,20.0,18.0,23.0,0,0,0,1
C8R10_1736353442309_jpg.rf.e5595b2863472468a7cd552e17abd4ce.png,46,375.1,442.2,Sem Raiz,25.63,23.0,21.0,31.0,0,0,0,4
C8R10_1736353442309_jpg.rf.e5595b2863472468a7cd552e17abd4ce.png,47,406.1,501.4,Normal,125.29,121.0,113.0,124.0,0,0,0,1
C8R10_1736353442309_jpg.rf.e5595b2863472468a7cd552e17abd4ce.png,48,436.4,461.1,Normal,150.07,138.0,131.0,144.0,0,0,0,4
C8R10_1736353442309_jpg.rf.e5595b2863472468a7cd552e17abd4ce.png,49,469.2,470.2,Normal,65.01,61.0,57.0,65.0,0,0,0,1
C8R10_1736353442309_jpg.rf.e5595b2863472468a7cd552e17abd4ce.png,50,512.5,490.7,Normal,127.42,124.0,118.0,131.0,0,0,0,3
C8R10_1736353442309_jpg.rf.e5595b2863472468a7cd552e17abd4ce.png,51,545.8,480.7,Normal,149.28,144.0,139.0,152.0,0,0,0,2
C8R10_1736353442309_jpg.rf.e5595b2863472468a7cd552e17abd4ce.png,52,586.1,499.0,Normal,87.58,75.0,73.0,89.0,0,0,1,3
C8R1_1736353442466_jpg.rf.fb688ff8346b72469684aecdf48ae332.png,1,149.3,167.9,Normal,65.3,62.0,61.0,70.0,0,0,0,6
C8R1_1736353442466_jpg.rf.fb688ff8346b72469684aecdf48ae332.png,2,178.8,193.7,Normal,116.52,107.0,101.0,110.0,0,0,0,1
C8R1_1736353442466_jpg.rf.fb688ff8346b72469684aecdf48ae332.png,3,214.9,169.7,Sem Raiz,14.44,20.0,11.0,21.0,0,4,0,1
C8R1_1736353442466_jpg.rf.fb688ff8346b72469684aecdf48ae332.png,4,265.4,185.1,Normal,131.75,123.0,121.0,130.0,0,0,0,2
C8R1_1736353442466_jpg.rf.fb688ff8346b72469684aecdf48ae332.png,5,291.2,189.9,Normal,115.8,115.0,99.0,121.0,2,4,0,7
C8R1_1736353442466_jpg.rf.fb688ff8346b72469684aecdf48ae332.png,6,386.0,151.0,Sem Raiz,22.27,20.0,19.0,30.0,0,0,0,7
C8R1_1736353442466_jpg.rf.fb688ff8346b72469684aecdf48ae332.png,7,426.2,154.0,Sem Raiz,37.34,32.0,27.0,32.0,0,0,0,0
C8R1_1736353442466_jpg.rf.fb688ff8346b72469684aecdf48ae332.png,8,522.0,194.6,Normal,57.18,58.0,49.0,67.0,0,3,0,5
C8R1_1736353442466_jpg.rf.fb688ff8346b72469684aecdf48ae332.png,9,558.4,170.2,Normal,86.13,82.0,76.0,85.0,0,0,0,0
C8R1_1736353442466_jpg.rf.fb688ff8346b72469684aecdf48ae332.png,10,100.8,218.2,Normal,108.8,107.0,97.0,114.0,2,2,0,3
C8R1_1736353442466_jpg.rf.fb688ff8346b72469684aecdf48ae332.png,11,129.3,273.8,Normal,69.46,68.0,63.0,74.0,0,1,0,4
C8R1_1736353442466_jpg.rf.fb688ff8346b72469684aecdf48ae332.png,12,216.3,235.2,Sem Hipocótilo,104.72,103.0,101.0,104.0,0,0,0,0
C8R1_1736353442466_jpg.rf.fb688ff8346b72469684aecdf48ae332.png,13,246.7,272.6,Normal,61.22,56.0,51.0,58.0,0,0,0,0
C8R1_1736353442466_jpg.rf.fb688ff8346b72469684aecdf48ae332.png,14,311.5,263.1,Normal,130.97,123.0,118.0,132.0,0,0,0,5
C8R1_1736353442466_jpg.rf.fb688ff8346b72469684aecdf48ae332.png,15,334.2,209.6,Normal,135.18,129.0,121.0,134.0,0,0,0,4
C8R1_1736353442466_jpg.rf.fb688ff8346b72469684aecdf48ae332.png,16,361.7,242.4,Normal,96.45,93.0,87.0,100.0,0,0,0,4
C8R1_1736353442466_jpg.rf.fb688ff8346b72469684aecdf48ae332.png,17,392.7,211.5,Sem Hipocótilo,85.79,84.0,82.0,87.0,0,0,0,3
C8R1_1736353442466_jpg.rf.fb688ff8346b72469684aecdf48ae332.png,18,419.8,269.1,Normal,125.59,117.0,113.0,123.0,0,0,0,0
C8R1_1736353442466_jpg.rf.fb688ff8346b72469684aecdf48ae332.png,19,458.6,274.3,Normal,120.28,114.0,107.0,126.0,1,1,0,11
C8R1_1736353442466_jpg.rf.fb688ff8346b72469684aecdf48ae332.png,20,480.3,212.9,Normal,156.5,156.0,149.0,158.0,0,4,0,1
C8R1_1736353442466_jpg.rf.fb688ff8346b72469684aecdf48ae332.png,21,532.0,264.2,Sem Hipocótilo,19.8,19.0,18.0,21.0,0,0,0,1
C8R1_1736353442466_jpg.rf.fb688ff8346b72469684aecdf48ae332.png,22,533.3,230.1,Normal,34.42,31.0,26.0,44.0,0,0,0,1
C8R1_1736353442466_jpg.rf.fb688ff8346b72469684aecdf48ae332.png,23,581.6,220.4,Normal,43.18,38.0,27.0,48.0,0,0,0,4
C8R1_1736353442466_jpg.rf.fb688ff8346b72469684aecdf48ae332.png,24,147.3,312.3,Normal,158.24,152.0,145.0,154.0,0,0,0,1
C8R1_1736353442466_jpg.rf.fb688ff8346b72469684aecdf48ae332.png,25,211.4,302.0,Sem Raiz,23.7,21.0,20.0,27.0,0,0,0,4
C8R1_1736353442466_jpg.rf.fb688ff8346b72469684aecdf48ae332.png,26,272.9,318.2,Normal,146.61,139.0,134.0,147.0,1,1,0,5
C8R1_1736353442466_jpg.rf.fb688ff8346b72469684aecdf48ae332.png,27,298.5,354.7,Sem Raiz,36.04,35.0,36.0,36.0,0,0,0,0
C8R1_1736353442466_jpg.rf.fb688ff8346b72469684aecdf48ae332.png,28,386.8,287.7,Sem Raiz,14.88,14.0,13.0,19.0,0,0,0,3
C8R1_1736353442466_jpg.rf.fb688ff8346b72469684aecdf48ae332.png,29,482.4,344.7,Sem Raiz,41.07,37.0,33.0,44.0,0,0,0,6
C8R1_1736353442466_jpg.rf.fb688ff8346b72469684aecdf48ae332.png,30,516.3,324.9,Normal,130.4,125.0,116.0,129.0,0,3,0,3
C8R1_1736353442466_jpg.rf.fb688ff8346b72469684aecdf48ae332.png,31,563.1,352.4,Normal,54.19,49.0,40.0,61.0,0,0,0,2
C8R1_1736353442466_jpg.rf.fb688ff8346b72469684aecdf48ae332.png,32,588.8,307.0,Normal,120.02,111.0,107.0,118.0,0,0,0,4
C8R1_1736353442466_jpg.rf.fb688ff8346b72469684aecdf48ae332.png,33,106.1,374.8,Normal,42.93,37.0,31.0,44.0,0,0,0,1
C8R1_1736353442466_jpg.rf.fb688ff8346b72469684aecdf48ae332.png,34,112.6,433.8,Sem Hipocótilo,30.87,26.0,24.0,30.0,0,0,0,3
C8R1_1736353442466_jpg.rf.fb688ff8346b72469684aecdf48ae332.png,35,176.9,397.2,Normal,168.68,157.0,146.0,160.0,1,1,0,1
C8R1_1736353442466_jpg.rf.fb688ff8346b72469684aecdf48ae332.png,36,223.6,394.6,Normal,143.04,135.0,130.0,140.0,0,0,0,3
C8R1_1736353442466_jpg.rf.fb688ff8346b72469684aecdf48ae332.png,37,316.7,415.0,Sem Raiz,24.84,23.0,23.0,26.0,0,0,0,0
C8R1_1736353442466_jpg.rf.fb688ff8346b72469684aecdf48ae332.png,38,327.0,362.7,Sem Hipocótilo,21.82,21.0,19.0,23.0,0,0,0,1
C8R1_1736353442466_jpg.rf.fb688ff8346b72469684aecdf48ae332.png,39,375.4,413.7,Normal,131.71,128.0,122.0,137.0,0,1,0,4
C8R1_1736353442466_jpg.rf.fb688ff8346b72469684aecdf48ae332.png,40,409.8,422.9,Normal,58.3,57.0,48.0,64.0,2,4,0,1
C8R1_1736353442466_jpg.rf.fb688ff8346b72469684aecdf48ae332.png,41,439.2,393.1,Normal,92.62,86.0,80.0,92.0,0,0,0,1
C8R1_1736353442466_jpg.rf.fb688ff8346b72469684aecdf48ae332.png,42,484.5,384.4,Sem Hipocótilo,40.83,39.0,37.0,42.0,0,0,0,1
C8R1_1736353442466_jpg.rf.fb688ff8346b72469684aecdf48ae332.png,43,130.8,493.1,Sem Raiz,30.24,28.0,28.0,29.0,0,0,0,1
C8R1_1736353442466_jpg.rf.fb688ff8346b72469684aecdf48ae332.png,44,188.9,490.9,Normal,127.24,123.0,113.0,126.0,3,3,0,0
C8R1_1736353442466_jpg.rf.fb688ff8346b72469684aecdf48ae332.png,45,244.6,492.9,Normal,69.38,64.0,54.0,69.0,4,4,0,5
C8R1_1736353442466_jpg.rf.fb688ff8346b72469684aecdf48ae332.png,46,278.2,490.5,Normal,130.24,119.0,116.0,125.0,0,0,0,4
C8R1_1736353442466_jpg.rf.fb688ff8346b72469684aecdf48ae332.png,47,317.3,505.7,Sem Hipocótilo,68.98,61.0,61.0,61.0,0,0,0,0
C8R1_1736353442466_jpg.rf.fb688ff8346b72469684aecdf48ae332.png,48,329.3,461.2,Sem Raiz,15.33,14.0,7.0,18.0,0,0,0,1
C8R1_1736353442466_jpg.rf.fb688ff8346b72469684aecdf48ae332.png,49,356.9,465.1,Normal,76.85,72.0,63.0,82.0,0,0,0,2
C8R1_1736353442466_jpg.rf.fb688ff8346b72469684aecdf48ae332.png,50,477.4,483.6,Normal,166.71,160.0,154.0,172.0,0,0,0,8
C8R1_1736353442466_jpg.rf.fb688ff8346b72469684aecdf48ae332.png,51,511.0,442.1,Normal,63.8,59.0,53.0,64.0,0,3,0,1
C8R1_1736353442466_jpg.rf.fb688ff8346b72469684aecdf48ae332.png,52,580.3,465.3,Normal,88.37,93.0,85.0,91.0,5,5,0,0
C8R1_1736353442466_jpg.rf.fb688ff8346b72469684aecdf48ae332.png,53,422.4,520.4,Normal,124.7,122.0,113.0,125.0,1,4,0,4
C8R1_1736353442466_jpg.rf.fb688ff8346b72469684aecdf48ae332.png,54,535.1,522.8,Normal,139.62,133.0,129.0,139.0,0,0,0,5
C8R2_1736353442450_jpg.rf.91f3f4943a90749e2e2994c1688e5487.png,1,106.5,199.6,Normal,66.85,59.0,48.0,64.0,0,0,0,1
C8R2_1736353442450_jpg.rf.91f3f4943a90749e2e2994c1688e5487.png,2,165.6,149.6,Normal,35.45,34.0,21.0,36.0,0,4,0,3
C8R2_1736353442450_jpg.rf.91f3f4943a90749e2e2994c1688e5487.png,3,201.2,188.8,Normal,80.21,79.0,73.0,90.0,0,0,0,5
C8R2_1736353442450_jpg.rf.91f3f4943a90749e2e2994c1688e5487.png,4,243.2,176.1,Normal,112.02,106.0,97.0,115.0,0,0,0,5
C8R2_1736353442450_jpg.rf.91f3f4943a90749e2e2994c1688e5487.png,5,296.7,170.2,Normal,87.32,86.0,84.0,93.0,0,0,0,2
C8R2_1736353442450_jpg.rf.91f3f4943a90749e2e2994c1688e5487.png,6,348.3,188.5,Normal,134.87,124.0,122.0,140.0,0,0,0,7
C8R2_1736353442450_jpg.rf.91f3f4943a90749e2e2994c1688e5487.png,7,379.9,142.4,Normal,39.51,42.0,29.0,48.0,0,4,0,7
C8R2_1736353442450_jpg.rf.91f3f4943a90749e2e2994c1688e5487.png,8,459.1,126.9,Sem Raiz,10.48,10.0,8.0,15.0,0,0,0,1
C8R2_1736353442450_jpg.rf.91f3f4943a90749e2e2994c1688e5487.png,9,588.3,191.0,Normal,93.26,91.0,87.0,98.0,0,0,0,2
C8R2_1736353442450_jpg.rf.91f3f4943a90749e2e2994c1688e5487.png,10,95.7,249.0,Sem Raiz,15.16,13.0,12.0,15.0,0,0,0,0
C8R2_1736353442450_jpg.rf.91f3f4943a90749e2e2994c1688e5487.png,11,152.0,251.6,Normal,54.76,53.0,49.0,58.0,0,0,0,1
C8R2_1736353442450_jpg.rf.91f3f4943a90749e2e2994c1688e5487.png,12,272.6,224.3,Sem Raiz,6.34,15.0,19.0,18.0,0,0,3,1
C8R2_1736353442450_jpg.rf.91f3f4943a90749e2e2994c1688e5487.png,13,328.8,221.6,Normal,84.89,96.0,85.0,97.0,1,4,0,3
C8R2_1736353442450_jpg.rf.91f3f4943a90749e2e2994c1688e5487.png,14,372.7,252.6,Normal,51.84,46.0,42.0,48.0,0,0,0,0
C8R2_1736353442450_jpg.rf.91f3f4943a90749e2e2994c1688e5487.png,15,414.6,208.7,Normal,46.92,44.0,36.0,52.0,1,1,0,2
C8R2_1736353442450_jpg.rf.91f3f4943a90749e2e2994c1688e5487.png,16,453.3,213.5,Sem Hipocótilo,133.32,128.0,124.0,129.0,0,0,0,0
C8R2_1736353442450_jpg.rf.91f3f4943a90749e2e2994c1688e5487.png,17,483.2,257.3,Normal,65.95,62.0,52.0,64.0,0,1,0,1
C8R2_1736353442450_jpg.rf.91f3f4943a90749e2e2994c1688e5487.png,18,508.6,232.1,Sem Hipocótilo,21.55,20.0,17.0,22.0,0,0,0,0
C8R2_1736353442450_jpg.rf.91f3f4943a90749e2e2994c1688e5487.png,19,535.7,200.3,Normal,116.38,118.0,108.0,130.0,0,7,0,7
C8R2_1736353442450_jpg.rf.91f3f4943a90749e2e2994c1688e5487.png,20,560.0,254.0,Normal,91.15,89.0,85.0,96.0,0,0,0,6
C8R2_1736353442450_jpg.rf.91f3f4943a90749e2e2994c1688e5487.png,21,91.5,302.4,Sem Hipocótilo,78.96,73.0,72.0,75.0,0,0,0,0
C8R2_1736353442450_jpg.rf.91f3f4943a90749e2e2994c1688e5487.png,22,169.4,301.7,Sem Raiz,31.75,30.0,27.0,37.0,0,0,0,6
C8R2_1736353442450_jpg.rf.91f3f4943a90749e2e2994c1688e5487.png,23,208.6,306.9,Normal,143.36,139.0,132.0,146.0,0,1,0,4
C8R2_1736353442450_jpg.rf.91f3f4943a90749e2e2994c1688e5487.png,24,253.1,354.1,Sem Raiz,9.32,9.0,9.0,13.0,0,0,0,1
C8R2_1736353442450_jpg.rf.91f3f4943a90749e2e2994c1688e5487.png,25,262.5,302.1,Sem Hipocótilo,17.76,16.0,11.0,17.0,0,0,0,0
C8R2_1736353442450_jpg.rf.91f3f4943a90749e2e2994c1688e5487.png,26,276.4,290.0,Sem Hipocótilo,106.65,103.0,100.0,104.0,0,0,0,0
C8R2_1736353442450_jpg.rf.91f3f4943a90749e2e2994c1688e5487.png,27,305.2,284.7,Normal,92.23,79.0,69.0,85.0,0,0,0,2
C8R2_1736353442450_jpg.rf.91f3f4943a90749e2e2994c1688e5487.png,28,374.2,311.0,Sem Raiz,12.87,12.0,7.0,14.0,0,0,0,0
C8R2_1736353442450_jpg.rf.91f3f4943a90749e2e2994c1688e5487.png,29,380.5,353.5,Sem Hipocótilo,62.89,62.0,58.0,63.0,0,0,0,0
C8R2_1736353442450_jpg.rf.91f3f4943a90749e2e2994c1688e5487.png,30,408.4,299.8,Normal,136.96,123.0,120.0,134.0,0,0,0,5
C8R2_1736353442450_jpg.rf.91f3f4943a90749e2e2994c1688e5487.png,31,476.1,349.1,Normal,102.84,96.0,93.0,102.0,0,0,0,1
C8R2_1736353442450_jpg.rf.91f3f4943a90749e2e2994c1688e5487.png,32,531.3,336.1,Normal,117.13,106.0,104.0,127.0,0,7,2,12
C8R2_1736353442450_jpg.rf.91f3f4943a90749e2e2994c1688e5487.png,33,125.1,365.8,Normal,25.22,24.0,19.0,27.0,0,0,0,1
C8R2_1736353442450_jpg.rf.91f3f4943a90749e2e2994c1688e5487.png,34,134.2,425.4,Sem Hipocótilo,23.88,23.0,21.0,28.0,0,0,0,1
C8R2_1736353442450_jpg.rf.91f3f4943a90749e2e2994c1688e5487.png,35,224.1,424.1,Normal,76.61,71.0,69.0,84.0,0,0,0,5
C8R2_1736353442450_jpg.rf.91f3f4943a90749e2e2994c1688e5487.png,36,296.0,428.9,Normal,142.34,136.0,130.0,141.0,0,0,0,2
C8R2_1736353442450_jpg.rf.91f3f4943a90749e2e2994c1688e5487.png,37,312.6,400.2,Normal,127.31,122.0,116.0,133.0,0,0,0,2
C8R2_1736353442450_jpg.rf.91f3f4943a90749e2e2994c1688e5487.png,38,342.4,416.3,Sem Raiz,31.85,29.0,27.0,36.0,0,0,0,2
C8R2_1736353442450_jpg.rf.91f3f4943a90749e2e2994c1688e5487.png,39,447.8,389.4,Normal,183.6,175.0,158.0,182.0,4,4,0,2
C8R2_1736353442450_jpg.rf.91f3f4943a90749e2e2994c1688e5487.png,40,496.8,397.1,Normal,37.67,34.0,24.0,38.0,0,0,0,0
C8R2_1736353442450_jpg.rf.91f3f4943a90749e2e2994c1688e5487.png,41,545.9,437.4,Sem Raiz,30.73,26.0,24.0,28.0,0,0,0,0
C8R2_1736353442450_jpg.rf.91f3f4943a90749e2e2994c1688e5487.png,42,579.8,404.9,Normal,101.08,92.0,89.0,104.0,0,0,1,3
C8R2_1736353442450_jpg.rf.91f3f4943a90749e2e2994c1688e5487.png,43,599.5,377.5,Normal,131.07,123.0,114.0,125.0,0,0,0,0
C8R2_1736353442450_jpg.rf.91f3f4943a90749e2e2994c1688e5487.png,44,80.4,452.2,Normal,161.13,150.0,140.0,159.0,0,0,0,6
C8R2_1736353442450_jpg.rf.91f3f4943a90749e2e2994c1688e5487.png,45,165.8,445.2,Normal,117.81,111.0,105.0,119.0,0,0,0,2
C8R2_1736353442450_jpg.rf.91f3f4943a90749e2e2994c1688e5487.png,46,262.3,475.3,Sem Raiz,20.26,19.0,15.0,27.0,0,0,0,2
C8R2_1736353442450_jpg.rf.91f3f4943a90749e2e2994c1688e5487.png,47,333.3,482.4,Sem Hipocótilo,86.13,78.0,76.0,79.0,0,0,0,1
C8R2_1736353442450_jpg.rf.91f3f4943a90749e2e2994c1688e5487.png,48,369.4,474.9,Normal,183.95,168.0,161.0,176.0,0,0,0,7
C8R2_1736353442450_jpg.rf.91f3f4943a90749e2e2994c1688e5487.png,49,414.1,449.4,Normal,72.14,70.0,60.0,75.0,0,0,0,0
C8R2_1736353442450_jpg.rf.91f3f4943a90749e2e2994c1688e5487.png,50,480.3,503.4,Normal,93.22,94.0,89.0,104.0,0,4,1,6
C8R2_1736353442450_jpg.rf.91f3f4943a90749e2e2994c1688e5487.png,51,116.4,524.5,Normal,111.4,98.0,92.0,108.0,0,1,0,3
C8R2_1736353442450_jpg.rf.91f3f4943a90749e2e2994c1688e5487.png,52,167.5,530.6,Normal,137.68,127.0,125.0,145.0,0,0,0,7
C8R2_1736353442450_jpg.rf.91f3f4943a90749e2e2994c1688e5487.png,53,239.4,525.6,Normal,74.19,72.0,65.0,77.0,0,0,0,0
C8R2_1736353442450_jpg.rf.91f3f4943a90749e2e2994c1688e5487.png,54,437.0,528.4,Normal,24.51,29.0,23.0,37.0,0,3,0,4
C8R2_1736353442450_jpg.rf.91f3f4943a90749e2e2994c1688e5487.png,55,528.5,540.6,Normal,84.67,78.0,71.0,88.0,0,0,0,4
C8R3_1736353442432_jpg.rf.39cec3f47fda208eee2d4a1aed890727.png,1,143.8,192.5,Normal,175.44,165.0,153.0,168.0,0,7,0,6
C8R3_1736353442432_jpg.rf.39cec3f47fda208eee2d4a1aed890727.png,2,171.7,125.7,Normal,140.95,133.0,131.0,141.0,0,0,0,4
C8R3_1736353442432_jpg.rf.39cec3f47fda208eee2d4a1aed890727.png,3,215.5,174.8,Normal,47.16,44.0,39.0,49.0,0,0,0,3
C8R3_1736353442432_jpg.rf.39cec3f47fda208eee2d4a1aed890727.png,4,326.7,182.8,Normal,58.78,54.0,45.0,63.0,0,0,0,6
C8R3_1736353442432_jpg.rf.39cec3f47fda208eee2d4a1aed890727.png,5,355.6,133.7,Normal,43.74,45.0,36.0,52.0,0,3,0,3
C8R3_1736353442432_jpg.rf.39cec3f47fda208eee2d4a1aed890727.png,6,454.5,162.7,Normal,69.56,65.0,59.0,72.0,0,0,0,2
C8R3_1736353442432_jpg.rf.39cec3f47fda208eee2d4a1aed890727.png,7,590.2,157.1,Normal,105.34,104.0,96.0,111.0,0,3,0,4
C8R3_1736353442432_jpg.rf.39cec3f47fda208eee2d4a1aed890727.png,8,108.3,235.3,Normal,108.38,97.0,92.0,107.0,0,0,0,2
C8R3_1736353442432_jpg.rf.39cec3f47fda208eee2d4a1aed890727.png,9,196.5,220.1,Normal,68.03,65.0,59.0,75.0,0,0,0,6
C8R3_1736353442432_jpg.rf.39cec3f47fda208eee2d4a1aed890727.png,10,241.1,252.3,Normal,96.98,91.0,88.0,101.0,0,0,0,3
C8R3_1736353442432_jpg.rf.39cec3f47fda208eee2d4a1aed890727.png,11,263.9,264.9,Sem Raiz,13.85,11.0,9.0,12.0,0,0,0,0
C8R3_1736353442432_jpg.rf.39cec3f47fda208eee2d4a1aed890727.png,12,282.0,217.6,Normal,174.16,159.0,154.0,165.0,0,0,0,4
C8R3_1736353442432_jpg.rf.39cec3f47fda208eee2d4a1aed890727.png,13,305.2,200.7,Normal,138.77,126.0,122.0,131.0,0,0,0,3
C8R3_1736353442432_jpg.rf.39cec3f47fda208eee2d4a1aed890727.png,14,390.7,217.5,Normal,78.41,78.0,67.0,86.0,0,3,0,7
C8R3_1736353442432_jpg.rf.39cec3f47fda208eee2d4a1aed890727.png,15,414.6,226.4,Normal,156.23,155.0,149.0,161.0,0,1,0,4
C8R3_1736353442432_jpg.rf.39cec3f47fda208eee2d4a1aed890727.png,16,430.6,253.5,Normal,71.83,63.0,61.0,73.0,0,0,0,1
C8R3_1736353442432_jpg.rf.39cec3f47fda208eee2d4a1aed890727.png,17,474.5,225.2,Normal,41.21,43.0,31.0,48.0,0,3,0,6
C8R3_1736353442432_jpg.rf.39cec3f47fda208eee2d4a1aed890727.png,18,535.1,279.2,Sem Raiz,15.8,26.0,22.0,36.0,1,9,4,8
C8R3_1736353442432_jpg.rf.39cec3f47fda208eee2d4a1aed890727.png,19,542.6,205.9,Normal,159.28,155.0,148.0,164.0,0,0,0,3
C8R3_1736353442432_jpg.rf.39cec3f47fda208eee2d4a1aed890727.png,20,573.1,239.1,Sem Hipocótilo,66.27,64.0,64.0,72.0,0,0,0,1
C8R3_1736353442432_jpg.rf.39cec3f47fda208eee2d4a1aed890727.png,21,101.4,343.3,Normal,73.16,70.0,65.0,78.0,0,0,0,4
C8R3_1736353442432_jpg.rf.39cec3f47fda208eee2d4a1aed890727.png,22,163.1,316.6,Normal,125.65,117.0,110.0,127.0,2,2,0,5
C8R3_1736353442432_jpg.rf.39cec3f47fda208eee2d4a1aed890727.png,23,256.5,319.2,Sem Hipocótilo,82.11,75.0,72.0,77.0,0,0,0,1
C8R3_1736353442432_jpg.rf.39cec3f47fda208eee2d4a1aed890727.png,24,275.9,338.3,Sem Raiz,24.99,21.0,20.0,28.0,0,0,0,4
C8R3_1736353442432_jpg.rf.39cec3f47fda208eee2d4a1aed890727.png,25,326.3,294.3,Normal,122.89,114.0,111.0,118.0,0,0,0,1
C8R3_1736353442432_jpg.rf.39cec3f47fda208eee2d4a1aed890727.png,26,384.9,323.8,Normal,101.75,98.0,93.0,101.0,0,0,0,0
C8R3_1736353442432_jpg.rf.39cec3f47fda208eee2d4a1aed890727.png,27,441.9,358.7,Normal,147.46,140.0,136.0,156.0,0,0,0,6
C8R3_1736353442432_jpg.rf.39cec3f47fda208eee2d4a1aed890727.png,28,496.5,299.7,Normal,85.02,76.0,72.0,80.0,0,0,0,3
C8R3_1736353442432_jpg.rf.39cec3f47fda208eee2d4a1aed890727.png,29,528.2,340.5,Sem Hipocótilo,89.13,86.0,85.0,87.0,0,0,0,0
C8R3_1736353442432_jpg.rf.39cec3f47fda208eee2d4a1aed890727.png,30,596.3,325.3,Sem Hipocótilo,30.88,33.0,28.0,39.0,0,0,0,1
C8R3_1736353442432_jpg.rf.39cec3f47fda208eee2d4a1aed890727.png,31,87.6,411.3,Normal,82.26,72.0,72.0,87.0,0,0,0,4
C8R3_1736353442432_jpg.rf.39cec3f47fda208eee2d4a1aed890727.png,32,137.7,382.5,Normal,38.88,36.0,32.0,44.0,0,0,0,7
C8R3_1736353442432_jpg.rf.39cec3f47fda208eee2d4a1aed890727.png,33,175.3,382.0,Sem Raiz,18.48,18.0,11.0,20.0,0,0,0,3
C8R3_1736353442432_jpg.rf.39cec3f47fda208eee2d4a1aed890727.png,34,213.8,364.2,Normal,171.67,171.0,155.0,173.0,0,7,0,2
C8R3_1736353442432_jpg.rf.39cec3f47fda208eee2d4a1aed890727.png,35,267.4,424.4,Sem Raiz,7.41,7.0,4.0,10.0,0,0,0,0
C8R3_1736353442432_jpg.rf.39cec3f47fda208eee2d4a1aed890727.png,36,283.2,377.5,Sem Hipocótilo,38.72,37.0,35.0,41.0,0,0,0,3
C8R3_1736353442432_jpg.rf.39cec3f47fda208eee2d4a1aed890727.png,37,316.9,376.3,Normal,34.71,33.0,25.0,40.0,0,0,0,5
C8R3_1736353442432_jpg.rf.39cec3f47fda208eee2d4a1aed890727.png,38,355.7,374.1,Normal,99.38,94.0,89.0,102.0,0,0,0,6
C8R3_1736353442432_jpg.rf.39cec3f47fda208eee2d4a1aed890727.png,39,397.3,413.0,Normal,186.5,177.0,172.0,184.0,0,0,0,2
C8R3_1736353442432_jpg.rf.39cec3f47fda208eee2d4a1aed890727.png,40,418.8,431.8,Sem Raiz,12.95,13.0,8.0,21.0,0,0,0,3
C8R3_1736353442432_jpg.rf.39cec3f47fda208eee2d4a1aed890727.png,41,508.2,378.2,Sem Raiz,19.67,17.0,18.0,22.0,0,0,0,1
C8R3_1736353442432_jpg.rf.39cec3f47fda208eee2d4a1aed890727.png,42,554.9,418.8,Sem Raiz,14.78,14.0,11.0,15.0,0,0,0,0
C8R3_1736353442432_jpg.rf.39cec3f47fda208eee2d4a1aed890727.png,43,589.4,415.3,Normal,78.9,75.0,68.0,80.0,0,1,0,4
C8R3_1736353442432_jpg.rf.39cec3f47fda208eee2d4a1aed890727.png,44,111.6,484.0,Normal,122.74,117.0,110.0,123.0,0,0,0,2
C8R3_1736353442432_jpg.rf.39cec3f47fda208eee2d4a1aed890727.png,45,179.3,486.8,Normal,137.12,136.0,130.0,146.0,0,3,0,5
C8R3_1736353442432_jpg.rf.39cec3f47fda208eee2d4a1aed890727.png,46,212.1,506.9,Normal,100.97,97.0,93.0,106.0,0,0,0,2
C8R3_1736353442432_jpg.rf.39cec3f47fda208eee2d4a1aed890727.png,47,241.8,450.6,Normal,84.88,78.0,73.0,90.0,0,0,0,9
C8R3_1736353442432_jpg.rf.39cec3f47fda208eee2d4a1aed890727.png,48,266.2,503.0,Sem Hipocótilo,104.32,107.0,102.0,107.0,0,1,0,1
C8R3_1736353442432_jpg.rf.39cec3f47fda208eee2d4a1aed890727.png,49,316.0,494.4,Normal,162.2,157.0,152.0,163.0,0,1,0,4
C8R3_1736353442432_jpg.rf.39cec3f47fda208eee2d4a1aed890727.png,50,376.8,452.1,Sem Raiz,28.45,28.0,21.0,36.0,0,0,0,3
C8R3_1736353442432_jpg.rf.39cec3f47fda208eee2d4a1aed890727.png,51,424.3,502.9,Sem Hipocótilo,109.08,105.0,100.0,108.0,0,0,0,3
C8R3_1736353442432_jpg.rf.39cec3f47fda208eee2d4a1aed890727.png,52,465.3,452.5,Normal,59.57,56.0,56.0,60.0,0,0,0,2
C8R3_1736353442432_jpg.rf.39cec3f47fda208eee2d4a1aed890727.png,53,513.1,470.4,Normal,164.86,159.0,155.0,166.0,0,0,0,2
C8R3_1736353442432_jpg.rf.39cec3f47fda208eee2d4a1aed890727.png,54,541.4,472.5,Sem Hipocótilo,88.0,87.0,82.0,93.0,0,0,0,1
C8R3_1736353442432_jpg.rf.39cec3f47fda208eee2d4a1aed890727.png,55,584.8,498.1,Normal,127.64,125.0,122.0,137.0,0,0,0,3
C8R4_1736353442410_jpg.rf.c410c496058616eb463e7aef954216d9.png,1,118.5,171.4,Normal,119.15,121.0,117.0,134.0,1,1,0,12
C8R4_1736353442410_jpg.rf.c410c496058616eb463e7aef954216d9.png,2,152.3,181.9,Normal,95.68,89.0,85.0,96.0,0,0,0,1
C8R4_1736353442410_jpg.rf.c410c496058616eb463e7aef954216d9.png,3,211.0,170.8,Normal,70.93,69.0,65.0,79.0,0,0,0,3
C8R4_1736353442410_jpg.rf.c410c496058616eb463e7aef954216d9.png,4,252.7,161.3,Normal,47.25,41.0,35.0,49.0,0,0,0,3
C8R4_1736353442410_jpg.rf.c410c496058616eb463e7aef954216d9.png,5,287.4,170.7,Normal,110.84,100.0,95.0,104.0,0,0,0,1
C8R4_1736353442410_jpg.rf.c410c496058616eb463e7aef954216d9.png,6,366.1,175.6,Normal,30.16,29.0,22.0,33.0,0,0,0,3
C8R4_1736353442410_jpg.rf.c410c496058616eb463e7aef954216d9.png,7,471.3,160.9,Sem Raiz,36.76,35.0,32.0,34.0,0,0,0,0
C8R4_1736353442410_jpg.rf.c410c496058616eb463e7aef954216d9.png,8,589.3,192.7,Sem Raiz,10.52,11.0,8.0,17.0,0,0,0,4
C8R4_1736353442410_jpg.rf.c410c496058616eb463e7aef954216d9.png,9,177.9,223.1,Normal,22.27,21.0,16.0,32.0,0,0,0,6
C8R4_1736353442410_jpg.rf.c410c496058616eb463e7aef954216d9.png,10,247.8,263.4,Normal,95.27,89.0,80.0,93.0,0,0,0,3
C8R4_1736353442410_jpg.rf.c410c496058616eb463e7aef954216d9.png,11,273.7,275.9,Sem Raiz,13.43,16.0,14.0,22.0,0,0,0,1
C8R4_1736353442410_jpg.rf.c410c496058616eb463e7aef954216d9.png,12,309.7,241.2,Normal,33.27,33.0,32.0,44.0,0,0,0,6
C8R4_1736353442410_jpg.rf.c410c496058616eb463e7aef954216d9.png,13,332.5,235.2,Normal,132.47,126.0,123.0,135.0,0,0,0,2
C8R4_1736353442410_jpg.rf.c410c496058616eb463e7aef954216d9.png,14,400.2,208.3,Normal,80.55,76.0,73.0,84.0,0,0,0,2
C8R4_1736353442410_jpg.rf.c410c496058616eb463e7aef954216d9.png,15,429.9,274.4,Normal,83.41,86.0,82.0,97.0,0,0,0,3
C8R4_1736353442410_jpg.rf.c410c496058616eb463e7aef954216d9.png,16,472.4,264.9,Sem Hipocótilo,60.72,63.0,60.0,68.0,0,0,0,1
C8R4_1736353442410_jpg.rf.c410c496058616eb463e7aef954216d9.png,17,479.7,215.7,Sem Raiz,11.11,10.0,7.0,11.0,0,0,0,0
C8R4_1736353442410_jpg.rf.c410c496058616eb463e7aef954216d9.png,18,513.5,214.5,Normal,59.76,68.0,54.0,74.0,0,5,0,5
C8R4_1736353442410_jpg.rf.c410c496058616eb463e7aef954216d9.png,19,560.0,228.8,Normal,116.58,108.0,101.0,115.0,0,0,0,2
C8R4_1736353442410_jpg.rf.c410c496058616eb463e7aef954216d9.png,20,98.1,285.4,Normal,144.32,133.0,127.0,140.0,0,0,0,4
C8R4_1736353442410_jpg.rf.c410c496058616eb463e7aef954216d9.png,21,164.5,307.6,Normal,120.0,115.0,113.0,120.0,0,0,0,1
C8R4_1736353442410_jpg.rf.c410c496058616eb463e7aef954216d9.png,22,191.5,336.7,Normal,147.84,139.0,133.0,148.0,0,0,0,6
C8R4_1736353442410_jpg.rf.c410c496058616eb463e7aef954216d9.png,23,220.2,302.8,Normal,155.33,155.0,145.0,164.0,4,4,1,10
C8R4_1736353442410_jpg.rf.c410c496058616eb463e7aef954216d9.png,24,291.3,315.3,Sem Raiz,8.02,13.0,4.0,12.0,3,5,0,1
C8R4_1736353442410_jpg.rf.c410c496058616eb463e7aef954216d9.png,25,324.3,354.0,Normal,110.03,103.0,96.0,113.0,4,4,1,8
C8R4_1736353442410_jpg.rf.c410c496058616eb463e7aef954216d9.png,26,365.7,316.2,Normal,73.1,71.0,69.0,78.0,0,0,0,2
C8R4_1736353442410_jpg.rf.c410c496058616eb463e7aef954216d9.png,27,496.7,331.2,Normal,88.28,81.0,76.0,88.0,0,0,0,2
C8R4_1736353442410_jpg.rf.c410c496058616eb463e7aef954216d9.png,28,526.3,316.2,Normal,103.98,99.0,92.0,106.0,0,0,0,2
C8R4_1736353442410_jpg.rf.c410c496058616eb463e7aef954216d9.png,29,578.7,327.8,Normal,33.77,33.0,26.0,42.0,4,4,0,4
C8R4_1736353442410_jpg.rf.c410c496058616eb463e7aef954216d9.png,30,115.0,381.2,Sem Raiz,7.77,7.0,5.0,10.0,0,0,0,0
C8R4_1736353442410_jpg.rf.c410c496058616eb463e7aef954216d9.png,31,116.2,430.6,Sem Hipocótilo,77.81,76.0,71.0,79.0,0,0,0,1
C8R4_1736353442410_jpg.rf.c410c496058616eb463e7aef954216d9.png,32,167.8,436.3,Normal,53.78,52.0,48.0,61.0,0,0,0,3
C8R4_1736353442410_jpg.rf.c410c496058616eb463e7aef954216d9.png,33,256.5,371.3,Sem Raiz,37.56,34.0,31.0,34.0,0,0,0,0
C8R4_1736353442410_jpg.rf.c410c496058616eb463e7aef954216d9.png,34,293.7,376.8,Sem Hipocótilo,89.66,87.0,87.0,87.0,0,0,0,0
C8R4_1736353442410_jpg.rf.c410c496058616eb463e7aef954216d9.png,35,400.1,408.2,Normal,171.54,150.0,143.0,160.0,0,0,0,4
C8R4_1736353442410_jpg.rf.c410c496058616eb463e7aef954216d9.png,36,428.9,387.2,Normal,96.74,100.0,84.0,105.0,0,7,0,7
C8R4_1736353442410_jpg.rf.c410c496058616eb463e7aef954216d9.png,37,460.4,403.2,Normal,160.08,149.0,136.0,156.0,3,3,0,4
C8R4_1736353442410_jpg.rf.c410c496058616eb463e7aef954216d9.png,38,513.0,401.9,Sem Raiz,14.85,14.0,13.0,20.0,0,0,0,3
C8R4_1736353442410_jpg.rf.c410c496058616eb463e7aef954216d9.png,39,545.1,401.9,Normal,101.98,93.0,86.0,100.0,0,0,0,1
C8R4_1736353442410_jpg.rf.c410c496058616eb463e7aef954216d9.png,40,590.3,423.8,Normal,132.09,123.0,113.0,127.0,0,0,0,2
C8R4_1736353442410_jpg.rf.c410c496058616eb463e7aef954216d9.png,41,80.9,494.7,Normal,112.06,108.0,96.0,115.0,0,3,0,4
C8R4_1736353442410_jpg.rf.c410c496058616eb463e7aef954216d9.png,42,153.3,514.9,Normal,96.59,100.0,92.0,110.0,1,4,0,7
C8R4_1736353442410_jpg.rf.c410c496058616eb463e7aef954216d9.png,43,205.3,490.6,Normal,94.95,90.0,86.0,97.0,0,0,0,4
C8R4_1736353442410_jpg.rf.c410c496058616eb463e7aef954216d9.png,44,235.5,488.5,Normal,166.57,160.0,155.0,168.0,0,0,0,2
C8R4_1736353442410_jpg.rf.c410c496058616eb463e7aef954216d9.png,45,269.0,499.2,Normal,139.26,135.0,123.0,140.0,4,4,0,7
C8R4_1736353442410_jpg.rf.c410c496058616eb463e7aef954216d9.png,46,310.8,503.5,Normal,119.47,131.0,126.0,142.0,4,18,10,13
C8R4_1736353442410_jpg.rf.c410c496058616eb463e7aef954216d9.png,47,353.5,473.1,Normal,90.95,95.0,87.0,101.0,4,4,0,3
C8R4_1736353442410_jpg.rf.c410c496058616eb463e7aef954216d9.png,48,387.7,500.2,Normal,89.58,90.0,84.0,96.0,0,1,0,1
C8R4_1736353442410_jpg.rf.c410c496058616eb463e7aef954216d9.png,49,492.8,478.8,Normal,146.4,136.0,129.0,146.0,0,0,0,3
C8R4_1736353442410_jpg.rf.c410c496058616eb463e7aef954216d9.png,50,515.9,490.0,Normal,100.32,94.0,89.0,100.0,0,0,0,3
C8R5_1736353442383_jpg.rf.2239b18c28bed55712f823afe8fbbc00.png,1,92.1,163.0,Sem Raiz,38.13,35.0,31.0,37.0,0,0,0,1
C8R5_1736353442383_jpg.rf.2239b18c28bed55712f823afe8fbbc00.png,2,145.4,184.5,Normal,71.97,68.0,62.0,77.0,1,1,0,4
C8R5_1736353442383_jpg.rf.2239b18c28bed55712f823afe8fbbc00.png,3,221.4,166.8,Normal,65.23,67.0,57.0,71.0,0,3,0,4
C8R5_1736353442383_jpg.rf.2239b18c28bed55712f823afe8fbbc00.png,4,339.5,171.7,Normal,105.65,103.0,96.0,112.0,3,3,0,2
C8R5_1736353442383_jpg.rf.2239b18c28bed55712f823afe8fbbc00.png,5,383.5,160.0,Normal,110.54,104.0,101.0,114.0,0,0,0,5
C8R5_1736353442383_jpg.rf.2239b18c28bed55712f823afe8fbbc00.png,6,419.7,182.0,Normal,127.4,116.0,110.0,123.0,0,0,0,4
C8R5_1736353442383_jpg.rf.2239b18c28bed55712f823afe8fbbc00.png,7,474.9,150.0,Normal,44.1,43.0,34.0,46.0,0,1,0,1
C8R5_1736353442383_jpg.rf.2239b18c28bed55712f823afe8fbbc00.png,8,555.6,167.2,Normal,116.28,115.0,107.0,120.0,0,4,0,2
C8R5_1736353442383_jpg.rf.2239b18c28bed55712f823afe8fbbc00.png,9,85.2,228.8,Sem Hipocótilo,95.85,94.0,92.0,97.0,0,0,0,1
C8R5_1736353442383_jpg.rf.2239b18c28bed55712f823afe8fbbc00.png,10,157.1,218.0,Normal,37.63,33.0,25.0,37.0,0,0,0,1
C8R5_1736353442383_jpg.rf.2239b18c28bed55712f823afe8fbbc00.png,11,201.7,224.2,Normal,36.36,31.0,27.0,47.0,0,0,0,9
C8R5_1736353442383_jpg.rf.2239b18c28bed55712f823afe8fbbc00.png,12,218.2,269.6,Sem Hipocótilo,67.72,65.0,63.0,66.0,0,0,0,0
C8R5_1736353442383_jpg.rf.2239b18c28bed55712f823afe8fbbc00.png,13,257.7,214.3,Normal,153.28,148.0,147.0,155.0,0,1,0,1
C8R5_1736353442383_jpg.rf.2239b18c28bed55712f823afe8fbbc00.png,14,293.8,223.2,Normal,92.49,89.0,84.0,91.0,0,0,0,0
C8R5_1736353442383_jpg.rf.2239b18c28bed55712f823afe8fbbc00.png,15,363.0,234.3,Normal,85.03,79.0,71.0,85.0,0,4,0,3
C8R5_1736353442383_jpg.rf.2239b18c28bed55712f823afe8fbbc00.png,16,410.4,239.2,Sem Raiz,12.4,11.0,8.0,14.0,0,0,0,1
C8R5_1736353442383_jpg.rf.2239b18c28bed55712f823afe8fbbc00.png,17,452.4,236.9,Normal,93.18,86.0,81.0,94.0,0,0,0,4
C8R5_1736353442383_jpg.rf.2239b18c28bed55712f823afe8fbbc00.png,18,509.4,257.2,Normal,80.17,76.0,71.0,80.0,0,0,0,1
C8R5_1736353442383_jpg.rf.2239b18c28bed55712f823afe8fbbc00.png,19,586.8,210.1,Normal,126.73,121.0,114.0,127.0,0,0,0,3
C8R5_1736353442383_jpg.rf.2239b18c28bed55712f823afe8fbbc00.png,20,96.6,349.5,Normal,91.13,88.0,77.0,95.0,0,0,0,2
C8R5_1736353442383_jpg.rf.2239b18c28bed55712f823afe8fbbc00.png,21,132.1,317.8,Normal,90.52,93.0,82.0,103.0,3,6,0,6
C8R5_1736353442383_jpg.rf.2239b18c28bed55712f823afe8fbbc00.png,22,159.6,313.5,Sem Raiz,25.24,22.0,18.0,23.0,0,0,0,0
C8R5_1736353442383_jpg.rf.2239b18c28bed55712f823afe8fbbc00.png,23,262.7,319.7,Normal,110.58,98.0,89.0,103.0,0,0,0,1
C8R5_1736353442383_jpg.rf.2239b18c28bed55712f823afe8fbbc00.png,24,310.9,314.0,Normal,82.43,73.0,69.0,78.0,0,0,0,0
C8R5_1736353442383_jpg.rf.2239b18c28bed55712f823afe8fbbc00.png,25,372.4,320.2,Normal,51.97,46.0,40.0,56.0,0,0,0,4
C8R5_1736353442383_jpg.rf.2239b18c28bed55712f823afe8fbbc00.png,26,418.4,288.1,Normal,81.06,77.0,71.0,84.0,0,0,0,4
C8R5_1736353442383_jpg.rf.2239b18c28bed55712f823afe8fbbc00.png,27,483.0,314.2,Normal,58.7,57.0,47.0,66.0,0,3,1,4
C8R5_1736353442383_jpg.rf.2239b18c28bed55712f823afe8fbbc00.png,28,569.8,316.7,Normal,83.43,78.0,71.0,79.0,0,3,0,0
C8R5_1736353442383_jpg.rf.2239b18c28bed55712f823afe8fbbc00.png,29,92.4,425.8,Normal,28.13,26.0,23.0,35.0,0,1,0,5
C8R5_1736353442383_jpg.rf.2239b18c28bed55712f823afe8fbbc00.png,30,171.8,406.6,Normal,92.13,87.0,82.0,96.0,0,0,0,3
C8R5_1736353442383_jpg.rf.2239b18c28bed55712f823afe8fbbc00.png,31,232.0,390.2,Normal,119.95,116.0,109.0,121.0,0,0,0,2
C8R5_1736353442383_jpg.rf.2239b18c28bed55712f823afe8fbbc00.png,32,257.2,424.3,Normal,139.3,132.0,125.0,141.0,0,0,0,7
C8R5_1736353442383_jpg.rf.2239b18c28bed55712f823afe8fbbc00.png,33,320.9,436.8,Normal,61.91,61.0,55.0,68.0,0,1,0,4
C8R5_1736353442383_jpg.rf.2239b18c28bed55712f823afe8fbbc00.png,34,332.8,368.8,Normal,80.77,73.0,66.0,81.0,0,0,0,8
C8R5_1736353442383_jpg.rf.2239b18c28bed55712f823afe8fbbc00.png,35,379.5,392.6,Normal,81.38,76.0,67.0,82.0,2,2,0,1
C8R5_1736353442383_jpg.rf.2239b18c28bed55712f823afe8fbbc00.png,36,435.0,366.6,Normal,83.9,78.0,71.0,85.0,0,0,0,2
C8R5_1736353442383_jpg.rf.2239b18c28bed55712f823afe8fbbc00.png,37,492.1,401.3,Normal,65.18,61.0,52.0,65.0,0,0,0,4
C8R5_1736353442383_jpg.rf.2239b18c28bed55712f823afe8fbbc00.png,38,553.7,401.2,Normal,136.31,129.0,120.0,135.0,0,0,0,2
C8R5_1736353442383_jpg.rf.2239b18c28bed55712f823afe8fbbc00.png,39,597.9,422.5,Normal,125.17,114.0,112.0,126.0,0,0,0,5
C8R5_1736353442383_jpg.rf.2239b18c28bed55712f823afe8fbbc00.png,40,131.4,486.5,Normal,139.32,138.0,135.0,147.0,0,6,2,5
C8R5_1736353442383_jpg.rf.2239b18c28bed55712f823afe8fbbc00.png,41,184.4,486.4,Normal,160.35,151.0,144.0,154.0,0,0,0,0
C8R5_1736353442383_jpg.rf.2239b18c28bed55712f823afe8fbbc00.png,42,221.1,511.4,Normal,34.2,29.0,25.0,34.0,0,0,0,3
C8R5_1736353442383_jpg.rf.2239b18c28bed55712f823afe8fbbc00.png,43,287.0,486.0,Normal,206.08,195.0,187.0,198.0,0,3,0,3
C8R5_1736353442383_jpg.rf.2239b18c28bed55712f823afe8fbbc00.png,44,325.9,514.3,Sem Raiz,29.12,26.0,23.0,27.0,0,0,0,0
C8R5_1736353442383_jpg.rf.2239b18c28bed55712f823afe8fbbc00.png,45,361.4,475.5,Normal,79.27,73.0,68.0,83.0,0,0,0,4
C8R5_1736353442383_jpg.rf.2239b18c28bed55712f823afe8fbbc00.png,46,428.1,516.7,Normal,33.44,28.0,19.0,32.0,0,0,0,3
C8R5_1736353442383_jpg.rf.2239b18c28bed55712f823afe8fbbc00.png,47,435.9,444.1,Sem Hipocótilo,20.45,18.0,17.0,19.0,0,0,0,0
C8R5_1736353442383_jpg.rf.2239b18c28bed55712f823afe8fbbc00.png,48,466.1,499.9,Sem Hipocótilo,20.29,19.0,14.0,22.0,0,0,0,1
C8R5_1736353442383_jpg.rf.2239b18c28bed55712f823afe8fbbc00.png,49,468.4,464.7,Sem Raiz,31.52,28.0,28.0,33.0,0,0,0,2
C8R5_1736353442383_jpg.rf.2239b18c28bed55712f823afe8fbbc00.png,50,499.5,516.9,Normal,39.16,36.0,26.0,46.0,0,0,0,2
C8R5_1736353442383_jpg.rf.2239b18c28bed55712f823afe8fbbc00.png,51,502.3,483.3,Sem Hipocótilo,14.92,14.0,12.0,15.0,0,0,0,0
C8R5_1736353442383_jpg.rf.2239b18c28bed55712f823afe8fbbc00.png,52,527.5,461.2,Normal,146.52,132.0,127.0,137.0,0,0,0,1
C8R6_1736353442368_jpg.rf.ac6885ea84565330020ef4969bf00270.png,1,102.2,164.3,Normal,145.51,136.0,129.0,145.0,0,0,0,7
C8R6_1736353442368_jpg.rf.ac6885ea84565330020ef4969bf00270.png,2,130.9,180.0,Normal,111.27,106.0,99.0,113.0,0,0,0,5
C8R6_1736353442368_jpg.rf.ac6885ea84565330020ef4969bf00270.png,3,185.4,172.7,Normal,112.48,108.0,101.0,116.0,0,0,0,1
C8R6_1736353442368_jpg.rf.ac6885ea84565330020ef4969bf00270.png,4,213.9,196.4,Normal,36.13,32.0,27.0,34.0,0,0,0,0
C8R6_1736353442368_jpg.rf.ac6885ea84565330020ef4969bf00270.png,5,240.0,153.2,Normal,75.03,68.0,63.0,76.0,0,0,0,3
C8R6_1736353442368_jpg.rf.ac6885ea84565330020ef4969bf00270.png,6,266.3,179.1,Sem Hipocótilo,11.57,10.0,8.0,16.0,0,0,0,1
C8R6_1736353442368_jpg.rf.ac6885ea84565330020ef4969bf00270.png,7,300.9,194.6,Sem Hipocótilo,40.67,37.0,35.0,42.0,0,0,0,1
C8R6_1736353442368_jpg.rf.ac6885ea84565330020ef4969bf00270.png,8,323.3,148.5,Normal,29.6,29.0,24.0,36.0,0,0,0,7
C8R6_1736353442368_jpg.rf.ac6885ea84565330020ef4969bf00270.png,9,405.0,178.3,Normal,123.5,117.0,112.0,125.0,0,0,0,5
C8R6_1736353442368_jpg.rf.ac6885ea84565330020ef4969bf00270.png,10,469.8,138.7,Normal,103.13,93.0,81.0,97.0,0,0,0,1
C8R6_1736353442368_jpg.rf.ac6885ea84565330020ef4969bf00270.png,11,554.8,191.7,Normal,127.06,123.0,115.0,126.0,0,3,0,1
C8R6_1736353442368_jpg.rf.ac6885ea84565330020ef4969bf00270.png,12,279.2,244.6,Normal,37.76,37.0,34.0,42.0,0,0,0,2
C8R6_1736353442368_jpg.rf.ac6885ea84565330020ef4969bf00270.png,13,342.3,262.3,Normal,113.23,112.0,103.0,114.0,0,4,0,1
C8R6_1736353442368_jpg.rf.ac6885ea84565330020ef4969bf00270.png,14,365.4,201.1,Normal,146.35,138.0,133.0,144.0,0,0,0,5
C8R6_1736353442368_jpg.rf.ac6885ea84565330020ef4969bf00270.png,15,391.6,256.5,Sem Raiz,30.86,30.0,30.0,38.0,0,0,0,6
C8R6_1736353442368_jpg.rf.ac6885ea84565330020ef4969bf00270.png,16,428.7,237.6,Normal,118.01,111.0,103.0,119.0,0,0,0,4
C8R6_1736353442368_jpg.rf.ac6885ea84565330020ef4969bf00270.png,17,463.9,272.3,Normal,108.83,100.0,97.0,107.0,0,0,0,1
C8R6_1736353442368_jpg.rf.ac6885ea84565330020ef4969bf00270.png,18,501.0,221.8,Normal,112.9,104.0,96.0,112.0,0,0,0,3
C8R6_1736353442368_jpg.rf.ac6885ea84565330020ef4969bf00270.png,19,594.2,212.7,Normal,55.19,52.0,47.0,59.0,0,0,0,2
C8R6_1736353442368_jpg.rf.ac6885ea84565330020ef4969bf00270.png,20,77.9,286.5,Normal,149.78,164.0,155.0,176.0,5,14,6,10
C8R6_1736353442368_jpg.rf.ac6885ea84565330020ef4969bf00270.png,21,104.1,308.6,Normal,111.32,111.0,104.0,113.0,0,4,0,3
C8R6_1736353442368_jpg.rf.ac6885ea84565330020ef4969bf00270.png,22,136.8,335.1,Normal,49.54,54.0,44.0,55.0,3,6,0,3
C8R6_1736353442368_jpg.rf.ac6885ea84565330020ef4969bf00270.png,23,164.7,288.6,Normal,127.45,117.0,113.0,126.0,0,0,0,6
C8R6_1736353442368_jpg.rf.ac6885ea84565330020ef4969bf00270.png,24,185.9,310.0,Normal,108.65,105.0,99.0,113.0,0,0,0,1
C8R6_1736353442368_jpg.rf.ac6885ea84565330020ef4969bf00270.png,25,251.6,287.5,Normal,117.04,110.0,102.0,113.0,0,3,0,1
C8R6_1736353442368_jpg.rf.ac6885ea84565330020ef4969bf00270.png,26,296.6,301.0,Normal,120.51,111.0,104.0,120.0,0,0,0,8
C8R6_1736353442368_jpg.rf.ac6885ea84565330020ef4969bf00270.png,27,324.9,311.6,Normal,103.96,97.0,94.0,102.0,0,3,0,4
C8R6_1736353442368_jpg.rf.ac6885ea84565330020ef4969bf00270.png,28,365.5,320.7,Normal,36.67,36.0,31.0,39.0,0,0,0,4
C8R6_1736353442368_jpg.rf.ac6885ea84565330020ef4969bf00270.png,29,398.7,315.5,Sem Hipocótilo,78.2,75.0,72.0,76.0,0,0,0,0
C8R6_1736353442368_jpg.rf.ac6885ea84565330020ef4969bf00270.png,30,484.8,353.4,Normal,111.47,100.0,93.0,104.0,0,0,0,1
C8R6_1736353442368_jpg.rf.ac6885ea84565330020ef4969bf00270.png,31,529.4,296.9,Normal,23.25,27.0,18.0,33.0,0,3,0,2
C8R6_1736353442368_jpg.rf.ac6885ea84565330020ef4969bf00270.png,32,548.2,350.8,Normal,77.0,76.0,64.0,84.0,0,3,0,3
C8R6_1736353442368_jpg.rf.ac6885ea84565330020ef4969bf00270.png,33,590.8,331.4,Normal,91.14,87.0,81.0,92.0,0,0,0,2
C8R6_1736353442368_jpg.rf.ac6885ea84565330020ef4969bf00270.png,34,98.6,438.1,Normal,115.74,109.0,106.0,118.0,0,0,0,4
C8R6_1736353442368_jpg.rf.ac6885ea84565330020ef4969bf00270.png,35,220.5,402.2,Normal,128.4,123.0,118.0,131.0,0,0,0,3
C8R6_1736353442368_jpg.rf.ac6885ea84565330020ef4969bf00270.png,36,246.5,423.1,Normal,148.15,144.0,133.0,147.0,0,4,0,3
C8R6_1736353442368_jpg.rf.ac6885ea84565330020ef4969bf00270.png,37,396.8,389.6,Normal,29.03,26.0,22.0,26.0,0,0,0,0
C8R6_1736353442368_jpg.rf.ac6885ea84565330020ef4969bf00270.png,38,417.5,419.3,Normal,147.67,143.0,139.0,155.0,4,8,4,7
C8R6_1736353442368_jpg.rf.ac6885ea84565330020ef4969bf00270.png,39,470.0,433.8,Sem Hipocótilo,9.52,10.0,7.0,13.0,0,0,0,3
C8R6_1736353442368_jpg.rf.ac6885ea84565330020ef4969bf00270.png,40,521.1,378.2,Sem Raiz,10.64,11.0,5.0,14.0,1,1,0,1
C8R6_1736353442368_jpg.rf.ac6885ea84565330020ef4969bf00270.png,41,527.7,433.8,Normal,88.23,86.0,82.0,97.0,0,0,0,3
C8R6_1736353442368_jpg.rf.ac6885ea84565330020ef4969bf00270.png,42,589.6,431.5,Normal,49.73,46.0,41.0,50.0,0,0,0,1
C8R6_1736353442368_jpg.rf.ac6885ea84565330020ef4969bf00270.png,43,138.0,442.8,Normal,33.21,29.0,22.0,37.0,0,0,0,4
C8R6_1736353442368_jpg.rf.ac6885ea84565330020ef4969bf00270.png,44,166.9,440.5,Normal,143.61,139.0,133.0,144.0,0,3,0,3
C8R6_1736353442368_jpg.rf.ac6885ea84565330020ef4969bf00270.png,45,192.3,458.8,Normal,151.54,139.0,132.0,144.0,0,0,0,4
C8R6_1736353442368_jpg.rf.ac6885ea84565330020ef4969bf00270.png,46,290.6,466.5,Normal,132.39,128.0,121.0,135.0,0,0,0,3
C8R6_1736353442368_jpg.rf.ac6885ea84565330020ef4969bf00270.png,47,312.9,446.0,Sem Raiz,42.63,42.0,39.0,46.0,0,0,0,1
C8R6_1736353442368_jpg.rf.ac6885ea84565330020ef4969bf00270.png,48,355.2,465.6,Normal,133.02,125.0,119.0,133.0,0,0,0,5
C8R6_1736353442368_jpg.rf.ac6885ea84565330020ef4969bf00270.png,49,490.8,510.5,Normal,169.16,158.0,149.0,166.0,0,0,0,4
C8R6_1736353442368_jpg.rf.ac6885ea84565330020ef4969bf00270.png,50,570.6,469.4,Normal,95.09,109.0,101.0,118.0,2,26,15,15
C8R7_1736353442352_jpg.rf.cbccedf0835790eb66b564652a78a9b6.png,1,156.0,187.5,Normal,112.97,108.0,102.0,120.0,0,0,0,6
C8R7_1736353442352_jpg.rf.cbccedf0835790eb66b564652a78a9b6.png,2,185.7,194.8,Normal,138.15,137.0,123.0,140.0,0,3,0,1
C8R7_1736353442352_jpg.rf.cbccedf0835790eb66b564652a78a9b6.png,3,218.5,194.3,Normal,64.59,59.0,52.0,64.0,0,0,0,3
C8R7_1736353442352_jpg.rf.cbccedf0835790eb66b564652a78a9b6.png,4,254.0,181.5,Normal,102.24,101.0,91.0,107.0,0,3,0,4
C8R7_1736353442352_jpg.rf.cbccedf0835790eb66b564652a78a9b6.png,5,324.6,166.0,Normal,42.23,40.0,34.0,49.0,0,0,0,7
C8R7_1736353442352_jpg.rf.cbccedf0835790eb66b564652a78a9b6.png,6,447.3,185.1,Normal,109.69,103.0,93.0,112.0,0,0,0,4
C8R7_1736353442352_jpg.rf.cbccedf0835790eb66b564652a78a9b6.png,7,522.8,166.0,Normal,38.38,36.0,27.0,47.0,0,0,0,5
C8R7_1736353442352_jpg.rf.cbccedf0835790eb66b564652a78a9b6.png,8,566.5,189.1,Normal,111.86,107.0,105.0,119.0,0,0,0,6
C8R7_1736353442352_jpg.rf.cbccedf0835790eb66b564652a78a9b6.png,9,119.7,201.3,Normal,65.95,68.0,57.0,75.0,0,3,0,7
C8R7_1736353442352_jpg.rf.cbccedf0835790eb66b564652a78a9b6.png,10,215.4,242.5,Sem Raiz,12.58,12.0,6.0,16.0,0,0,0,3
C8R7_1736353442352_jpg.rf.cbccedf0835790eb66b564652a78a9b6.png,11,274.1,231.6,Sem Hipocótilo,11.45,11.0,11.0,13.0,0,0,0,1
C8R7_1736353442352_jpg.rf.cbccedf0835790eb66b564652a78a9b6.png,12,303.0,210.0,Normal,103.85,99.0,92.0,103.0,0,0,0,3
C8R7_1736353442352_jpg.rf.cbccedf0835790eb66b564652a78a9b6.png,13,344.6,221.7,Normal,80.92,75.0,68.0,80.0,0,0,0,1
C8R7_1736353442352_jpg.rf.cbccedf0835790eb66b564652a78a9b6.png,14,384.9,224.1,Sem Raiz,27.67,26.0,25.0,26.0,0,0,0,0
C8R7_1736353442352_jpg.rf.cbccedf0835790eb66b564652a78a9b6.png,15,404.9,221.8,Normal,190.44,180.0,174.0,186.0,0,0,0,1
C8R7_1736353442352_jpg.rf.cbccedf0835790eb66b564652a78a9b6.png,16,474.0,208.5,Normal,125.47,124.0,116.0,132.0,0,3,0,5
C8R7_1736353442352_jpg.rf.cbccedf0835790eb66b564652a78a9b6.png,17,523.4,269.0,Normal,88.95,85.0,83.0,94.0,2,10,4,5
C8R7_1736353442352_jpg.rf.cbccedf0835790eb66b564652a78a9b6.png,18,109.5,284.2,Sem Hipocótilo,16.42,22.0,14.0,22.0,0,3,0,1
C8R7_1736353442352_jpg.rf.cbccedf0835790eb66b564652a78a9b6.png,19,118.8,352.3,Sem Hipocótilo,11.59,10.0,8.0,12.0,0,0,0,0
C8R7_1736353442352_jpg.rf.cbccedf0835790eb66b564652a78a9b6.png,20,161.3,334.5,Normal,106.79,109.0,105.0,118.0,0,6,6,8
C8R7_1736353442352_jpg.rf.cbccedf0835790eb66b564652a78a9b6.png,21,187.0,341.1,Normal,36.8,35.0,49.0,56.0,0,5,6,8
C8R7_1736353442352_jpg.rf.cbccedf0835790eb66b564652a78a9b6.png,22,215.5,314.3,Sem Hipocótilo,117.61,115.0,115.0,115.0,0,0,0,0
C8R7_1736353442352_jpg.rf.cbccedf0835790eb66b564652a78a9b6.png,23,236.0,338.6,Normal,88.17,82.0,71.0,86.0,0,4,0,1
C8R7_1736353442352_jpg.rf.cbccedf0835790eb66b564652a78a9b6.png,24,276.3,316.5,Normal,136.52,121.0,119.0,131.0,0,0,0,5
C8R7_1736353442352_jpg.rf.cbccedf0835790eb66b564652a78a9b6.png,25,323.0,291.4,Normal,74.83,66.0,57.0,71.0,0,0,0,1
C8R7_1736353442352_jpg.rf.cbccedf0835790eb66b564652a78a9b6.png,26,376.7,338.2,Normal,128.3,118.0,112.0,129.0,0,0,0,3
C8R7_1736353442352_jpg.rf.cbccedf0835790eb66b564652a78a9b6.png,27,408.7,349.2,Normal,93.7,84.0,75.0,88.0,0,3,0,1
C8R7_1736353442352_jpg.rf.cbccedf0835790eb66b564652a78a9b6.png,28,440.7,317.6,Normal,157.13,152.0,148.0,160.0,0,0,0,2
C8R7_1736353442352_jpg.rf.cbccedf0835790eb66b564652a78a9b6.png,29,460.7,302.9,Sem Raiz,29.36,27.0,27.0,31.0,0,0,0,1
C8R7_1736353442352_jpg.rf.cbccedf0835790eb66b564652a78a9b6.png,30,484.0,287.7,Normal,129.17,125.0,119.0,136.0,0,3,0,5
C8R7_1736353442352_jpg.rf.cbccedf0835790eb66b564652a78a9b6.png,31,503.2,325.0,Sem Raiz,35.41,30.0,27.0,32.0,0,0,0,3
C8R7_1736353442352_jpg.rf.cbccedf0835790eb66b564652a78a9b6.png,32,550.6,294.8,Normal,60.19,53.0,47.0,58.0,0,0,0,0
C8R7_1736353442352_jpg.rf.cbccedf0835790eb66b564652a78a9b6.png,33,584.6,328.8,Normal,114.03,103.0,99.0,113.0,0,0,0,1
C8R7_1736353442352_jpg.rf.cbccedf0835790eb66b564652a78a9b6.png,34,288.7,378.9,Sem Raiz,23.15,21.0,22.0,22.0,0,0,0,0
C8R7_1736353442352_jpg.rf.cbccedf0835790eb66b564652a78a9b6.png,35,337.9,422.4,Normal,107.19,100.0,96.0,108.0,0,0,0,1
C8R7_1736353442352_jpg.rf.cbccedf0835790eb66b564652a78a9b6.png,36,467.3,374.7,Sem Raiz,34.56,31.0,31.0,37.0,0,0,0,3
C8R7_1736353442352_jpg.rf.cbccedf0835790eb66b564652a78a9b6.png,37,498.4,436.8,Normal,159.21,152.0,143.0,158.0,0,0,0,1
C8R7_1736353442352_jpg.rf.cbccedf0835790eb66b564652a78a9b6.png,38,523.9,401.6,Normal,149.18,151.0,141.0,159.0,0,3,0,3
C8R7_1736353442352_jpg.rf.cbccedf0835790eb66b564652a78a9b6.png,39,566.7,408.9,Normal,101.86,94.0,90.0,102.0,0,3,0,5
C8R7_1736353442352_jpg.rf.cbccedf0835790eb66b564652a78a9b6.png,40,112.2,444.9,Normal,164.13,151.0,147.0,160.0,0,0,0,3
C8R7_1736353442352_jpg.rf.cbccedf0835790eb66b564652a78a9b6.png,41,161.3,445.1,Sem Raiz,28.23,26.0,23.0,28.0,0,0,0,0
C8R7_1736353442352_jpg.rf.cbccedf0835790eb66b564652a78a9b6.png,42,163.9,475.3,Sem Hipocótilo,22.95,21.0,20.0,23.0,0,0,0,1
C8R7_1736353442352_jpg.rf.cbccedf0835790eb66b564652a78a9b6.png,43,201.7,470.6,Normal,41.49,36.0,29.0,44.0,0,0,0,4
C8R7_1736353442352_jpg.rf.cbccedf0835790eb66b564652a78a9b6.png,44,237.9,478.1,Normal,129.35,137.0,130.0,144.0,3,3,0,4
C8R7_1736353442352_jpg.rf.cbccedf0835790eb66b564652a78a9b6.png,45,269.7,473.8,Normal,121.41,110.0,104.0,121.0,0,0,0,4
C8R7_1736353442352_jpg.rf.cbccedf0835790eb66b564652a78a9b6.png,46,294.6,460.4,Normal,41.79,50.0,38.0,53.0,0,4,0,3
C8R7_1736353442352_jpg.rf.cbccedf0835790eb66b564652a78a9b6.png,47,376.8,495.4,Normal,105.14,104.0,92.0,105.0,2,4,0,1
C8R7_1736353442352_jpg.rf.cbccedf0835790eb66b564652a78a9b6.png,48,411.4,445.9,Normal,45.16,41.0,32.0,48.0,0,0,0,3
C8R7_1736353442352_jpg.rf.cbccedf0835790eb66b564652a78a9b6.png,49,422.0,487.9,Sem Hipocótilo,29.02,26.0,27.0,27.0,0,0,0,0
C8R7_1736353442352_jpg.rf.cbccedf0835790eb66b564652a78a9b6.png,50,453.2,462.5,Normal,97.6,93.0,83.0,100.0,0,3,0,3
C8R7_1736353442352_jpg.rf.cbccedf0835790eb66b564652a78a9b6.png,51,535.1,484.5,Normal,108.7,101.0,95.0,109.0,0,0,0,6
C8R8_1736353442338_jpg.rf.70a8e561ef95f8693e46be9b19b7e5e6.png,1,107.9,168.1,Normal,56.19,53.0,50.0,59.0,0,0,0,1
C8R8_1736353442338_jpg.rf.70a8e561ef95f8693e46be9b19b7e5e6.png,2,259.7,197.4,Normal,78.79,78.0,69.0,85.0,5,5,0,3
C8R8_1736353442338_jpg.rf.70a8e561ef95f8693e46be9b19b7e5e6.png,3,430.8,177.5,Sem Raiz,18.4,16.0,14.0,19.0,0,0,0,0
C8R8_1736353442338_jpg.rf.70a8e561ef95f8693e46be9b19b7e5e6.png,4,457.9,158.4,Normal,44.61,40.0,37.0,47.0,0,0,0,3
C8R8_1736353442338_jpg.rf.70a8e561ef95f8693e46be9b19b7e5e6.png,5,559.6,196.6,Normal,165.26,158.0,153.0,163.0,0,3,0,8
C8R8_1736353442338_jpg.rf.70a8e561ef95f8693e46be9b19b7e5e6.png,6,590.6,175.2,Sem Hipocótilo,28.57,25.0,25.0,28.0,0,0,0,0
C8R8_1736353442338_jpg.rf.70a8e561ef95f8693e46be9b19b7e5e6.png,7,63.2,201.6,Normal,150.65,136.0,130.0,143.0,0,0,0,3
C8R8_1736353442338_jpg.rf.70a8e561ef95f8693e46be9b19b7e5e6.png,8,98.4,266.1,Normal,100.86,93.0,84.0,96.0,0,0,0,0
C8R8_1736353442338_jpg.rf.70a8e561ef95f8693e46be9b19b7e5e6.png,9,139.0,200.2,Normal,63.5,64.0,56.0,70.0,0,1,0,3
C8R8_1736353442338_jpg.rf.70a8e561ef95f8693e46be9b19b7e5e6.png,10,188.4,239.4,Normal,92.43,88.0,76.0,99.0,4,4,0,4
C8R8_1736353442338_jpg.rf.70a8e561ef95f8693e46be9b19b7e5e6.png,11,219.3,252.8,Normal,121.99,122.0,110.0,129.0,3,6,0,2
C8R8_1736353442338_jpg.rf.70a8e561ef95f8693e46be9b19b7e5e6.png,12,298.4,246.6,Normal,161.88,152.0,139.0,157.0,0,0,0,7
C8R8_1736353442338_jpg.rf.70a8e561ef95f8693e46be9b19b7e5e6.png,13,329.8,249.7,Normal,90.01,87.0,81.0,92.0,0,0,0,1
C8R8_1736353442338_jpg.rf.70a8e561ef95f8693e46be9b19b7e5e6.png,14,360.8,225.9,Normal,134.88,136.0,131.0,139.0,0,3,0,1
C8R8_1736353442338_jpg.rf.70a8e561ef95f8693e46be9b19b7e5e6.png,15,442.4,259.1,Sem Hipocótilo,125.92,118.0,118.0,124.0,0,0,0,1
C8R8_1736353442338_jpg.rf.70a8e561ef95f8693e46be9b19b7e5e6.png,16,486.2,241.7,Normal,150.81,144.0,137.0,151.0,0,3,0,6
C8R8_1736353442338_jpg.rf.70a8e561ef95f8693e46be9b19b7e5e6.png,17,526.5,225.2,Normal,69.62,58.0,58.0,68.0,0,0,0,1
C8R8_1736353442338_jpg.rf.70a8e561ef95f8693e46be9b19b7e5e6.png,18,60.1,348.4,Normal,139.67,128.0,124.0,142.0,0,0,0,9
C8R8_1736353442338_jpg.rf.70a8e561ef95f8693e46be9b19b7e5e6.png,19,129.6,334.4,Normal,19.87,18.0,18.0,27.0,0,0,0,1
C8R8_1736353442338_jpg.rf.70a8e561ef95f8693e46be9b19b7e5e6.png,20,163.9,286.2,Normal,107.09,97.0,92.0,105.0,0,0,0,5
C8R8_1736353442338_jpg.rf.70a8e561ef95f8693e46be9b19b7e5e6.png,21,241.9,299.3,Normal,110.89,116.0,113.0,122.0,0,3,3,3
C8R8_1736353442338_jpg.rf.70a8e561ef95f8693e46be9b19b7e5e6.png,22,272.5,302.1,Normal,87.11,77.0,73.0,89.0,0,0,0,6
C8R8_1736353442338_jpg.rf.70a8e561ef95f8693e46be9b19b7e5e6.png,23,321.3,328.6,Normal,52.2,46.0,40.0,52.0,0,0,0,4
C8R8_1736353442338_jpg.rf.70a8e561ef95f8693e46be9b19b7e5e6.png,24,383.5,280.4,Normal,121.0,125.0,114.0,129.0,0,8,0,7
C8R8_1736353442338_jpg.rf.70a8e561ef95f8693e46be9b19b7e5e6.png,25,407.6,307.9,Normal,81.85,82.0,75.0,91.0,0,1,0,4
C8R8_1736353442338_jpg.rf.70a8e561ef95f8693e46be9b19b7e5e6.png,26,511.5,359.9,Normal,155.81,143.0,138.0,153.0,0,0,0,4
C8R8_1736353442338_jpg.rf.70a8e561ef95f8693e46be9b19b7e5e6.png,27,544.3,338.7,Normal,118.15,110.0,105.0,121.0,0,0,0,6
C8R8_1736353442338_jpg.rf.70a8e561ef95f8693e46be9b19b7e5e6.png,28,584.4,291.9,Normal,162.93,146.0,143.0,152.0,0,0,0,3
C8R8_1736353442338_jpg.rf.70a8e561ef95f8693e46be9b19b7e5e6.png,29,594.4,356.1,Normal,136.32,130.0,125.0,138.0,0,0,0,1
C8R8_1736353442338_jpg.rf.70a8e561ef95f8693e46be9b19b7e5e6.png,30,97.9,392.7,Normal,119.41,114.0,108.0,117.0,0,0,0,0
C8R8_1736353442338_jpg.rf.70a8e561ef95f8693e46be9b19b7e5e6.png,31,126.9,407.7,Normal,65.33,58.0,53.0,63.0,0,0,0,1
C8R8_1736353442338_jpg.rf.70a8e561ef95f8693e46be9b19b7e5e6.png,32,183.2,378.9,Normal,118.77,108.0,99.0,111.0,0,0,0,0
C8R8_1736353442338_jpg.rf.70a8e561ef95f8693e46be9b19b7e5e6.png,33,237.9,430.5,Normal,110.08,102.0,100.0,107.0,0,0,0,0
C8R8_1736353442338_jpg.rf.70a8e561ef95f8693e46be9b19b7e5e6.png,34,268.8,418.0,Normal,158.07,149.0,140.0,154.0,1,6,0,7
C8R8_1736353442338_jpg.rf.70a8e561ef95f8693e46be9b19b7e5e6.png,35,314.5,426.8,Normal,124.98,122.0,119.0,130.0,0,0,0,7
C8R8_1736353442338_jpg.rf.70a8e561ef95f8693e46be9b19b7e5e6.png,36,380.2,432.2,Normal,179.02,166.0,155.0,176.0,0,0,0,6
C8R8_1736353442338_jpg.rf.70a8e561ef95f8693e46be9b19b7e5e6.png,37,429.3,387.6,Normal,103.18,93.0,83.0,101.0,0,0,0,6
C8R8_1736353442338_jpg.rf.70a8e561ef95f8693e46be9b19b7e5e6.png,38,465.1,370.1,Normal,104.82,100.0,94.0,112.0,0,0,0,5
C8R8_1736353442338_jpg.rf.70a8e561ef95f8693e46be9b19b7e5e6.png,39,86.6,492.3,Normal,101.42,97.0,96.0,109.0,0,0,0,6
C8R8_1736353442338_jpg.rf.70a8e561ef95f8693e46be9b19b7e5e6.png,40,143.5,440.5,Normal,30.95,29.0,23.0,33.0,0,0,0,3
C8R8_1736353442338_jpg.rf.70a8e561ef95f8693e46be9b19b7e5e6.png,41,160.6,495.5,Normal,55.08,52.0,50.0,55.0,2,4,1,1
C8R8_1736353442338_jpg.rf.70a8e561ef95f8693e46be9b19b7e5e6.png,42,209.7,468.3,Normal,153.15,145.0,134.0,153.0,0,3,0,3
C8R8_1736353442338_jpg.rf.70a8e561ef95f8693e46be9b19b7e5e6.png,43,281.5,505.1,Sem Hipocótilo,37.65,35.0,31.0,37.0,0,0,0,1
C8R8_1736353442338_jpg.rf.70a8e561ef95f8693e46be9b19b7e5e6.png,44,285.5,459.0,Sem Raiz,41.14,37.0,38.0,40.0,0,0,0,1
C8R8_1736353442338_jpg.rf.70a8e561ef95f8693e46be9b19b7e5e6.png,45,336.2,446.2,Sem Raiz,30.91,29.0,26.0,32.0,0,0,0,1
C8R8_1736353442338_jpg.rf.70a8e561ef95f8693e46be9b19b7e5e6.png,46,403.6,477.6,Normal,94.91,92.0,84.0,97.0,0,3,0,2
C8R8_1736353442338_jpg.rf.70a8e561ef95f8693e46be9b19b7e5e6.png,47,433.3,503.8,Normal,74.16,72.0,64.0,81.0,0,0,0,1
C8R8_1736353442338_jpg.rf.70a8e561ef95f8693e46be9b19b7e5e6.png,48,476.2,473.5,Normal,95.62,88.0,79.0,94.0,0,0,0,2
C8R8_1736353442338_jpg.rf.70a8e561ef95f8693e46be9b19b7e5e6.png,49,508.9,503.4,Normal,102.33,107.0,105.0,117.0,1,1,0,4
C8R8_1736353442338_jpg.rf.70a8e561ef95f8693e46be9b19b7e5e6.png,50,550.8,493.1,Normal,123.22,116.0,109.0,121.0,0,0,0,1
C8R8_1736353442338_jpg.rf.70a8e561ef95f8693e46be9b19b7e5e6.png,51,586.9,493.8,Normal,139.67,132.0,127.0,145.0,0,0,0,7
C8R9_1736353442321_jpg.rf.6686d25067b03a37e59f6e6375925c82.png,1,171.4,183.6,Normal,83.65,89.0,89.0,102.0,0,12,8,12
C8R9_1736353442321_jpg.rf.6686d25067b03a37e59f6e6375925c82.png,2,216.7,190.7,Sem Raiz,29.76,28.0,28.0,29.0,0,0,0,0
C8R9_1736353442321_jpg.rf.6686d25067b03a37e59f6e6375925c82.png,3,251.1,139.1,Sem Raiz,35.64,33.0,32.0,34.0,0,0,0,0
C8R9_1736353442321_jpg.rf.6686d25067b03a37e59f6e6375925c82.png,4,309.5,173.8,Normal,115.95,113.0,115.0,131.0,1,8,5,8
C8R9_1736353442321_jpg.rf.6686d25067b03a37e59f6e6375925c82.png,5,342.5,175.7,Normal,111.68,104.0,99.0,111.0,0,0,0,4
C8R9_1736353442321_jpg.rf.6686d25067b03a37e59f6e6375925c82.png,6,425.0,184.3,Normal,124.63,118.0,111.0,121.0,0,0,0,3
C8R9_1736353442321_jpg.rf.6686d25067b03a37e59f6e6375925c82.png,7,479.7,178.3,Normal,80.93,83.0,70.0,89.0,3,3,0,2
C8R9_1736353442321_jpg.rf.6686d25067b03a37e59f6e6375925c82.png,8,540.1,168.7,Normal,104.69,97.0,92.0,106.0,0,0,0,4
C8R9_1736353442321_jpg.rf.6686d25067b03a37e59f6e6375925c82.png,9,587.4,172.0,Normal,74.24,76.0,66.0,84.0,0,3,0,2
C8R9_1736353442321_jpg.rf.6686d25067b03a37e59f6e6375925c82.png,10,66.1,239.9,Normal,138.84,133.0,125.0,144.0,0,0,0,6
C8R9_1736353442321_jpg.rf.6686d25067b03a37e59f6e6375925c82.png,11,111.8,201.1,Normal,123.15,127.0,121.0,136.0,3,6,1,11
C8R9_1736353442321_jpg.rf.6686d25067b03a37e59f6e6375925c82.png,12,139.6,235.7,Normal,67.81,73.0,66.0,81.0,0,4,0,2
C8R9_1736353442321_jpg.rf.6686d25067b03a37e59f6e6375925c82.png,13,221.7,256.5,Sem Raiz,32.64,29.0,24.0,35.0,0,0,0,4
C8R9_1736353442321_jpg.rf.6686d25067b03a37e59f6e6375925c82.png,14,248.6,205.1,Sem Hipocótilo,92.4,87.0,87.0,89.0,0,0,0,3
C8R9_1736353442321_jpg.rf.6686d25067b03a37e59f6e6375925c82.png,15,279.6,260.8,Normal,97.06,93.0,90.0,100.0,0,0,0,2
C8R9_1736353442321_jpg.rf.6686d25067b03a37e59f6e6375925c82.png,16,357.3,263.6,Normal,108.04,101.0,100.0,111.0,0,0,0,3
C8R9_1736353442321_jpg.rf.6686d25067b03a37e59f6e6375925c82.png,17,401.7,239.9,Normal,136.07,129.0,123.0,136.0,0,0,0,4
C8R9_1736353442321_jpg.rf.6686d25067b03a37e59f6e6375925c82.png,18,457.0,224.9,Sem Raiz,16.64,16.0,15.0,20.0,0,0,0,2
C8R9_1736353442321_jpg.rf.6686d25067b03a37e59f6e6375925c82.png,19,507.6,266.8,Normal,188.48,175.0,165.0,180.0,0,0,0,1
C8R9_1736353442321_jpg.rf.6686d25067b03a37e59f6e6375925c82.png,20,566.3,242.3,Normal,48.39,44.0,39.0,46.0,0,0,0,1
C8R9_1736353442321_jpg.rf.6686d25067b03a37e59f6e6375925c82.png,21,94.9,333.7,Normal,42.79,38.0,33.0,46.0,0,0,0,2
C8R9_1736353442321_jpg.rf.6686d25067b03a37e59f6e6375925c82.png,22,146.1,318.7,Normal,96.11,93.0,84.0,101.0,3,3,0,4
C8R9_1736353442321_jpg.rf.6686d25067b03a37e59f6e6375925c82.png,23,219.7,327.7,Normal,42.27,39.0,35.0,44.0,0,0,0,4
C8R9_1736353442321_jpg.rf.6686d25067b03a37e59f6e6375925c82.png,24,250.0,313.5,Normal,94.84,92.0,85.0,99.0,4,4,0,6
C8R9_1736353442321_jpg.rf.6686d25067b03a37e59f6e6375925c82.png,25,311.4,288.4,Normal,42.19,39.0,31.0,44.0,0,0,0,3
C8R9_1736353442321_jpg.rf.6686d25067b03a37e59f6e6375925c82.png,26,416.1,283.7,Normal,28.74,32.0,24.0,37.0,0,3,0,1
C8R9_1736353442321_jpg.rf.6686d25067b03a37e59f6e6375925c82.png,27,481.4,344.2,Normal,173.28,165.0,162.0,169.0,0,0,0,0
C8R9_1736353442321_jpg.rf.6686d25067b03a37e59f6e6375925c82.png,28,535.8,310.1,Normal,83.21,82.0,70.0,87.0,3,3,0,1
C8R9_1736353442321_jpg.rf.6686d25067b03a37e59f6e6375925c82.png,29,575.2,343.6,Normal,134.14,124.0,117.0,127.0,0,0,0,1
C8R9_1736353442321_jpg.rf.6686d25067b03a37e59f6e6375925c82.png,30,61.9,420.6,Normal,146.5,141.0,133.0,151.0,0,0,0,5
C8R9_1736353442321_jpg.rf.6686d25067b03a37e59f6e6375925c82.png,31,92.4,414.6,Normal,37.39,41.0,31.0,48.0,0,4,0,2
C8R9_1736353442321_jpg.rf.6686d25067b03a37e59f6e6375925c82.png,32,177.4,378.6,Normal,76.71,68.0,60.0,73.0,0,0,0,2
C8R9_1736353442321_jpg.rf.6686d25067b03a37e59f6e6375925c82.png,33,216.4,433.7,Normal,85.52,81.0,72.0,86.0,0,0,0,4
C8R9_1736353442321_jpg.rf.6686d25067b03a37e59f6e6375925c82.png,34,346.9,400.3,Normal,114.73,109.0,105.0,114.0,0,0,0,1
C8R9_1736353442321_jpg.rf.6686d25067b03a37e59f6e6375925c82.png,35,413.4,387.2,Sem Raiz,16.49,18.0,13.0,22.0,0,4,0,3
C8R9_1736353442321_jpg.rf.6686d25067b03a37e59f6e6375925c82.png,36,430.0,409.3,Normal,156.2,147.0,144.0,154.0,0,0,0,4
C8R9_1736353442321_jpg.rf.6686d25067b03a37e59f6e6375925c82.png,37,455.0,366.5,Normal,161.63,157.0,151.0,166.0,3,3,0,2
C8R9_1736353442321_jpg.rf.6686d25067b03a37e59f6e6375925c82.png,38,521.2,408.0,Sem Hipocótilo,32.4,30.0,30.0,32.0,0,0,0,0
C8R9_1736353442321_jpg.rf.6686d25067b03a37e59f6e6375925c82.png,39,145.4,475.3,Sem Hipocótilo,53.03,49.0,46.0,50.0,0,0,0,0
C8R9_1736353442321_jpg.rf.6686d25067b03a37e59f6e6375925c82.png,40,186.8,492.8,Sem Hipocótilo,16.5,15.0,13.0,16.0,0,0,0,0
C8R9_1736353442321_jpg.rf.6686d25067b03a37e59f6e6375925c82.png,41,250.1,463.9,Normal,51.46,59.0,51.0,65.0,3,4,0,3
C8R9_1736353442321_jpg.rf.6686d25067b03a37e59f6e6375925c82.png,42,273.9,441.3,Normal,138.17,130.0,126.0,135.0,3,3,0,2
C8R9_1736353442321_jpg.rf.6686d25067b03a37e59f6e6375925c82.png,43,303.6,458.5,Normal,112.55,110.0,103.0,120.0,0,3,0,5
C8R9_1736353442321_jpg.rf.6686d25067b03a37e59f6e6375925c82.png,44,375.7,441.2,Normal,77.19,92.0,83.0,105.0,4,16,15,16
C8R9_1736353442321_jpg.rf.6686d25067b03a37e59f6e6375925c82.png,45,401.6,446.3,Sem Hipocótilo,91.65,90.0,88.0,97.0,0,0,0,1
C8R9_1736353442321_jpg.rf.6686d25067b03a37e59f6e6375925c82.png,46,470.6,480.5,Normal,73.98,70.0,65.0,77.0,0,0,0,2
C8R9_1736353442321_jpg.rf.6686d25067b03a37e59f6e6375925c82.png,47,549.6,478.5,Normal,150.91,146.0,144.0,158.0,0,0,0,5
C8R9_1736353442321_jpg.rf.6686d25067b03a37e59f6e6375925c82.png,48,584.8,476.7,Normal,124.87,117.0,110.0,121.0,0,0,0,3
C9-R10_jpg.rf.98c91a1c6f96ec95eb08651fb21df4cf.png,1,269.8,101.8,Sem Raiz,0.0,4.0,4.0,11.0,0,0,0,4
C9-R10_jpg.rf.98c91a1c6f96ec95eb08651fb21df4cf.png,2,379.3,115.8,Sem Raiz,8.48,9.0,8.0,12.0,0,0,0,1
C9-R10_jpg.rf.98c91a1c6f96ec95eb08651fb21df4cf.png,3,410.7,106.7,Sem Raiz,9.95,10.0,10.0,15.0,0,0,0,4
C9-R10_jpg.rf.98c91a1c6f96ec95eb08651fb21df4cf.png,4,119.1,137.7,Normal,94.19,89.0,82.0,94.0,0,0,0,4
C9-R10_jpg.rf.98c91a1c6f96ec95eb08651fb21df4cf.png,5,217.0,152.0,Normal,104.32,104.0,91.0,108.0,0,4,0,4
C9-R10_jpg.rf.98c91a1c6f96ec95eb08651fb21df4cf.png,6,272.0,156.4,Sem Hipocótilo,88.55,85.0,82.0,87.0,0,0,0,3
C9-R10_jpg.rf.98c91a1c6f96ec95eb08651fb21df4cf.png,7,337.8,163.5,Normal,124.76,119.0,113.0,122.0,0,0,0,2
C9-R10_jpg.rf.98c91a1c6f96ec95eb08651fb21df4cf.png,8,371.9,162.1,Sem Hipocótilo,75.21,72.0,72.0,75.0,0,0,0,3
C9-R10_jpg.rf.98c91a1c6f96ec95eb08651fb21df4cf.png,9,400.0,160.0,Sem Hipocótilo,87.31,85.0,85.0,88.0,0,0,0,1
C9-R10_jpg.rf.98c91a1c6f96ec95eb08651fb21df4cf.png,10,429.5,160.6,Normal,113.38,105.0,98.0,113.0,0,0,0,4
C9-R10_jpg.rf.98c91a1c6f96ec95eb08651fb21df4cf.png,11,492.1,140.1,Sem Hipocótilo,51.42,51.0,48.0,51.0,0,0,0,0
C9-R10_jpg.rf.98c91a1c6f96ec95eb08651fb21df4cf.png,12,538.4,128.8,Normal,37.69,35.0,29.0,44.0,0,0,0,4
C9-R10_jpg.rf.98c91a1c6f96ec95eb08651fb21df4cf.png,13,154.3,202.5,Normal,65.27,67.0,64.0,80.0,0,1,0,3
C9-R10_jpg.rf.98c91a1c6f96ec95eb08651fb21df4cf.png,14,191.8,242.3,Normal,86.13,83.0,76.0,86.0,1,1,0,1
C9-R10_jpg.rf.98c91a1c6f96ec95eb08651fb21df4cf.png,15,261.4,246.9,Normal,121.39,118.0,113.0,124.0,0,0,0,0
C9-R10_jpg.rf.98c91a1c6f96ec95eb08651fb21df4cf.png,16,283.5,229.0,Normal,86.28,80.0,75.0,86.0,0,0,0,3
C9-R10_jpg.rf.98c91a1c6f96ec95eb08651fb21df4cf.png,17,328.7,276.6,Normal,97.11,92.0,89.0,100.0,0,0,0,2
C9-R10_jpg.rf.98c91a1c6f96ec95eb08651fb21df4cf.png,18,354.9,253.5,Sem Hipocótilo,27.84,28.0,24.0,29.0,0,0,0,1
C9-R10_jpg.rf.98c91a1c6f96ec95eb08651fb21df4cf.png,19,362.2,225.2,Normal,30.21,28.0,15.0,35.0,0,0,0,2
C9-R10_jpg.rf.98c91a1c6f96ec95eb08651fb21df4cf.png,20,412.9,232.5,Sem Raiz,27.69,26.0,26.0,27.0,0,0,0,0
C9-R10_jpg.rf.98c91a1c6f96ec95eb08651fb21df4cf.png,21,457.4,235.7,Normal,92.08,89.0,84.0,96.0,0,4,0,4
C9-R10_jpg.rf.98c91a1c6f96ec95eb08651fb21df4cf.png,22,503.3,246.8,Sem Hipocótilo,76.63,73.0,71.0,77.0,0,0,0,1
C9-R10_jpg.rf.98c91a1c6f96ec95eb08651fb21df4cf.png,23,560.3,258.5,Sem Hipocótilo,94.08,85.0,82.0,87.0,0,0,0,1
C9-R10_jpg.rf.98c91a1c6f96ec95eb08651fb21df4cf.png,24,573.4,206.5,Sem Raiz,6.97,7.0,2.0,8.0,0,0,0,0
C9-R10_jpg.rf.98c91a1c6f96ec95eb08651fb21df4cf.png,25,101.8,316.0,Normal,68.46,63.0,60.0,69.0,0,0,0,3
C9-R10_jpg.rf.98c91a1c6f96ec95eb08651fb21df4cf.png,26,143.4,315.4,Normal,61.58,59.0,55.0,63.0,0,0,0,4
C9-R10_jpg.rf.98c91a1c6f96ec95eb08651fb21df4cf.png,27,166.5,332.2,Normal,80.52,77.0,68.0,84.0,0,0,0,4
C9-R10_jpg.rf.98c91a1c6f96ec95eb08651fb21df4cf.png,28,229.8,324.1,Normal,99.67,97.0,87.0,101.0,1,1,0,1
C9-R10_jpg.rf.98c91a1c6f96ec95eb08651fb21df4cf.png,29,287.9,358.4,Sem Hipocótilo,87.04,82.0,78.0,83.0,0,0,0,0
C9-R10_jpg.rf.98c91a1c6f96ec95eb08651fb21df4cf.png,30,290.0,299.0,Sem Raiz,12.38,11.0,11.0,13.0,0,0,0,1
C9-R10_jpg.rf.98c91a1c6f96ec95eb08651fb21df4cf.png,31,317.0,346.7,Sem Raiz,27.23,28.0,28.0,30.0,0,0,0,3
C9-R10_jpg.rf.98c91a1c6f96ec95eb08651fb21df4cf.png,32,354.6,354.6,Normal,141.84,131.0,130.0,144.0,0,0,0,9
C9-R10_jpg.rf.98c91a1c6f96ec95eb08651fb21df4cf.png,33,380.4,345.1,Normal,75.55,72.0,68.0,78.0,0,0,0,6
C9-R10_jpg.rf.98c91a1c6f96ec95eb08651fb21df4cf.png,34,410.4,300.8,Sem Hipocótilo,89.99,86.0,86.0,86.0,0,0,0,0
C9-R10_jpg.rf.98c91a1c6f96ec95eb08651fb21df4cf.png,35,442.0,353.0,Normal,126.91,122.0,120.0,130.0,0,0,0,1
C9-R10_jpg.rf.98c91a1c6f96ec95eb08651fb21df4cf.png,36,479.1,330.4,Normal,109.57,102.0,96.0,107.0,0,0,0,1
C9-R10_jpg.rf.98c91a1c6f96ec95eb08651fb21df4cf.png,37,528.9,338.2,Normal,99.53,102.0,94.0,102.0,0,2,0,1
C9-R10_jpg.rf.98c91a1c6f96ec95eb08651fb21df4cf.png,38,108.9,436.9,Normal,110.34,106.0,103.0,108.0,0,0,0,0
C9-R10_jpg.rf.98c91a1c6f96ec95eb08651fb21df4cf.png,39,164.8,431.7,Normal,86.3,79.0,74.0,86.0,0,0,0,3
C9-R10_jpg.rf.98c91a1c6f96ec95eb08651fb21df4cf.png,40,200.1,363.2,Normal,112.32,101.0,94.0,108.0,0,0,0,1
C9-R10_jpg.rf.98c91a1c6f96ec95eb08651fb21df4cf.png,41,260.0,397.6,Normal,144.62,141.0,138.0,152.0,0,0,0,5
C9-R10_jpg.rf.98c91a1c6f96ec95eb08651fb21df4cf.png,42,315.5,405.3,Sem Hipocótilo,77.19,75.0,75.0,76.0,0,0,0,0
C9-R10_jpg.rf.98c91a1c6f96ec95eb08651fb21df4cf.png,43,369.8,428.9,Normal,70.53,64.0,57.0,72.0,4,4,0,4
C9-R10_jpg.rf.98c91a1c6f96ec95eb08651fb21df4cf.png,44,418.7,373.6,Normal,92.08,80.0,73.0,87.0,0,0,0,5
C9-R10_jpg.rf.98c91a1c6f96ec95eb08651fb21df4cf.png,45,469.1,428.2,Normal,93.23,86.0,81.0,93.0,0,0,0,4
C9-R10_jpg.rf.98c91a1c6f96ec95eb08651fb21df4cf.png,46,567.1,429.2,Normal,137.84,132.0,131.0,136.0,0,0,0,2
C9-R10_jpg.rf.98c91a1c6f96ec95eb08651fb21df4cf.png,47,131.5,509.2,Normal,159.9,152.0,147.0,158.0,0,0,0,6
C9-R10_jpg.rf.98c91a1c6f96ec95eb08651fb21df4cf.png,48,219.4,516.1,Normal,126.32,126.0,121.0,132.0,0,4,3,5
C9-R10_jpg.rf.98c91a1c6f96ec95eb08651fb21df4cf.png,49,415.6,467.0,Normal,122.86,116.0,110.0,123.0,0,0,0,7
C9-R10_jpg.rf.98c91a1c6f96ec95eb08651fb21df4cf.png,50,449.4,479.0,Sem Raiz,7.46,8.0,4.0,10.0,0,0,0,0
C9-R10_jpg.rf.98c91a1c6f96ec95eb08651fb21df4cf.png,51,528.9,451.5,Normal,100.5,92.0,88.0,97.0,0,0,0,6
C9-R10_jpg.rf.98c91a1c6f96ec95eb08651fb21df4cf.png,52,172.1,553.9,Normal,102.27,98.0,91.0,109.0,0,0,0,3
C9-R10_jpg.rf.98c91a1c6f96ec95eb08651fb21df4cf.png,53,264.8,532.5,Normal,98.78,95.0,91.0,101.0,0,0,0,6
C9-R10_jpg.rf.98c91a1c6f96ec95eb08651fb21df4cf.png,54,310.5,523.4,Normal,138.71,123.0,119.0,126.0,0,0,0,1
C9-R10_jpg.rf.98c91a1c6f96ec95eb08651fb21df4cf.png,55,343.8,524.7,Normal,134.54,135.0,121.0,136.0,1,5,0,1
C9-R10_jpg.rf.98c91a1c6f96ec95eb08651fb21df4cf.png,56,395.2,527.5,Normal,113.61,114.0,104.0,117.0,0,3,0,2
C9-R10_jpg.rf.98c91a1c6f96ec95eb08651fb21df4cf.png,57,443.7,549.1,Sem Hipocótilo,107.95,111.0,105.0,112.0,0,3,0,1
C9-R10_jpg.rf.98c91a1c6f96ec95eb08651fb21df4cf.png,58,480.1,541.0,Normal,117.5,109.0,102.0,112.0,0,0,0,1
C9-R10_jpg.rf.98c91a1c6f96ec95eb08651fb21df4cf.png,59,515.6,538.2,Normal,54.88,49.0,45.0,59.0,0,0,0,5
C9-R1_jpg.rf.e2db13c97a48d931aee774f3c04f15ef.png,1,157.2,109.0,Normal,56.07,52.0,47.0,53.0,0,0,0,0
C9-R1_jpg.rf.e2db13c97a48d931aee774f3c04f15ef.png,2,541.7,114.6,Normal,77.82,72.0,64.0,75.0,0,0,0,2
C9-R1_jpg.rf.e2db13c97a48d931aee774f3c04f15ef.png,3,181.2,159.0,Normal,134.97,120.0,114.0,128.0,0,0,0,4
C9-R1_jpg.rf.e2db13c97a48d931aee774f3c04f15ef.png,4,224.1,131.7,Normal,54.6,54.0,48.0,61.0,3,3,0,4
C9-R1_jpg.rf.e2db13c97a48d931aee774f3c04f15ef.png,5,273.0,140.4,Normal,96.63,92.0,90.0,99.0,0,0,0,4
C9-R1_jpg.rf.e2db13c97a48d931aee774f3c04f15ef.png,6,306.5,148.3,Normal,151.18,140.0,139.0,145.0,0,0,0,1
C9-R1_jpg.rf.e2db13c97a48d931aee774f3c04f15ef.png,7,363.5,130.5,Normal,76.29,70.0,64.0,72.0,0,0,0,0
C9-R1_jpg.rf.e2db13c97a48d931aee774f3c04f15ef.png,8,391.8,145.5,Normal,88.72,77.0,75.0,82.0,0,0,0,1
C9-R1_jpg.rf.e2db13c97a48d931aee774f3c04f15ef.png,9,450.6,141.3,Normal,86.24,92.0,83.0,94.0,0,4,0,2
C9-R1_jpg.rf.e2db13c97a48d931aee774f3c04f15ef.png,10,490.9,134.8,Normal,98.82,96.0,90.0,104.0,0,0,0,7
C9-R1_jpg.rf.e2db13c97a48d931aee774f3c04f15ef.png,11,118.8,233.7,Normal,54.78,53.0,47.0,62.0,0,0,0,6
C9-R1_jpg.rf.e2db13c97a48d931aee774f3c04f15ef.png,12,207.4,245.5,Normal,69.04,60.0,53.0,66.0,0,0,0,4
C9-R1_jpg.rf.e2db13c97a48d931aee774f3c04f15ef.png,13,243.9,215.9,Normal,122.75,123.0,116.0,125.0,2,4,0,1
C9-R1_jpg.rf.e2db13c97a48d931aee774f3c04f15ef.png,14,277.9,239.0,Normal,67.31,62.0,57.0,64.0,0,0,0,1
C9-R1_jpg.rf.e2db13c97a48d931aee774f3c04f15ef.png,15,320.9,227.4,Normal,113.49,102.0,101.0,107.0,0,0,0,5
C9-R1_jpg.rf.e2db13c97a48d931aee774f3c04f15ef.png,16,363.7,250.0,Normal,70.43,64.0,59.0,69.0,0,0,0,1
C9-R1_jpg.rf.e2db13c97a48d931aee774f3c04f15ef.png,17,419.6,261.5,Normal,133.11,129.0,125.0,134.0,0,0,0,6
C9-R1_jpg.rf.e2db13c97a48d931aee774f3c04f15ef.png,18,454.7,251.6,Normal,77.03,69.0,65.0,78.0,0,0,0,2
C9-R1_jpg.rf.e2db13c97a48d931aee774f3c04f15ef.png,19,505.5,244.0,Sem Hipocótilo,24.69,21.0,18.0,21.0,0,0,0,0
C9-R1_jpg.rf.e2db13c97a48d931aee774f3c04f15ef.png,20,526.2,216.1,Sem Raiz,39.14,35.0,33.0,40.0,0,0,0,1
C9-R1_jpg.rf.e2db13c97a48d931aee774f3c04f15ef.png,21,584.7,239.2,Normal,90.94,86.0,79.0,92.0,0,0,0,4
C9-R1_jpg.rf.e2db13c97a48d931aee774f3c04f15ef.png,22,128.1,310.7,Sem Raiz,17.36,16.0,13.0,20.0,0,0,0,1
C9-R1_jpg.rf.e2db13c97a48d931aee774f3c04f15ef.png,23,162.1,350.4,Normal,95.23,90.0,79.0,95.0,3,3,0,5
C9-R1_jpg.rf.e2db13c97a48d931aee774f3c04f15ef.png,24,253.5,335.0,Normal,107.69,97.0,92.0,106.0,0,0,0,1
C9-R1_jpg.rf.e2db13c97a48d931aee774f3c04f15ef.png,25,276.9,334.2,Sem Hipocótilo,48.91,48.0,44.0,48.0,0,0,0,0
C9-R1_jpg.rf.e2db13c97a48d931aee774f3c04f15ef.png,26,279.8,287.7,Sem Raiz,21.23,18.0,19.0,32.0,0,4,3,9
C9-R1_jpg.rf.e2db13c97a48d931aee774f3c04f15ef.png,27,342.7,320.3,Normal,111.92,102.0,98.0,105.0,0,0,0,3
C9-R1_jpg.rf.e2db13c97a48d931aee774f3c04f15ef.png,28,400.5,316.8,Normal,129.08,133.0,121.0,136.0,0,4,0,2
C9-R1_jpg.rf.e2db13c97a48d931aee774f3c04f15ef.png,29,475.0,354.6,Normal,109.14,103.0,99.0,109.0,0,0,0,1
C9-R1_jpg.rf.e2db13c97a48d931aee774f3c04f15ef.png,30,506.9,345.4,Normal,133.52,126.0,123.0,131.0,0,0,0,3
C9-R1_jpg.rf.e2db13c97a48d931aee774f3c04f15ef.png,31,543.6,308.4,Normal,67.89,61.0,56.0,66.0,0,0,0,3
C9-R1_jpg.rf.e2db13c97a48d931aee774f3c04f15ef.png,32,120.1,361.0,Sem Hipocótilo,57.51,53.0,50.0,54.0,0,0,0,0
C9-R1_jpg.rf.e2db13c97a48d931aee774f3c04f15ef.png,33,171.7,423.8,Normal,69.51,64.0,60.0,71.0,0,0,0,1
C9-R1_jpg.rf.e2db13c97a48d931aee774f3c04f15ef.png,34,297.9,426.8,Normal,88.05,78.0,72.0,83.0,0,0,0,3
C9-R1_jpg.rf.e2db13c97a48d931aee774f3c04f15ef.png,35,323.8,427.5,Normal,86.91,81.0,76.0,86.0,0,0,0,3
C9-R1_jpg.rf.e2db13c97a48d931aee774f3c04f15ef.png,36,372.3,417.5,Sem Hipocótilo,4.53,5.0,1.0,12.0,0,0,0,1
C9-R1_jpg.rf.e2db13c97a48d931aee774f3c04f15ef.png,37,380.0,365.1,Normal,51.17,49.0,46.0,50.0,0,0,0,0
C9-R1_jpg.rf.e2db13c97a48d931aee774f3c04f15ef.png,38,434.4,404.7,Normal,117.86,115.0,113.0,123.0,0,0,0,7
C9-R1_jpg.rf.e2db13c97a48d931aee774f3c04f15ef.png,39,457.6,434.3,Normal,102.39,89.0,85.0,95.0,0,0,0,7
C9-R1_jpg.rf.e2db13c97a48d931aee774f3c04f15ef.png,40,538.9,415.5,Normal,75.96,73.0,67.0,76.0,1,3,0,1
C9-R1_jpg.rf.e2db13c97a48d931aee774f3c04f15ef.png,41,136.4,445.0,Normal,105.11,102.0,95.0,107.0,0,0,0,2
C9-R1_jpg.rf.e2db13c97a48d931aee774f3c04f15ef.png,42,233.3,441.3,Normal,99.62,102.0,96.0,114.0,2,4,0,7
C9-R1_jpg.rf.e2db13c97a48d931aee774f3c04f15ef.png,43,282.9,518.7,Normal,87.69,85.0,78.0,86.0,0,0,0,0
C9-R1_jpg.rf.e2db13c97a48d931aee774f3c04f15ef.png,44,298.4,500.6,Sem Raiz,17.14,15.0,14.0,17.0,0,0,0,0
C9-R1_jpg.rf.e2db13c97a48d931aee774f3c04f15ef.png,45,476.1,448.3,Sem Hipocótilo,17.52,18.0,16.0,18.0,0,0,0,0
C9-R1_jpg.rf.e2db13c97a48d931aee774f3c04f15ef.png,46,145.0,570.3,Normal,90.86,89.0,83.0,96.0,3,3,0,7
C9-R1_jpg.rf.e2db13c97a48d931aee774f3c04f15ef.png,47,174.4,520.1,Normal,63.92,59.0,52.0,63.0,0,0,0,1
C9-R1_jpg.rf.e2db13c97a48d931aee774f3c04f15ef.png,48,214.6,550.0,Normal,114.87,113.0,102.0,122.0,0,4,0,4
C9-R1_jpg.rf.e2db13c97a48d931aee774f3c04f15ef.png,49,306.0,570.5,Normal,131.23,125.0,116.0,126.0,0,0,0,0
C9-R1_jpg.rf.e2db13c97a48d931aee774f3c04f15ef.png,50,370.0,530.6,Normal,74.74,73.0,69.0,80.0,0,8,3,8
C9-R1_jpg.rf.e2db13c97a48d931aee774f3c04f15ef.png,51,404.6,556.4,Normal,133.4,127.0,123.0,137.0,0,0,0,3
C9-R1_jpg.rf.e2db13c97a48d931aee774f3c04f15ef.png,52,435.4,553.6,Normal,126.55,109.0,102.0,113.0,0,0,0,1
C9-R1_jpg.rf.e2db13c97a48d931aee774f3c04f15ef.png,53,497.5,552.2,Normal,112.44,102.0,99.0,108.0,0,0,0,3
C9-R1_jpg.rf.e2db13c97a48d931aee774f3c04f15ef.png,54,548.1,553.0,Normal,116.48,107.0,102.0,119.0,0,1,0,4
C9-R2_jpg.rf.b3a7cf8008d499f2b42b2890a39317b5.png,1,415.6,106.6,Sem Raiz,10.84,9.0,6.0,10.0,0,0,0,0
C9-R2_jpg.rf.b3a7cf8008d499f2b42b2890a39317b5.png,2,138.1,160.6,Normal,108.07,102.0,96.0,110.0,0,0,0,3
C9-R2_jpg.rf.b3a7cf8008d499f2b42b2890a39317b5.png,3,183.9,147.2,Normal,102.63,99.0,94.0,106.0,0,0,0,5
C9-R2_jpg.rf.b3a7cf8008d499f2b42b2890a39317b5.png,4,214.9,137.7,Normal,96.65,104.0,98.0,108.0,4,4,0,6
C9-R2_jpg.rf.b3a7cf8008d499f2b42b2890a39317b5.png,5,273.3,167.4,Normal,97.21,102.0,92.0,105.0,0,4,0,3
C9-R2_jpg.rf.b3a7cf8008d499f2b42b2890a39317b5.png,6,341.9,160.5,Normal,81.29,80.0,79.0,92.0,0,0,0,5
C9-R2_jpg.rf.b3a7cf8008d499f2b42b2890a39317b5.png,7,376.4,153.1,Normal,104.41,98.0,96.0,105.0,0,0,0,3
C9-R2_jpg.rf.b3a7cf8008d499f2b42b2890a39317b5.png,8,426.1,157.8,Sem Hipocótilo,81.42,76.0,74.0,76.0,0,0,0,0
C9-R2_jpg.rf.b3a7cf8008d499f2b42b2890a39317b5.png,9,447.9,148.3,Normal,72.65,65.0,59.0,68.0,0,0,0,1
C9-R2_jpg.rf.b3a7cf8008d499f2b42b2890a39317b5.png,10,484.5,148.9,Normal,75.94,68.0,60.0,75.0,0,3,0,3
C9-R2_jpg.rf.b3a7cf8008d499f2b42b2890a39317b5.png,11,539.0,165.3,Sem Hipocótilo,60.8,59.0,55.0,59.0,0,0,0,0
C9-R2_jpg.rf.b3a7cf8008d499f2b42b2890a39317b5.png,12,546.3,120.8,Sem Raiz,10.64,9.0,4.0,11.0,0,0,0,0
C9-R2_jpg.rf.b3a7cf8008d499f2b42b2890a39317b5.png,13,208.2,237.2,Sem Hipocótilo,28.3,27.0,22.0,32.0,0,0,0,1
C9-R2_jpg.rf.b3a7cf8008d499f2b42b2890a39317b5.png,14,251.5,240.2,Normal,122.3,118.0,113.0,122.0,1,1,0,2
C9-R2_jpg.rf.b3a7cf8008d499f2b42b2890a39317b5.png,15,319.2,250.7,Sem Hipocótilo,80.98,74.0,70.0,76.0,0,0,0,0
C9-R2_jpg.rf.b3a7cf8008d499f2b42b2890a39317b5.png,16,349.8,273.8,Normal,135.89,126.0,120.0,129.0,0,0,0,0
C9-R2_jpg.rf.b3a7cf8008d499f2b42b2890a39317b5.png,17,383.3,256.0,Normal,88.29,72.0,68.0,77.0,0,0,0,1
C9-R2_jpg.rf.b3a7cf8008d499f2b42b2890a39317b5.png,18,412.5,249.8,Sem Hipocótilo,51.43,51.0,48.0,53.0,0,0,0,3
C9-R2_jpg.rf.b3a7cf8008d499f2b42b2890a39317b5.png,19,424.2,215.4,Sem Raiz,10.46,11.0,6.0,16.0,0,0,0,1
C9-R2_jpg.rf.b3a7cf8008d499f2b42b2890a39317b5.png,20,450.1,237.8,Normal,75.88,80.0,74.0,79.0,0,4,0,1
C9-R2_jpg.rf.b3a7cf8008d499f2b42b2890a39317b5.png,21,482.7,256.5,Sem Hipocótilo,55.26,50.0,50.0,50.0,0,0,0,0
C9-R2_jpg.rf.b3a7cf8008d499f2b42b2890a39317b5.png,22,493.0,211.8,Sem Raiz,16.38,15.0,14.0,15.0,0,0,0,0
C9-R2_jpg.rf.b3a7cf8008d499f2b42b2890a39317b5.png,23,564.3,276.4,Normal,117.33,109.0,100.0,117.0,0,0,0,4
C9-R2_jpg.rf.b3a7cf8008d499f2b42b2890a39317b5.png,24,117.6,289.7,Normal,132.27,125.0,115.0,132.0,0,0,0,2
C9-R2_jpg.rf.b3a7cf8008d499f2b42b2890a39317b5.png,25,152.6,335.0,Normal,109.22,103.0,101.0,113.0,0,0,0,9
C9-R2_jpg.rf.b3a7cf8008d499f2b42b2890a39317b5.png,26,179.8,304.2,Normal,127.57,120.0,114.0,126.0,0,0,0,5
C9-R2_jpg.rf.b3a7cf8008d499f2b42b2890a39317b5.png,27,225.7,341.3,Normal,102.91,98.0,93.0,106.0,0,0,0,7
C9-R2_jpg.rf.b3a7cf8008d499f2b42b2890a39317b5.png,28,276.2,331.1,Normal,85.02,72.0,69.0,76.0,0,0,0,0
C9-R2_jpg.rf.b3a7cf8008d499f2b42b2890a39317b5.png,29,388.6,342.0,Normal,59.37,56.0,55.0,63.0,0,5,3,7
C9-R2_jpg.rf.b3a7cf8008d499f2b42b2890a39317b5.png,30,429.9,333.6,Normal,105.16,104.0,100.0,106.0,0,0,0,1
C9-R2_jpg.rf.b3a7cf8008d499f2b42b2890a39317b5.png,31,458.0,338.9,Normal,70.12,63.0,53.0,67.0,0,0,0,2
C9-R2_jpg.rf.b3a7cf8008d499f2b42b2890a39317b5.png,32,486.0,323.2,Normal,59.8,52.0,47.0,61.0,0,0,0,4
C9-R2_jpg.rf.b3a7cf8008d499f2b42b2890a39317b5.png,33,523.0,343.8,Normal,51.08,48.0,43.0,59.0,0,0,0,6
C9-R2_jpg.rf.b3a7cf8008d499f2b42b2890a39317b5.png,34,135.7,438.4,Normal,129.34,125.0,115.0,128.0,0,0,0,1
C9-R2_jpg.rf.b3a7cf8008d499f2b42b2890a39317b5.png,35,195.0,416.6,Normal,92.05,89.0,80.0,95.0,0,5,0,4
C9-R2_jpg.rf.b3a7cf8008d499f2b42b2890a39317b5.png,36,272.1,434.9,Normal,72.21,69.0,65.0,77.0,0,0,0,2
C9-R2_jpg.rf.b3a7cf8008d499f2b42b2890a39317b5.png,37,319.2,436.9,Normal,64.21,57.0,53.0,60.0,0,0,0,0
C9-R2_jpg.rf.b3a7cf8008d499f2b42b2890a39317b5.png,38,330.8,360.1,Normal,110.16,106.0,96.0,107.0,3,3,0,1
C9-R2_jpg.rf.b3a7cf8008d499f2b42b2890a39317b5.png,39,380.0,401.2,Sem Raiz,28.9,28.0,28.0,32.0,0,0,0,1
C9-R2_jpg.rf.b3a7cf8008d499f2b42b2890a39317b5.png,40,421.6,393.4,Sem Raiz,8.45,8.0,6.0,13.0,0,0,0,1
C9-R2_jpg.rf.b3a7cf8008d499f2b42b2890a39317b5.png,41,172.2,514.8,Normal,72.28,67.0,61.0,70.0,0,0,0,1
C9-R2_jpg.rf.b3a7cf8008d499f2b42b2890a39317b5.png,42,245.7,452.2,Normal,118.4,115.0,109.0,123.0,0,0,0,9
C9-R2_jpg.rf.b3a7cf8008d499f2b42b2890a39317b5.png,43,363.1,450.8,Sem Hipocótilo,66.75,60.0,55.0,62.0,0,0,0,1
C9-R2_jpg.rf.b3a7cf8008d499f2b42b2890a39317b5.png,44,409.8,447.9,Sem Hipocótilo,82.65,80.0,78.0,80.0,0,0,0,0
C9-R2_jpg.rf.b3a7cf8008d499f2b42b2890a39317b5.png,45,444.8,453.0,Normal,131.01,123.0,119.0,125.0,0,1,0,1
C9-R2_jpg.rf.b3a7cf8008d499f2b42b2890a39317b5.png,46,478.7,461.9,Normal,90.64,92.0,81.0,97.0,0,7,0,4
C9-R2_jpg.rf.b3a7cf8008d499f2b42b2890a39317b5.png,47,535.7,441.9,Normal,67.72,66.0,65.0,70.0,0,0,0,1
C9-R2_jpg.rf.b3a7cf8008d499f2b42b2890a39317b5.png,48,225.5,541.4,Normal,131.81,125.0,123.0,135.0,0,0,0,7
C9-R2_jpg.rf.b3a7cf8008d499f2b42b2890a39317b5.png,49,254.5,545.9,Normal,72.74,67.0,59.0,76.0,0,0,0,5
C9-R2_jpg.rf.b3a7cf8008d499f2b42b2890a39317b5.png,50,282.7,543.8,Normal,125.24,118.0,114.0,120.0,0,0,0,1
C9-R2_jpg.rf.b3a7cf8008d499f2b42b2890a39317b5.png,51,332.2,543.3,Normal,110.13,115.0,112.0,132.0,3,17,9,13
C9-R2_jpg.rf.b3a7cf8008d499f2b42b2890a39317b5.png,52,386.3,527.7,Normal,101.73,92.0,90.0,100.0,0,0,0,7
C9-R2_jpg.rf.b3a7cf8008d499f2b42b2890a39317b5.png,53,432.0,561.5,Normal,89.88,73.0,67.0,82.0,0,0,0,7
C9-R2_jpg.rf.b3a7cf8008d499f2b42b2890a39317b5.png,54,489.2,540.7,Normal,111.84,104.0,97.0,110.0,0,0,0,4
C9-R2_jpg.rf.b3a7cf8008d499f2b42b2890a39317b5.png,55,532.5,547.1,Normal,90.63,83.0,80.0,92.0,0,0,0,4
C9-R3_jpg.rf.35b2c63a0ec231450d48c05d4499cb34.png,1,307.2,99.9,Sem Raiz,16.42,15.0,14.0,23.0,0,0,0,4
C9-R3_jpg.rf.35b2c63a0ec231450d48c05d4499cb34.png,2,465.2,116.7,Normal,42.42,50.0,43.0,53.0,4,7,0,6
C9-R3_jpg.rf.35b2c63a0ec231450d48c05d4499cb34.png,3,115.7,171.9,Normal,98.15,95.0,91.0,98.0,0,0,0,2
C9-R3_jpg.rf.35b2c63a0ec231450d48c05d4499cb34.png,4,189.5,199.0,Normal,174.18,171.0,156.0,177.0,3,7,0,6
C9-R3_jpg.rf.35b2c63a0ec231450d48c05d4499cb34.png,5,225.6,138.0,Normal,67.09,63.0,58.0,67.0,0,0,0,1
C9-R3_jpg.rf.35b2c63a0ec231450d48c05d4499cb34.png,6,253.8,147.0,Normal,86.23,91.0,87.0,99.0,0,1,0,9
C9-R3_jpg.rf.35b2c63a0ec231450d48c05d4499cb34.png,7,320.9,150.0,Sem Hipocótilo,75.32,73.0,70.0,77.0,0,0,0,1
C9-R3_jpg.rf.35b2c63a0ec231450d48c05d4499cb34.png,8,351.9,130.6,Normal,93.27,87.0,79.0,91.0,0,0,0,2
C9-R3_jpg.rf.35b2c63a0ec231450d48c05d4499cb34.png,9,383.3,139.7,Normal,90.62,86.0,83.0,92.0,0,0,0,4
C9-R3_jpg.rf.35b2c63a0ec231450d48c05d4499cb34.png,10,417.5,142.6,Normal,100.85,95.0,90.0,99.0,3,3,0,2
C9-R3_jpg.rf.35b2c63a0ec231450d48c05d4499cb34.png,11,520.0,143.8,Normal,70.17,69.0,64.0,74.0,0,0,0,2
C9-R3_jpg.rf.35b2c63a0ec231450d48c05d4499cb34.png,12,149.6,235.1,Normal,95.22,95.0,90.0,98.0,0,1,0,3
C9-R3_jpg.rf.35b2c63a0ec231450d48c05d4499cb34.png,13,217.6,223.4,Normal,80.16,76.0,72.0,83.0,0,0,0,2
C9-R3_jpg.rf.35b2c63a0ec231450d48c05d4499cb34.png,14,269.6,244.5,Normal,117.04,107.0,104.0,110.0,0,0,0,3
C9-R3_jpg.rf.35b2c63a0ec231450d48c05d4499cb34.png,15,299.7,238.4,Normal,103.32,96.0,91.0,98.0,0,0,0,0
C9-R3_jpg.rf.35b2c63a0ec231450d48c05d4499cb34.png,16,366.2,251.5,Normal,93.02,85.0,75.0,90.0,0,0,0,3
C9-R3_jpg.rf.35b2c63a0ec231450d48c05d4499cb34.png,17,395.6,242.4,Normal,61.13,62.0,52.0,64.0,0,3,0,1
C9-R3_jpg.rf.35b2c63a0ec231450d48c05d4499cb34.png,18,443.6,220.0,Normal,99.14,95.0,89.0,102.0,4,4,0,7
C9-R3_jpg.rf.35b2c63a0ec231450d48c05d4499cb34.png,19,473.6,233.6,Normal,83.47,76.0,72.0,78.0,0,0,0,3
C9-R3_jpg.rf.35b2c63a0ec231450d48c05d4499cb34.png,20,529.3,238.2,Normal,69.24,64.0,63.0,77.0,0,0,0,6
C9-R3_jpg.rf.35b2c63a0ec231450d48c05d4499cb34.png,21,107.1,343.4,Normal,132.77,127.0,120.0,130.0,0,0,0,1
C9-R3_jpg.rf.35b2c63a0ec231450d48c05d4499cb34.png,22,183.3,311.7,Sem Raiz,8.0,8.0,7.0,10.0,0,0,0,0
C9-R3_jpg.rf.35b2c63a0ec231450d48c05d4499cb34.png,23,187.9,358.4,Sem Hipocótilo,65.79,65.0,62.0,70.0,0,0,0,3
C9-R3_jpg.rf.35b2c63a0ec231450d48c05d4499cb34.png,24,213.6,325.3,Normal,83.21,81.0,76.0,84.0,0,0,0,1
C9-R3_jpg.rf.35b2c63a0ec231450d48c05d4499cb34.png,25,258.4,331.4,Normal,102.92,98.0,95.0,104.0,0,0,0,1
C9-R3_jpg.rf.35b2c63a0ec231450d48c05d4499cb34.png,26,302.2,290.0,Sem Raiz,16.81,15.0,13.0,18.0,0,0,0,1
C9-R3_jpg.rf.35b2c63a0ec231450d48c05d4499cb34.png,27,337.5,311.9,Normal,96.06,92.0,85.0,98.0,0,0,0,2
C9-R3_jpg.rf.35b2c63a0ec231450d48c05d4499cb34.png,28,390.6,313.1,Sem Hipocótilo,16.91,15.0,13.0,17.0,0,0,0,0
C9-R3_jpg.rf.35b2c63a0ec231450d48c05d4499cb34.png,29,428.3,328.2,Normal,79.59,76.0,80.0,98.0,0,11,5,10
C9-R3_jpg.rf.35b2c63a0ec231450d48c05d4499cb34.png,30,467.2,324.3,Normal,48.25,41.0,38.0,47.0,0,0,0,1
C9-R3_jpg.rf.35b2c63a0ec231450d48c05d4499cb34.png,31,538.2,345.8,Normal,55.75,55.0,48.0,58.0,0,0,0,1
C9-R3_jpg.rf.35b2c63a0ec231450d48c05d4499cb34.png,32,166.2,418.8,Normal,60.16,61.0,54.0,68.0,0,3,0,3
C9-R3_jpg.rf.35b2c63a0ec231450d48c05d4499cb34.png,33,202.8,399.4,Normal,82.44,81.0,76.0,86.0,0,0,0,4
C9-R3_jpg.rf.35b2c63a0ec231450d48c05d4499cb34.png,34,299.4,425.3,Normal,89.83,89.0,79.0,94.0,0,0,0,1
C9-R3_jpg.rf.35b2c63a0ec231450d48c05d4499cb34.png,35,325.1,434.8,Normal,127.39,127.0,117.0,129.0,1,4,0,2
C9-R3_jpg.rf.35b2c63a0ec231450d48c05d4499cb34.png,36,368.1,430.1,Sem Hipocótilo,41.64,39.0,34.0,40.0,0,0,0,0
C9-R3_jpg.rf.35b2c63a0ec231450d48c05d4499cb34.png,37,401.3,411.6,Normal,88.58,86.0,80.0,91.0,0,1,0,2
C9-R3_jpg.rf.35b2c63a0ec231450d48c05d4499cb34.png,38,459.9,419.4,Normal,82.15,84.0,85.0,91.0,0,3,3,5
C9-R3_jpg.rf.35b2c63a0ec231450d48c05d4499cb34.png,39,496.8,423.6,Normal,103.14,98.0,92.0,104.0,0,0,0,1
C9-R3_jpg.rf.35b2c63a0ec231450d48c05d4499cb34.png,40,109.2,513.2,Normal,90.08,79.0,76.0,89.0,0,0,0,2
C9-R3_jpg.rf.35b2c63a0ec231450d48c05d4499cb34.png,41,216.8,503.9,Normal,134.9,128.0,121.0,132.0,2,8,6,2
C9-R3_jpg.rf.35b2c63a0ec231450d48c05d4499cb34.png,42,349.8,516.2,Normal,29.44,30.0,29.0,36.0,0,0,0,4
C9-R3_jpg.rf.35b2c63a0ec231450d48c05d4499cb34.png,43,392.5,488.0,Sem Raiz,9.46,10.0,6.0,12.0,0,0,0,0
C9-R3_jpg.rf.35b2c63a0ec231450d48c05d4499cb34.png,44,430.9,519.8,Normal,98.34,92.0,84.0,97.0,0,0,0,0
C9-R3_jpg.rf.35b2c63a0ec231450d48c05d4499cb34.png,45,157.4,524.4,Normal,65.0,63.0,57.0,68.0,0,4,0,2
C9-R3_jpg.rf.35b2c63a0ec231450d48c05d4499cb34.png,46,182.2,533.0,Normal,104.71,101.0,95.0,106.0,3,3,0,4
C9-R3_jpg.rf.35b2c63a0ec231450d48c05d4499cb34.png,47,240.1,523.3,Normal,83.26,79.0,72.0,82.0,0,0,0,2
C9-R3_jpg.rf.35b2c63a0ec231450d48c05d4499cb34.png,48,282.9,543.1,Normal,128.45,118.0,113.0,125.0,0,0,0,2
C9-R3_jpg.rf.35b2c63a0ec231450d48c05d4499cb34.png,49,328.1,548.5,Normal,54.39,52.0,46.0,57.0,0,0,0,4
C9-R3_jpg.rf.35b2c63a0ec231450d48c05d4499cb34.png,50,395.9,522.2,Sem Hipocótilo,39.46,37.0,33.0,39.0,0,0,0,1
C9-R3_jpg.rf.35b2c63a0ec231450d48c05d4499cb34.png,51,476.5,521.2,Normal,72.27,70.0,60.0,76.0,0,3,0,4
C9-R3_jpg.rf.35b2c63a0ec231450d48c05d4499cb34.png,52,529.6,533.0,Normal,115.9,110.0,105.0,118.0,0,0,0,3
C9-R4_jpg.rf.84e2f94816f6ee4fea076fa7fa562e68.png,1,446.0,101.2,Sem Raiz,4.52,5.0,3.0,11.0,0,0,0,2
C9-R4_jpg.rf.84e2f94816f6ee4fea076fa7fa562e68.png,2,132.9,123.4,Normal,51.32,54.0,42.0,58.0,2,2,0,6
C9-R4_jpg.rf.84e2f94816f6ee4fea076fa7fa562e68.png,3,177.1,144.2,Normal,120.27,127.0,117.0,138.0,4,4,0,9
C9-R4_jpg.rf.84e2f94816f6ee4fea076fa7fa562e68.png,4,213.4,181.2,Normal,131.45,125.0,123.0,132.0,0,0,0,2
C9-R4_jpg.rf.84e2f94816f6ee4fea076fa7fa562e68.png,5,240.7,158.8,Normal,90.72,88.0,79.0,92.0,0,0,0,2
C9-R4_jpg.rf.84e2f94816f6ee4fea076fa7fa562e68.png,6,276.3,168.7,Normal,107.46,100.0,95.0,108.0,0,0,0,2
C9-R4_jpg.rf.84e2f94816f6ee4fea076fa7fa562e68.png,7,331.5,159.9,Normal,104.99,101.0,94.0,105.0,0,0,0,1
C9-R4_jpg.rf.84e2f94816f6ee4fea076fa7fa562e68.png,8,369.8,174.1,Sem Hipocótilo,55.96,55.0,51.0,56.0,0,0,0,0
C9-R4_jpg.rf.84e2f94816f6ee4fea076fa7fa562e68.png,9,371.7,121.7,Sem Raiz,15.03,16.0,10.0,19.0,3,3,0,0
C9-R4_jpg.rf.84e2f94816f6ee4fea076fa7fa562e68.png,10,410.8,146.9,Normal,96.98,96.0,92.0,98.0,0,0,0,1
C9-R4_jpg.rf.84e2f94816f6ee4fea076fa7fa562e68.png,11,440.1,153.2,Sem Hipocótilo,91.45,87.0,86.0,91.0,0,0,0,1
C9-R4_jpg.rf.84e2f94816f6ee4fea076fa7fa562e68.png,12,476.5,138.2,Normal,108.92,101.0,97.0,108.0,0,0,0,2
C9-R4_jpg.rf.84e2f94816f6ee4fea076fa7fa562e68.png,13,532.4,158.1,Sem Hipocótilo,43.09,38.0,38.0,48.0,0,0,0,1
C9-R4_jpg.rf.84e2f94816f6ee4fea076fa7fa562e68.png,14,107.8,212.0,Normal,134.32,133.0,125.0,138.0,0,1,0,4
C9-R4_jpg.rf.84e2f94816f6ee4fea076fa7fa562e68.png,15,184.5,273.2,Normal,106.94,119.0,111.0,121.0,3,3,0,1
C9-R4_jpg.rf.84e2f94816f6ee4fea076fa7fa562e68.png,16,228.5,221.2,Sem Raiz,7.4,7.0,1.0,10.0,0,0,0,0
C9-R4_jpg.rf.84e2f94816f6ee4fea076fa7fa562e68.png,17,234.0,268.3,Sem Hipocótilo,69.55,67.0,66.0,70.0,0,0,0,1
C9-R4_jpg.rf.84e2f94816f6ee4fea076fa7fa562e68.png,18,258.2,278.3,Sem Raiz,9.38,9.0,9.0,14.0,0,0,0,0
C9-R4_jpg.rf.84e2f94816f6ee4fea076fa7fa562e68.png,19,304.2,236.3,Normal,109.63,107.0,105.0,110.0,0,0,0,0
C9-R4_jpg.rf.84e2f94816f6ee4fea076fa7fa562e68.png,20,352.1,259.5,Normal,99.57,95.0,88.0,103.0,0,0,0,5
C9-R4_jpg.rf.84e2f94816f6ee4fea076fa7fa562e68.png,21,397.9,249.5,Normal,107.9,101.0,97.0,103.0,0,0,0,0
C9-R4_jpg.rf.84e2f94816f6ee4fea076fa7fa562e68.png,22,459.2,259.0,Normal,91.16,89.0,83.0,93.0,0,0,0,6
C9-R4_jpg.rf.84e2f94816f6ee4fea076fa7fa562e68.png,23,482.3,252.3,Normal,74.09,71.0,68.0,75.0,0,0,0,1
C9-R4_jpg.rf.84e2f94816f6ee4fea076fa7fa562e68.png,24,515.0,252.7,Normal,102.51,98.0,88.0,105.0,0,0,0,1
C9-R4_jpg.rf.84e2f94816f6ee4fea076fa7fa562e68.png,25,127.3,328.3,Normal,93.66,91.0,87.0,95.0,0,0,0,6
C9-R4_jpg.rf.84e2f94816f6ee4fea076fa7fa562e68.png,26,157.7,324.1,Normal,132.19,128.0,122.0,132.0,0,0,0,1
C9-R4_jpg.rf.84e2f94816f6ee4fea076fa7fa562e68.png,27,222.2,335.2,Normal,104.45,99.0,94.0,109.0,0,0,0,5
C9-R4_jpg.rf.84e2f94816f6ee4fea076fa7fa562e68.png,28,264.8,333.9,Sem Hipocótilo,73.17,75.0,71.0,76.0,0,1,0,1
C9-R4_jpg.rf.84e2f94816f6ee4fea076fa7fa562e68.png,29,361.7,358.3,Normal,69.59,67.0,64.0,73.0,0,0,0,6
C9-R4_jpg.rf.84e2f94816f6ee4fea076fa7fa562e68.png,30,384.6,355.4,Normal,60.82,54.0,50.0,60.0,0,0,0,2
C9-R4_jpg.rf.84e2f94816f6ee4fea076fa7fa562e68.png,31,433.1,356.8,Normal,87.45,83.0,75.0,84.0,0,0,0,0
C9-R4_jpg.rf.84e2f94816f6ee4fea076fa7fa562e68.png,32,210.0,439.3,Normal,89.82,84.0,80.0,95.0,0,0,0,9
C9-R4_jpg.rf.84e2f94816f6ee4fea076fa7fa562e68.png,33,253.5,393.8,Sem Raiz,10.4,10.0,7.0,17.0,0,0,0,3
C9-R4_jpg.rf.84e2f94816f6ee4fea076fa7fa562e68.png,34,299.5,384.7,Normal,152.25,146.0,136.0,149.0,0,0,0,2
C9-R4_jpg.rf.84e2f94816f6ee4fea076fa7fa562e68.png,35,323.4,391.5,Normal,136.17,124.0,119.0,128.0,0,0,0,1
C9-R4_jpg.rf.84e2f94816f6ee4fea076fa7fa562e68.png,36,420.0,438.5,Sem Hipocótilo,29.29,28.0,27.0,28.0,0,0,0,0
C9-R4_jpg.rf.84e2f94816f6ee4fea076fa7fa562e68.png,37,479.3,378.6,Normal,66.58,70.0,64.0,75.0,0,0,0,4
C9-R4_jpg.rf.84e2f94816f6ee4fea076fa7fa562e68.png,38,530.7,365.7,Normal,123.76,108.0,106.0,118.0,0,0,0,2
C9-R4_jpg.rf.84e2f94816f6ee4fea076fa7fa562e68.png,39,120.3,446.1,Normal,120.41,117.0,109.0,130.0,0,3,0,9
C9-R4_jpg.rf.84e2f94816f6ee4fea076fa7fa562e68.png,40,178.2,449.5,Normal,178.43,166.0,163.0,172.0,0,0,0,4
C9-R4_jpg.rf.84e2f94816f6ee4fea076fa7fa562e68.png,41,222.6,519.3,Normal,91.81,87.0,80.0,91.0,0,3,0,4
C9-R4_jpg.rf.84e2f94816f6ee4fea076fa7fa562e68.png,42,240.0,456.5,Sem Hipocótilo,109.46,105.0,99.0,106.0,0,0,0,0
C9-R4_jpg.rf.84e2f94816f6ee4fea076fa7fa562e68.png,43,350.1,470.5,Normal,126.52,119.0,112.0,120.0,0,0,0,0
C9-R4_jpg.rf.84e2f94816f6ee4fea076fa7fa562e68.png,44,375.3,488.4,Normal,101.54,95.0,88.0,102.0,0,0,0,1
C9-R4_jpg.rf.84e2f94816f6ee4fea076fa7fa562e68.png,45,458.5,468.6,Normal,109.19,105.0,97.0,112.0,3,3,0,7
C9-R4_jpg.rf.84e2f94816f6ee4fea076fa7fa562e68.png,46,480.6,490.9,Sem Raiz,9.12,9.0,4.0,11.0,0,0,0,0
C9-R4_jpg.rf.84e2f94816f6ee4fea076fa7fa562e68.png,47,517.8,471.7,Normal,73.9,69.0,66.0,74.0,0,0,0,0
C9-R4_jpg.rf.84e2f94816f6ee4fea076fa7fa562e68.png,48,140.7,540.4,Normal,94.88,86.0,82.0,89.0,0,0,0,0
C9-R4_jpg.rf.84e2f94816f6ee4fea076fa7fa562e68.png,49,192.5,565.5,Normal,68.31,65.0,57.0,71.0,0,0,0,2
C9-R4_jpg.rf.84e2f94816f6ee4fea076fa7fa562e68.png,50,260.8,531.7,Normal,125.71,117.0,112.0,122.0,0,0,0,2
C9-R4_jpg.rf.84e2f94816f6ee4fea076fa7fa562e68.png,51,296.4,543.1,Normal,145.09,137.0,127.0,139.0,0,0,0,0
C9-R4_jpg.rf.84e2f94816f6ee4fea076fa7fa562e68.png,52,332.7,531.1,Normal,109.35,100.0,96.0,107.0,0,0,0,2
C9-R4_jpg.rf.84e2f94816f6ee4fea076fa7fa562e68.png,53,399.9,538.2,Normal,135.73,131.0,127.0,131.0,0,0,0,0
C9-R4_jpg.rf.84e2f94816f6ee4fea076fa7fa562e68.png,54,427.1,529.3,Normal,78.14,78.0,69.0,82.0,0,2,0,4
C9-R4_jpg.rf.84e2f94816f6ee4fea076fa7fa562e68.png,55,474.6,543.1,Sem Hipocótilo,80.54,76.0,71.0,77.0,0,0,0,0
C9-R4_jpg.rf.84e2f94816f6ee4fea076fa7fa562e68.png,56,543.2,527.3,Normal,106.63,97.0,88.0,101.0,0,1,0,2
C9-R5_jpg.rf.d19d12a51171f41722a1c18154c5ed0f.png,1,419.8,114.2,Normal,93.27,86.0,85.0,97.0,0,0,0,0
C9-R5_jpg.rf.d19d12a51171f41722a1c18154c5ed0f.png,2,103.0,195.1,Normal,96.58,91.0,82.0,96.0,0,3,0,1
C9-R5_jpg.rf.d19d12a51171f41722a1c18154c5ed0f.png,3,145.9,137.8,Normal,55.05,52.0,45.0,56.0,0,0,0,3
C9-R5_jpg.rf.d19d12a51171f41722a1c18154c5ed0f.png,4,191.1,181.7,Sem Raiz,24.59,22.0,18.0,30.0,0,0,0,4
C9-R5_jpg.rf.d19d12a51171f41722a1c18154c5ed0f.png,5,214.0,157.2,Normal,88.86,81.0,77.0,84.0,0,0,0,3
C9-R5_jpg.rf.d19d12a51171f41722a1c18154c5ed0f.png,6,242.8,146.9,Normal,77.96,78.0,74.0,87.0,0,1,0,2
C9-R5_jpg.rf.d19d12a51171f41722a1c18154c5ed0f.png,7,280.9,144.2,Normal,104.53,97.0,93.0,102.0,0,0,0,2
C9-R5_jpg.rf.d19d12a51171f41722a1c18154c5ed0f.png,8,337.1,157.4,Normal,111.82,117.0,100.0,124.0,0,7,0,6
C9-R5_jpg.rf.d19d12a51171f41722a1c18154c5ed0f.png,9,387.9,155.0,Normal,126.76,117.0,115.0,122.0,0,0,0,1
C9-R5_jpg.rf.d19d12a51171f41722a1c18154c5ed0f.png,10,425.0,196.2,Normal,43.27,43.0,38.0,52.0,0,1,0,10
C9-R5_jpg.rf.d19d12a51171f41722a1c18154c5ed0f.png,11,461.4,132.9,Normal,63.85,64.0,56.0,70.0,0,3,0,3
C9-R5_jpg.rf.d19d12a51171f41722a1c18154c5ed0f.png,12,519.1,131.6,Normal,114.07,116.0,109.0,123.0,0,8,4,6
C9-R5_jpg.rf.d19d12a51171f41722a1c18154c5ed0f.png,13,158.3,254.0,Normal,98.27,92.0,88.0,106.0,0,0,0,9
C9-R5_jpg.rf.d19d12a51171f41722a1c18154c5ed0f.png,14,181.6,233.1,Sem Hipocótilo,58.37,58.0,57.0,59.0,0,0,0,0
C9-R5_jpg.rf.d19d12a51171f41722a1c18154c5ed0f.png,15,264.1,252.7,Normal,96.16,90.0,80.0,93.0,0,3,0,3
C9-R5_jpg.rf.d19d12a51171f41722a1c18154c5ed0f.png,16,312.2,215.4,Normal,106.28,103.0,97.0,111.0,0,0,0,4
C9-R5_jpg.rf.d19d12a51171f41722a1c18154c5ed0f.png,17,379.0,216.2,Normal,116.07,107.0,103.0,110.0,0,0,0,1
C9-R5_jpg.rf.d19d12a51171f41722a1c18154c5ed0f.png,18,465.8,245.4,Sem Hipocótilo,36.88,37.0,34.0,40.0,0,0,0,1
C9-R5_jpg.rf.d19d12a51171f41722a1c18154c5ed0f.png,19,499.2,226.3,Normal,130.25,124.0,119.0,130.0,0,0,0,2
C9-R5_jpg.rf.d19d12a51171f41722a1c18154c5ed0f.png,20,541.1,254.6,Normal,102.79,103.0,95.0,107.0,0,1,0,4
C9-R5_jpg.rf.d19d12a51171f41722a1c18154c5ed0f.png,21,101.4,310.8,Normal,117.89,114.0,107.0,122.0,0,3,0,5
C9-R5_jpg.rf.d19d12a51171f41722a1c18154c5ed0f.png,22,206.3,319.6,Normal,110.84,100.0,94.0,106.0,0,0,0,2
C9-R5_jpg.rf.d19d12a51171f41722a1c18154c5ed0f.png,23,240.9,313.2,Normal,99.39,95.0,91.0,102.0,0,0,0,6
C9-R5_jpg.rf.d19d12a51171f41722a1c18154c5ed0f.png,24,296.2,305.5,Normal,104.96,101.0,89.0,102.0,0,0,0,0
C9-R5_jpg.rf.d19d12a51171f41722a1c18154c5ed0f.png,25,331.6,331.9,Normal,77.69,75.0,67.0,78.0,0,0,0,2
C9-R5_jpg.rf.d19d12a51171f41722a1c18154c5ed0f.png,26,357.2,303.4,Normal,30.32,27.0,23.0,44.0,0,0,0,4
C9-R5_jpg.rf.d19d12a51171f41722a1c18154c5ed0f.png,27,378.4,325.6,Sem Hipocótilo,28.28,27.0,24.0,27.0,0,0,0,0
C9-R5_jpg.rf.d19d12a51171f41722a1c18154c5ed0f.png,28,409.1,313.9,Normal,85.44,77.0,75.0,78.0,0,0,0,0
C9-R5_jpg.rf.d19d12a51171f41722a1c18154c5ed0f.png,29,456.9,317.8,Normal,70.27,63.0,58.0,68.0,0,0,0,2
C9-R5_jpg.rf.d19d12a51171f41722a1c18154c5ed0f.png,30,496.4,305.7,Sem Raiz,17.75,15.0,16.0,25.0,0,0,0,6
C9-R5_jpg.rf.d19d12a51171f41722a1c18154c5ed0f.png,31,500.2,354.1,Sem Hipocótilo,63.73,56.0,55.0,58.0,0,0,0,0
C9-R5_jpg.rf.d19d12a51171f41722a1c18154c5ed0f.png,32,567.5,338.6,Normal,94.05,89.0,84.0,93.0,0,0,0,2
C9-R5_jpg.rf.d19d12a51171f41722a1c18154c5ed0f.png,33,238.6,409.4,Sem Hipocótilo,20.34,19.0,18.0,21.0,0,0,0,0
C9-R5_jpg.rf.d19d12a51171f41722a1c18154c5ed0f.png,34,249.2,377.2,Sem Raiz,13.3,12.0,13.0,15.0,0,0,0,3
C9-R5_jpg.rf.d19d12a51171f41722a1c18154c5ed0f.png,35,283.7,384.8,Normal,39.89,37.0,34.0,53.0,0,0,0,6
C9-R5_jpg.rf.d19d12a51171f41722a1c18154c5ed0f.png,36,290.4,427.5,Sem Hipocótilo,39.18,36.0,34.0,37.0,0,0,0,0
C9-R5_jpg.rf.d19d12a51171f41722a1c18154c5ed0f.png,37,373.0,410.4,Normal,54.61,48.0,40.0,54.0,0,0,0,1
C9-R5_jpg.rf.d19d12a51171f41722a1c18154c5ed0f.png,38,417.0,395.2,Normal,44.97,42.0,35.0,49.0,0,0,0,2
C9-R5_jpg.rf.d19d12a51171f41722a1c18154c5ed0f.png,39,499.2,426.4,Normal,79.94,78.0,71.0,86.0,0,6,3,6
C9-R5_jpg.rf.d19d12a51171f41722a1c18154c5ed0f.png,40,555.1,422.3,Normal,92.7,93.0,83.0,94.0,0,7,0,1
C9-R5_jpg.rf.d19d12a51171f41722a1c18154c5ed0f.png,41,114.7,492.6,Normal,149.06,141.0,130.0,145.0,2,4,0,1
C9-R5_jpg.rf.d19d12a51171f41722a1c18154c5ed0f.png,42,157.3,446.6,Normal,131.1,124.0,116.0,134.0,0,0,0,7
C9-R5_jpg.rf.d19d12a51171f41722a1c18154c5ed0f.png,43,182.4,503.0,Normal,88.32,84.0,81.0,92.0,0,0,0,2
C9-R5_jpg.rf.d19d12a51171f41722a1c18154c5ed0f.png,44,230.7,449.6,Normal,118.03,108.0,103.0,115.0,0,0,0,1
C9-R5_jpg.rf.d19d12a51171f41722a1c18154c5ed0f.png,45,323.9,449.6,Normal,100.22,90.0,80.0,101.0,0,0,0,4
C9-R5_jpg.rf.d19d12a51171f41722a1c18154c5ed0f.png,46,441.2,450.8,Normal,93.36,95.0,83.0,105.0,0,3,0,2
C9-R5_jpg.rf.d19d12a51171f41722a1c18154c5ed0f.png,47,541.6,492.4,Normal,55.64,48.0,40.0,54.0,0,0,0,1
C9-R5_jpg.rf.d19d12a51171f41722a1c18154c5ed0f.png,48,217.6,530.6,Normal,130.91,121.0,112.0,126.0,0,0,0,1
C9-R5_jpg.rf.d19d12a51171f41722a1c18154c5ed0f.png,49,270.3,527.8,Normal,124.22,133.0,127.0,138.0,0,1,1,6
C9-R5_jpg.rf.d19d12a51171f41722a1c18154c5ed0f.png,50,314.8,547.2,Normal,113.75,110.0,102.0,121.0,0,0,0,4
C9-R5_jpg.rf.d19d12a51171f41722a1c18154c5ed0f.png,51,383.2,528.3,Normal,112.88,108.0,105.0,113.0,0,0,0,2
C9-R5_jpg.rf.d19d12a51171f41722a1c18154c5ed0f.png,52,411.3,540.5,Normal,114.95,106.0,100.0,108.0,0,0,0,0
C9-R5_jpg.rf.d19d12a51171f41722a1c18154c5ed0f.png,53,453.9,549.4,Normal,80.38,77.0,68.0,81.0,0,0,0,2
C9-R5_jpg.rf.d19d12a51171f41722a1c18154c5ed0f.png,54,494.0,545.8,Normal,139.01,121.0,117.0,127.0,0,0,0,1
C9-R6_jpg.rf.ba907113f2aebab24802602527f5bda7.png,1,138.9,119.6,Sem Hipocótilo,47.68,46.0,43.0,46.0,0,0,0,0
C9-R6_jpg.rf.ba907113f2aebab24802602527f5bda7.png,2,152.3,79.7,Sem Raiz,19.6,30.0,20.0,33.0,4,4,0,1
C9-R6_jpg.rf.ba907113f2aebab24802602527f5bda7.png,3,349.7,105.4,Normal,44.44,42.0,35.0,54.0,0,3,0,8
C9-R6_jpg.rf.ba907113f2aebab24802602527f5bda7.png,4,490.7,93.3,Sem Raiz,29.91,28.0,28.0,33.0,0,0,0,1
C9-R6_jpg.rf.ba907113f2aebab24802602527f5bda7.png,5,168.9,178.8,Normal,134.98,127.0,125.0,129.0,0,0,0,0
C9-R6_jpg.rf.ba907113f2aebab24802602527f5bda7.png,6,198.8,124.8,Normal,96.27,90.0,82.0,95.0,0,0,0,3
C9-R6_jpg.rf.ba907113f2aebab24802602527f5bda7.png,7,220.7,173.6,Sem Raiz,23.8,22.0,17.0,27.0,0,0,0,1
C9-R6_jpg.rf.ba907113f2aebab24802602527f5bda7.png,8,250.9,148.2,Normal,121.49,112.0,110.0,116.0,0,0,0,1
C9-R6_jpg.rf.ba907113f2aebab24802602527f5bda7.png,9,273.6,142.7,Normal,104.62,96.0,89.0,103.0,0,0,0,3
C9-R6_jpg.rf.ba907113f2aebab24802602527f5bda7.png,10,303.1,153.0,Normal,145.36,136.0,128.0,142.0,0,0,0,2
C9-R6_jpg.rf.ba907113f2aebab24802602527f5bda7.png,11,405.8,132.1,Normal,109.79,105.0,98.0,107.0,0,0,0,1
C9-R6_jpg.rf.ba907113f2aebab24802602527f5bda7.png,12,428.1,164.0,Normal,129.82,122.0,120.0,132.0,0,0,0,2
C9-R6_jpg.rf.ba907113f2aebab24802602527f5bda7.png,13,448.5,188.6,Sem Raiz,15.83,15.0,14.0,17.0,0,0,0,0
C9-R6_jpg.rf.ba907113f2aebab24802602527f5bda7.png,14,495.8,141.1,Sem Hipocótilo,44.31,42.0,41.0,45.0,0,0,0,1
C9-R6_jpg.rf.ba907113f2aebab24802602527f5bda7.png,15,526.2,136.2,Normal,104.54,99.0,95.0,107.0,0,0,0,4
C9-R6_jpg.rf.ba907113f2aebab24802602527f5bda7.png,16,140.5,212.2,Normal,96.79,96.0,87.0,99.0,0,1,0,1
C9-R6_jpg.rf.ba907113f2aebab24802602527f5bda7.png,17,237.9,214.5,Sem Hipocótilo,68.54,65.0,60.0,67.0,0,0,0,3
C9-R6_jpg.rf.ba907113f2aebab24802602527f5bda7.png,18,323.8,204.8,Normal,124.36,115.0,108.0,122.0,0,0,0,7
C9-R6_jpg.rf.ba907113f2aebab24802602527f5bda7.png,19,359.1,219.9,Normal,82.72,85.0,79.0,94.0,0,3,0,6
C9-R6_jpg.rf.ba907113f2aebab24802602527f5bda7.png,20,448.2,248.5,Sem Hipocótilo,76.71,74.0,74.0,79.0,0,0,0,1
C9-R6_jpg.rf.ba907113f2aebab24802602527f5bda7.png,21,469.2,277.6,Sem Hipocótilo,126.83,115.0,113.0,118.0,0,0,0,1
C9-R6_jpg.rf.ba907113f2aebab24802602527f5bda7.png,22,535.3,248.3,Normal,101.05,98.0,95.0,106.0,0,0,0,4
C9-R6_jpg.rf.ba907113f2aebab24802602527f5bda7.png,23,142.1,313.2,Normal,78.03,76.0,73.0,85.0,0,1,0,4
C9-R6_jpg.rf.ba907113f2aebab24802602527f5bda7.png,24,200.7,320.9,Normal,184.55,186.0,160.0,195.0,2,10,0,11
C9-R6_jpg.rf.ba907113f2aebab24802602527f5bda7.png,25,249.5,289.6,Normal,105.05,97.0,95.0,107.0,0,0,0,4
C9-R6_jpg.rf.ba907113f2aebab24802602527f5bda7.png,26,275.5,317.1,Normal,88.13,83.0,76.0,88.0,0,0,0,2
C9-R6_jpg.rf.ba907113f2aebab24802602527f5bda7.png,27,317.1,290.1,Normal,68.19,59.0,53.0,65.0,0,0,0,1
C9-R6_jpg.rf.ba907113f2aebab24802602527f5bda7.png,28,365.6,345.1,Normal,132.71,128.0,122.0,132.0,0,3,0,2
C9-R6_jpg.rf.ba907113f2aebab24802602527f5bda7.png,29,396.6,284.1,Normal,112.32,110.0,100.0,116.0,0,0,0,4
C9-R6_jpg.rf.ba907113f2aebab24802602527f5bda7.png,30,413.2,346.0,Normal,125.52,109.0,101.0,116.0,0,3,0,7
C9-R6_jpg.rf.ba907113f2aebab24802602527f5bda7.png,31,499.1,324.6,Normal,81.95,79.0,76.0,83.0,0,0,0,0
C9-R6_jpg.rf.ba907113f2aebab24802602527f5bda7.png,32,544.5,336.9,Normal,52.63,47.0,41.0,52.0,0,0,0,2
C9-R6_jpg.rf.ba907113f2aebab24802602527f5bda7.png,33,105.5,409.1,Sem Hipocótilo,94.36,94.0,94.0,94.0,0,0,0,0
C9-R6_jpg.rf.ba907113f2aebab24802602527f5bda7.png,34,158.7,413.8,Normal,91.54,87.0,78.0,89.0,0,0,0,0
C9-R6_jpg.rf.ba907113f2aebab24802602527f5bda7.png,35,215.0,431.4,Normal,145.5,135.0,129.0,139.0,0,0,0,4
C9-R6_jpg.rf.ba907113f2aebab24802602527f5bda7.png,36,265.3,429.9,Normal,124.34,114.0,111.0,118.0,0,0,0,0
C9-R6_jpg.rf.ba907113f2aebab24802602527f5bda7.png,37,299.0,434.3,Normal,127.68,120.0,116.0,125.0,0,0,0,1
C9-R6_jpg.rf.ba907113f2aebab24802602527f5bda7.png,38,338.1,403.4,Normal,83.12,82.0,71.0,85.0,1,1,0,1
C9-R6_jpg.rf.ba907113f2aebab24802602527f5bda7.png,39,430.4,386.2,Normal,39.64,37.0,31.0,39.0,0,0,0,1
C9-R6_jpg.rf.ba907113f2aebab24802602527f5bda7.png,40,472.1,416.8,Normal,72.43,69.0,64.0,73.0,0,0,0,3
C9-R6_jpg.rf.ba907113f2aebab24802602527f5bda7.png,41,517.8,419.8,Sem Hipocótilo,38.43,40.0,37.0,42.0,0,0,0,0
C9-R6_jpg.rf.ba907113f2aebab24802602527f5bda7.png,42,574.2,392.4,Sem Raiz,18.04,17.0,14.0,17.0,0,0,0,0
C9-R6_jpg.rf.ba907113f2aebab24802602527f5bda7.png,43,173.8,517.6,Normal,113.77,110.0,99.0,116.0,0,3,0,2
C9-R6_jpg.rf.ba907113f2aebab24802602527f5bda7.png,44,257.0,519.8,Normal,143.52,135.0,132.0,139.0,0,0,0,2
C9-R6_jpg.rf.ba907113f2aebab24802602527f5bda7.png,45,359.0,511.1,Normal,149.24,144.0,141.0,162.0,0,0,0,7
C9-R6_jpg.rf.ba907113f2aebab24802602527f5bda7.png,46,402.3,476.4,Sem Raiz,37.38,33.0,33.0,36.0,0,0,0,1
C9-R6_jpg.rf.ba907113f2aebab24802602527f5bda7.png,47,440.4,512.3,Normal,53.27,55.0,50.0,58.0,0,1,0,3
C9-R6_jpg.rf.ba907113f2aebab24802602527f5bda7.png,48,469.7,506.4,Sem Hipocótilo,22.31,20.0,19.0,24.0,0,0,0,0
C9-R6_jpg.rf.ba907113f2aebab24802602527f5bda7.png,49,560.0,441.6,Sem Hipocótilo,84.78,76.0,76.0,76.0,0,0,0,0
C9-R6_jpg.rf.ba907113f2aebab24802602527f5bda7.png,50,141.6,525.5,Normal,94.33,89.0,81.0,94.0,1,1,0,1
C9-R6_jpg.rf.ba907113f2aebab24802602527f5bda7.png,51,227.1,544.0,Normal,123.57,124.0,119.0,135.0,0,1,0,9
C9-R6_jpg.rf.ba907113f2aebab24802602527f5bda7.png,52,305.4,532.3,Normal,138.74,133.0,124.0,134.0,0,1,0,1
C9-R6_jpg.rf.ba907113f2aebab24802602527f5bda7.png,53,393.3,533.9,Sem Hipocótilo,63.52,60.0,59.0,61.0,0,0,0,1
C9-R6_jpg.rf.ba907113f2aebab24802602527f5bda7.png,54,499.5,553.2,Normal,118.21,113.0,106.0,118.0,0,3,0,3
C9-R6_jpg.rf.ba907113f2aebab24802602527f5bda7.png,55,528.7,535.9,Normal,83.8,91.0,94.0,98.0,0,8,7,6
C9-R7_jpg.rf.c1a7c0e4f7d09843de5ec1e85d711d44.png,1,131.0,131.0,Normal,117.93,112.0,102.0,115.0,0,0,0,0
C9-R7_jpg.rf.c1a7c0e4f7d09843de5ec1e85d711d44.png,2,164.6,149.2,Normal,124.41,120.0,115.0,123.0,0,0,0,1
C9-R7_jpg.rf.c1a7c0e4f7d09843de5ec1e85d711d44.png,3,212.2,122.0,Normal,136.32,128.0,124.0,136.0,0,0,0,5
C9-R7_jpg.rf.c1a7c0e4f7d09843de5ec1e85d711d44.png,4,252.2,181.6,Sem Raiz,9.49,23.0,18.0,25.0,0,8,1,5
C9-R7_jpg.rf.c1a7c0e4f7d09843de5ec1e85d711d44.png,5,264.9,147.6,Normal,107.65,105.0,99.0,111.0,0,0,0,4
C9-R7_jpg.rf.c1a7c0e4f7d09843de5ec1e85d711d44.png,6,305.7,136.6,Normal,72.83,81.0,76.0,89.0,0,10,2,8
C9-R7_jpg.rf.c1a7c0e4f7d09843de5ec1e85d711d44.png,7,341.5,150.1,Normal,70.3,69.0,68.0,80.0,0,10,6,12
C9-R7_jpg.rf.c1a7c0e4f7d09843de5ec1e85d711d44.png,8,384.2,153.4,Normal,106.97,101.0,89.0,102.0,4,5,0,3
C9-R7_jpg.rf.c1a7c0e4f7d09843de5ec1e85d711d44.png,9,417.5,147.2,Normal,122.17,114.0,108.0,126.0,0,0,0,12
C9-R7_jpg.rf.c1a7c0e4f7d09843de5ec1e85d711d44.png,10,448.2,154.2,Normal,120.74,112.0,102.0,117.0,0,0,0,3
C9-R7_jpg.rf.c1a7c0e4f7d09843de5ec1e85d711d44.png,11,508.3,138.9,Normal,84.06,80.0,78.0,85.0,0,0,0,4
C9-R7_jpg.rf.c1a7c0e4f7d09843de5ec1e85d711d44.png,12,541.7,163.0,Normal,119.41,112.0,110.0,121.0,0,0,0,3
C9-R7_jpg.rf.c1a7c0e4f7d09843de5ec1e85d711d44.png,13,141.4,259.2,Sem Hipocótilo,35.81,34.0,33.0,36.0,0,0,0,1
C9-R7_jpg.rf.c1a7c0e4f7d09843de5ec1e85d711d44.png,14,193.2,241.0,Normal,120.0,120.0,115.0,124.0,0,3,0,3
C9-R7_jpg.rf.c1a7c0e4f7d09843de5ec1e85d711d44.png,15,249.0,239.0,Sem Hipocótilo,71.05,68.0,64.0,70.0,0,0,0,0
C9-R7_jpg.rf.c1a7c0e4f7d09843de5ec1e85d711d44.png,16,314.7,234.0,Normal,128.94,118.0,109.0,120.0,0,0,0,0
C9-R7_jpg.rf.c1a7c0e4f7d09843de5ec1e85d711d44.png,17,370.8,240.5,Normal,133.42,128.0,122.0,137.0,0,0,0,5
C9-R7_jpg.rf.c1a7c0e4f7d09843de5ec1e85d711d44.png,18,427.1,237.2,Normal,78.77,66.0,59.0,78.0,0,0,0,11
C9-R7_jpg.rf.c1a7c0e4f7d09843de5ec1e85d711d44.png,19,480.9,229.9,Normal,90.36,84.0,79.0,90.0,0,0,0,4
C9-R7_jpg.rf.c1a7c0e4f7d09843de5ec1e85d711d44.png,20,559.2,256.0,Normal,102.27,99.0,96.0,105.0,0,0,0,1
C9-R7_jpg.rf.c1a7c0e4f7d09843de5ec1e85d711d44.png,21,96.8,294.0,Normal,104.93,99.0,92.0,104.0,0,0,0,1
C9-R7_jpg.rf.c1a7c0e4f7d09843de5ec1e85d711d44.png,22,140.1,350.6,Normal,114.82,108.0,105.0,118.0,0,0,0,3
C9-R7_jpg.rf.c1a7c0e4f7d09843de5ec1e85d711d44.png,23,184.5,317.2,Normal,57.99,53.0,47.0,62.0,0,0,0,1
C9-R7_jpg.rf.c1a7c0e4f7d09843de5ec1e85d711d44.png,24,259.3,332.9,Normal,96.29,99.0,94.0,105.0,0,3,0,6
C9-R7_jpg.rf.c1a7c0e4f7d09843de5ec1e85d711d44.png,25,301.7,305.3,Sem Raiz,13.41,13.0,8.0,15.0,0,0,0,0
C9-R7_jpg.rf.c1a7c0e4f7d09843de5ec1e85d711d44.png,26,302.2,353.3,Sem Hipocótilo,70.33,69.0,67.0,70.0,0,0,0,1
C9-R7_jpg.rf.c1a7c0e4f7d09843de5ec1e85d711d44.png,27,345.4,309.5,Normal,68.27,67.0,65.0,68.0,0,0,0,1
C9-R7_jpg.rf.c1a7c0e4f7d09843de5ec1e85d711d44.png,28,389.3,306.4,Normal,132.52,125.0,119.0,131.0,0,0,0,4
C9-R7_jpg.rf.c1a7c0e4f7d09843de5ec1e85d711d44.png,29,432.6,355.7,Sem Raiz,14.97,14.0,11.0,19.0,0,0,0,1
C9-R7_jpg.rf.c1a7c0e4f7d09843de5ec1e85d711d44.png,30,450.9,343.2,Normal,112.98,113.0,103.0,118.0,0,4,0,2
C9-R7_jpg.rf.c1a7c0e4f7d09843de5ec1e85d711d44.png,31,491.7,302.4,Sem Raiz,13.91,14.0,11.0,14.0,0,0,0,0
C9-R7_jpg.rf.c1a7c0e4f7d09843de5ec1e85d711d44.png,32,491.9,343.5,Sem Hipocótilo,61.73,60.0,60.0,61.0,0,0,0,0
C9-R7_jpg.rf.c1a7c0e4f7d09843de5ec1e85d711d44.png,33,527.8,325.0,Normal,82.35,95.0,87.0,104.0,0,11,3,12
C9-R7_jpg.rf.c1a7c0e4f7d09843de5ec1e85d711d44.png,34,94.1,401.4,Normal,65.65,58.0,51.0,61.0,0,0,0,2
C9-R7_jpg.rf.c1a7c0e4f7d09843de5ec1e85d711d44.png,35,158.6,432.7,Normal,98.56,103.0,96.0,108.0,0,4,0,4
C9-R7_jpg.rf.c1a7c0e4f7d09843de5ec1e85d711d44.png,36,190.5,428.5,Normal,68.22,64.0,59.0,70.0,0,0,0,1
C9-R7_jpg.rf.c1a7c0e4f7d09843de5ec1e85d711d44.png,37,226.1,368.0,Normal,150.45,144.0,139.0,151.0,0,0,0,4
C9-R7_jpg.rf.c1a7c0e4f7d09843de5ec1e85d711d44.png,38,284.1,410.7,Normal,108.63,104.0,95.0,106.0,0,3,0,1
C9-R7_jpg.rf.c1a7c0e4f7d09843de5ec1e85d711d44.png,39,335.6,401.2,Normal,95.75,92.0,87.0,95.0,0,3,0,2
C9-R7_jpg.rf.c1a7c0e4f7d09843de5ec1e85d711d44.png,40,383.6,414.6,Normal,104.35,97.0,87.0,103.0,0,0,0,4
C9-R7_jpg.rf.c1a7c0e4f7d09843de5ec1e85d711d44.png,41,428.0,420.1,Sem Hipocótilo,93.48,89.0,84.0,90.0,0,0,0,1
C9-R7_jpg.rf.c1a7c0e4f7d09843de5ec1e85d711d44.png,42,486.7,435.3,Normal,68.92,64.0,58.0,71.0,0,0,0,1
C9-R7_jpg.rf.c1a7c0e4f7d09843de5ec1e85d711d44.png,43,529.2,421.6,Normal,88.64,80.0,77.0,98.0,0,0,0,3
C9-R7_jpg.rf.c1a7c0e4f7d09843de5ec1e85d711d44.png,44,142.1,470.6,Sem Raiz,24.04,22.0,17.0,21.0,0,0,0,0
C9-R7_jpg.rf.c1a7c0e4f7d09843de5ec1e85d711d44.png,45,222.5,515.5,Normal,133.55,131.0,126.0,139.0,0,3,0,6
C9-R7_jpg.rf.c1a7c0e4f7d09843de5ec1e85d711d44.png,46,250.6,452.8,Normal,90.55,86.0,76.0,91.0,0,0,0,1
C9-R7_jpg.rf.c1a7c0e4f7d09843de5ec1e85d711d44.png,47,422.7,502.3,Normal,97.83,91.0,85.0,96.0,0,0,0,1
C9-R7_jpg.rf.c1a7c0e4f7d09843de5ec1e85d711d44.png,48,143.4,526.6,Sem Hipocótilo,65.39,65.0,65.0,65.0,0,0,0,0
C9-R7_jpg.rf.c1a7c0e4f7d09843de5ec1e85d711d44.png,49,187.9,544.0,Normal,114.97,116.0,104.0,123.0,0,7,0,5
C9-R7_jpg.rf.c1a7c0e4f7d09843de5ec1e85d711d44.png,50,305.4,523.6,Normal,83.07,84.0,80.0,88.0,0,1,0,4
C9-R7_jpg.rf.c1a7c0e4f7d09843de5ec1e85d711d44.png,51,337.7,524.5,Normal,167.91,159.0,156.0,166.0,0,0,0,3
C9-R7_jpg.rf.c1a7c0e4f7d09843de5ec1e85d711d44.png,52,459.9,524.8,Normal,73.13,71.0,65.0,78.0,0,1,0,4
C9-R7_jpg.rf.c1a7c0e4f7d09843de5ec1e85d711d44.png,53,517.7,520.9,Normal,120.9,111.0,101.0,114.0,0,0,0,4
C9-R8_jpg.rf.5524cf30440674fa1f505d3c1a72aa33.png,1,147.7,156.4,Normal,95.93,96.0,86.0,102.0,0,4,0,2
C9-R8_jpg.rf.5524cf30440674fa1f505d3c1a72aa33.png,2,193.0,141.9,Normal,73.14,76.0,59.0,81.0,0,4,0,2
C9-R8_jpg.rf.5524cf30440674fa1f505d3c1a72aa33.png,3,220.7,160.2,Normal,108.43,114.0,105.0,124.0,0,7,1,8
C9-R8_jpg.rf.5524cf30440674fa1f505d3c1a72aa33.png,4,269.2,142.4,Normal,104.62,93.0,93.0,97.0,0,0,0,0
C9-R8_jpg.rf.5524cf30440674fa1f505d3c1a72aa33.png,5,326.7,159.3,Normal,104.94,104.0,97.0,115.0,0,6,0,7
C9-R8_jpg.rf.5524cf30440674fa1f505d3c1a72aa33.png,6,373.6,163.6,Normal,92.92,96.0,84.0,97.0,2,4,0,1
C9-R8_jpg.rf.5524cf30440674fa1f505d3c1a72aa33.png,7,397.9,150.7,Normal,75.11,74.0,71.0,79.0,0,0,0,0
C9-R8_jpg.rf.5524cf30440674fa1f505d3c1a72aa33.png,8,436.6,188.6,Sem Raiz,10.81,10.0,8.0,11.0,0,0,0,0
C9-R8_jpg.rf.5524cf30440674fa1f505d3c1a72aa33.png,9,452.9,154.9,Normal,86.64,84.0,80.0,89.0,0,0,0,3
C9-R8_jpg.rf.5524cf30440674fa1f505d3c1a72aa33.png,10,490.1,163.3,Normal,33.76,32.0,32.0,39.0,0,0,0,1
C9-R8_jpg.rf.5524cf30440674fa1f505d3c1a72aa33.png,11,517.7,167.5,Normal,119.69,126.0,123.0,133.0,0,4,1,6
C9-R8_jpg.rf.5524cf30440674fa1f505d3c1a72aa33.png,12,128.3,237.6,Normal,83.9,74.0,65.0,81.0,0,0,0,1
C9-R8_jpg.rf.5524cf30440674fa1f505d3c1a72aa33.png,13,172.5,261.3,Normal,111.88,109.0,104.0,117.0,0,3,0,4
C9-R8_jpg.rf.5524cf30440674fa1f505d3c1a72aa33.png,14,234.2,226.8,Normal,131.23,125.0,121.0,134.0,0,0,0,4
C9-R8_jpg.rf.5524cf30440674fa1f505d3c1a72aa33.png,15,271.9,257.9,Normal,139.3,133.0,128.0,143.0,0,3,0,10
C9-R8_jpg.rf.5524cf30440674fa1f505d3c1a72aa33.png,16,312.5,225.8,Normal,115.47,121.0,105.0,126.0,2,11,0,6
C9-R8_jpg.rf.5524cf30440674fa1f505d3c1a72aa33.png,17,369.7,241.7,Normal,102.71,96.0,90.0,100.0,0,0,0,1
C9-R8_jpg.rf.5524cf30440674fa1f505d3c1a72aa33.png,18,398.7,257.8,Normal,131.03,128.0,114.0,133.0,0,3,0,3
C9-R8_jpg.rf.5524cf30440674fa1f505d3c1a72aa33.png,19,444.0,253.2,Sem Hipocótilo,110.64,103.0,97.0,105.0,0,0,0,1
C9-R8_jpg.rf.5524cf30440674fa1f505d3c1a72aa33.png,20,491.5,253.1,Normal,96.23,96.0,91.0,102.0,0,3,0,3
C9-R8_jpg.rf.5524cf30440674fa1f505d3c1a72aa33.png,21,555.9,260.3,Normal,121.66,120.0,112.0,124.0,0,3,0,2
C9-R8_jpg.rf.5524cf30440674fa1f505d3c1a72aa33.png,22,129.2,326.3,Normal,100.32,95.0,92.0,98.0,0,0,0,1
C9-R8_jpg.rf.5524cf30440674fa1f505d3c1a72aa33.png,23,209.1,340.2,Normal,102.65,100.0,97.0,108.0,0,0,0,6
C9-R8_jpg.rf.5524cf30440674fa1f505d3c1a72aa33.png,24,290.2,328.3,Normal,126.09,118.0,111.0,122.0,0,0,0,0
C9-R8_jpg.rf.5524cf30440674fa1f505d3c1a72aa33.png,25,323.0,345.1,Normal,88.21,73.0,69.0,82.0,0,0,0,5
C9-R8_jpg.rf.5524cf30440674fa1f505d3c1a72aa33.png,26,434.1,284.3,Sem Raiz,6.45,10.0,10.0,15.0,0,0,0,4
C9-R8_jpg.rf.5524cf30440674fa1f505d3c1a72aa33.png,27,437.1,350.8,Sem Hipocótilo,127.47,119.0,118.0,120.0,0,0,0,0
C9-R8_jpg.rf.5524cf30440674fa1f505d3c1a72aa33.png,28,513.0,356.2,Normal,72.38,65.0,61.0,74.0,0,0,0,5
C9-R8_jpg.rf.5524cf30440674fa1f505d3c1a72aa33.png,29,143.8,436.6,Normal,99.52,91.0,87.0,91.0,0,0,0,0
C9-R8_jpg.rf.5524cf30440674fa1f505d3c1a72aa33.png,30,234.4,362.8,Normal,98.85,94.0,88.0,104.0,0,0,0,6
C9-R8_jpg.rf.5524cf30440674fa1f505d3c1a72aa33.png,31,265.7,421.0,Normal,88.52,79.0,74.0,90.0,0,0,0,7
C9-R8_jpg.rf.5524cf30440674fa1f505d3c1a72aa33.png,32,314.9,402.2,Sem Raiz,18.0,30.0,33.0,35.0,4,6,5,8
C9-R8_jpg.rf.5524cf30440674fa1f505d3c1a72aa33.png,33,347.6,409.2,Normal,92.7,87.0,80.0,90.0,0,0,0,2
C9-R8_jpg.rf.5524cf30440674fa1f505d3c1a72aa33.png,34,373.5,368.3,Normal,118.0,110.0,105.0,113.0,0,0,0,3
C9-R8_jpg.rf.5524cf30440674fa1f505d3c1a72aa33.png,35,391.5,426.8,Normal,100.89,96.0,93.0,100.0,0,0,0,2
C9-R8_jpg.rf.5524cf30440674fa1f505d3c1a72aa33.png,36,478.7,395.3,Normal,201.74,189.0,185.0,200.0,0,0,0,5
C9-R8_jpg.rf.5524cf30440674fa1f505d3c1a72aa33.png,37,553.8,400.2,Sem Raiz,19.75,24.0,18.0,26.0,0,3,0,4
C9-R8_jpg.rf.5524cf30440674fa1f505d3c1a72aa33.png,38,185.9,463.4,Normal,103.91,99.0,94.0,107.0,0,0,0,4
C9-R8_jpg.rf.5524cf30440674fa1f505d3c1a72aa33.png,39,212.1,507.2,Normal,130.88,118.0,117.0,124.0,0,0,0,3
C9-R8_jpg.rf.5524cf30440674fa1f505d3c1a72aa33.png,40,230.2,491.3,Sem Raiz,9.35,9.0,10.0,14.0,0,0,0,0
C9-R8_jpg.rf.5524cf30440674fa1f505d3c1a72aa33.png,41,335.8,480.9,Sem Raiz,25.15,25.0,26.0,34.0,0,0,0,6
C9-R8_jpg.rf.5524cf30440674fa1f505d3c1a72aa33.png,42,430.8,462.1,Normal,71.84,66.0,63.0,70.0,0,0,0,1
C9-R8_jpg.rf.5524cf30440674fa1f505d3c1a72aa33.png,43,560.6,458.0,Sem Hipocótilo,81.47,76.0,74.0,78.0,0,0,0,1
C9-R8_jpg.rf.5524cf30440674fa1f505d3c1a72aa33.png,44,123.7,540.2,Normal,130.71,129.0,126.0,135.0,0,0,0,4
C9-R8_jpg.rf.5524cf30440674fa1f505d3c1a72aa33.png,45,153.9,549.3,Normal,133.92,125.0,125.0,131.0,0,0,0,1
C9-R8_jpg.rf.5524cf30440674fa1f505d3c1a72aa33.png,46,234.1,548.9,Sem Hipocótilo,86.28,85.0,82.0,88.0,0,0,0,3
C9-R8_jpg.rf.5524cf30440674fa1f505d3c1a72aa33.png,47,267.2,544.7,Normal,97.58,100.0,92.0,104.0,0,3,0,3
C9-R8_jpg.rf.5524cf30440674fa1f505d3c1a72aa33.png,48,300.5,538.9,Normal,120.71,109.0,106.0,117.0,0,0,0,3
C9-R8_jpg.rf.5524cf30440674fa1f505d3c1a72aa33.png,49,349.6,536.9,Sem Hipocótilo,60.14,57.0,56.0,58.0,0,0,0,1
C9-R8_jpg.rf.5524cf30440674fa1f505d3c1a72aa33.png,50,382.5,548.2,Normal,86.35,82.0,78.0,96.0,0,0,0,8
C9-R8_jpg.rf.5524cf30440674fa1f505d3c1a72aa33.png,51,435.0,559.7,Normal,83.81,74.0,73.0,87.0,0,0,0,5
C9-R8_jpg.rf.5524cf30440674fa1f505d3c1a72aa33.png,52,473.4,557.7,Normal,113.48,102.0,99.0,106.0,0,0,0,2
C9-R8_jpg.rf.5524cf30440674fa1f505d3c1a72aa33.png,53,514.6,520.2,Normal,107.31,99.0,95.0,106.0,3,3,0,4
C9-R8_jpg.rf.5524cf30440674fa1f505d3c1a72aa33.png,54,560.1,574.4,Sem Hipocótilo,76.45,73.0,70.0,75.0,0,0,0,0
C9-R9_jpg.rf.cec848c0d68d31dd076c297222c38b57.png,1,316.8,118.2,Sem Raiz,31.92,28.0,30.0,31.0,0,0,0,0
C9-R9_jpg.rf.cec848c0d68d31dd076c297222c38b57.png,2,141.9,146.4,Normal,89.76,85.0,81.0,87.0,0,0,0,0
C9-R9_jpg.rf.cec848c0d68d31dd076c297222c38b57.png,3,176.6,139.2,Normal,135.43,126.0,121.0,133.0,0,0,0,6
C9-R9_jpg.rf.cec848c0d68d31dd076c297222c38b57.png,4,232.6,127.9,Normal,126.81,121.0,113.0,123.0,1,4,0,2
C9-R9_jpg.rf.cec848c0d68d31dd076c297222c38b57.png,5,265.2,161.1,Normal,122.1,115.0,109.0,124.0,2,4,0,4
C9-R9_jpg.rf.cec848c0d68d31dd076c297222c38b57.png,6,309.4,177.0,Sem Hipocótilo,87.18,80.0,79.0,81.0,0,0,0,1
C9-R9_jpg.rf.cec848c0d68d31dd076c297222c38b57.png,7,360.4,146.2,Normal,81.03,83.0,79.0,86.0,0,10,7,6
C9-R9_jpg.rf.cec848c0d68d31dd076c297222c38b57.png,8,400.2,152.8,Normal,84.16,85.0,79.0,88.0,0,1,0,1
C9-R9_jpg.rf.cec848c0d68d31dd076c297222c38b57.png,9,438.7,151.8,Normal,88.74,81.0,76.0,86.0,0,0,0,3
C9-R9_jpg.rf.cec848c0d68d31dd076c297222c38b57.png,10,484.0,120.1,Normal,95.74,104.0,94.0,110.0,0,7,4,6
C9-R9_jpg.rf.cec848c0d68d31dd076c297222c38b57.png,11,525.2,153.6,Normal,122.29,117.0,114.0,125.0,0,0,0,5
C9-R9_jpg.rf.cec848c0d68d31dd076c297222c38b57.png,12,108.7,229.6,Normal,131.38,123.0,118.0,129.0,0,0,0,3
C9-R9_jpg.rf.cec848c0d68d31dd076c297222c38b57.png,13,144.1,277.8,Normal,167.65,156.0,147.0,164.0,0,0,0,2
C9-R9_jpg.rf.cec848c0d68d31dd076c297222c38b57.png,14,188.5,254.4,Normal,116.9,111.0,103.0,116.0,0,0,0,1
C9-R9_jpg.rf.cec848c0d68d31dd076c297222c38b57.png,15,217.5,237.9,Normal,113.42,104.0,96.0,108.0,0,0,0,2
C9-R9_jpg.rf.cec848c0d68d31dd076c297222c38b57.png,16,284.5,238.0,Normal,96.0,88.0,83.0,87.0,0,0,0,1
C9-R9_jpg.rf.cec848c0d68d31dd076c297222c38b57.png,17,336.5,225.9,Normal,105.01,99.0,91.0,103.0,0,0,0,0
C9-R9_jpg.rf.cec848c0d68d31dd076c297222c38b57.png,18,379.1,204.5,Sem Raiz,7.67,9.0,7.0,7.0,1,3,0,0
C9-R9_jpg.rf.cec848c0d68d31dd076c297222c38b57.png,19,385.1,226.5,Normal,14.41,16.0,13.0,23.0,0,0,0,2
C9-R9_jpg.rf.cec848c0d68d31dd076c297222c38b57.png,20,417.5,246.2,Normal,91.57,88.0,77.0,94.0,0,0,0,5
C9-R9_jpg.rf.cec848c0d68d31dd076c297222c38b57.png,21,463.6,262.0,Sem Hipocótilo,75.26,74.0,71.0,78.0,0,0,0,0
C9-R9_jpg.rf.cec848c0d68d31dd076c297222c38b57.png,22,489.2,240.4,Sem Hipocótilo,48.35,47.0,42.0,48.0,0,0,0,0
C9-R9_jpg.rf.cec848c0d68d31dd076c297222c38b57.png,23,505.7,200.8,Sem Raiz,25.2,26.0,22.0,29.0,0,3,0,1
C9-R9_jpg.rf.cec848c0d68d31dd076c297222c38b57.png,24,539.5,236.2,Normal,104.55,94.0,85.0,96.0,0,0,0,0
C9-R9_jpg.rf.cec848c0d68d31dd076c297222c38b57.png,25,232.4,315.4,Normal,118.92,113.0,108.0,118.0,0,0,0,4
C9-R9_jpg.rf.cec848c0d68d31dd076c297222c38b57.png,26,270.7,297.7,Normal,63.44,57.0,52.0,62.0,0,0,0,1
C9-R9_jpg.rf.cec848c0d68d31dd076c297222c38b57.png,27,309.6,344.5,Normal,68.18,65.0,59.0,66.0,0,4,0,3
C9-R9_jpg.rf.cec848c0d68d31dd076c297222c38b57.png,28,349.7,337.3,Normal,141.39,131.0,125.0,142.0,0,0,0,6
C9-R9_jpg.rf.cec848c0d68d31dd076c297222c38b57.png,29,383.4,322.8,Normal,104.35,99.0,86.0,100.0,0,4,0,6
C9-R9_jpg.rf.cec848c0d68d31dd076c297222c38b57.png,30,428.3,342.6,Normal,142.39,132.0,122.0,135.0,0,0,0,0
C9-R9_jpg.rf.cec848c0d68d31dd076c297222c38b57.png,31,507.4,330.0,Normal,89.96,86.0,81.0,91.0,0,0,0,3
C9-R9_jpg.rf.cec848c0d68d31dd076c297222c38b57.png,32,100.4,381.4,Normal,102.06,98.0,95.0,108.0,0,0,0,3
C9-R9_jpg.rf.cec848c0d68d31dd076c297222c38b57.png,33,138.3,380.6,Normal,36.52,32.0,30.0,38.0,0,0,0,3
C9-R9_jpg.rf.cec848c0d68d31dd076c297222c38b57.png,34,166.4,386.3,Normal,119.09,104.0,99.0,111.0,0,0,0,2
C9-R9_jpg.rf.cec848c0d68d31dd076c297222c38b57.png,35,196.7,412.0,Normal,121.2,116.0,116.0,120.0,0,0,0,1
C9-R9_jpg.rf.cec848c0d68d31dd076c297222c38b57.png,36,284.1,418.5,Normal,140.44,138.0,133.0,145.0,0,0,0,2
C9-R9_jpg.rf.cec848c0d68d31dd076c297222c38b57.png,37,310.8,431.9,Normal,99.87,88.0,82.0,93.0,0,0,0,3
C9-R9_jpg.rf.cec848c0d68d31dd076c297222c38b57.png,38,467.4,391.6,Normal,121.37,117.0,110.0,119.0,0,0,0,1
C9-R9_jpg.rf.cec848c0d68d31dd076c297222c38b57.png,39,551.8,360.5,Normal,152.64,144.0,136.0,150.0,0,0,0,1
C9-R9_jpg.rf.cec848c0d68d31dd076c297222c38b57.png,40,104.7,515.8,Normal,99.18,92.0,90.0,95.0,0,0,0,1
C9-R9_jpg.rf.cec848c0d68d31dd076c297222c38b57.png,41,215.6,516.1,Normal,147.29,143.0,136.0,150.0,1,1,0,2
C9-R9_jpg.rf.cec848c0d68d31dd076c297222c38b57.png,42,244.6,448.8,Normal,140.75,129.0,127.0,136.0,0,0,0,4
C9-R9_jpg.rf.cec848c0d68d31dd076c297222c38b57.png,43,360.3,477.2,Sem Raiz,35.27,33.0,32.0,36.0,0,0,0,3
C9-R9_jpg.rf.cec848c0d68d31dd076c297222c38b57.png,44,386.6,453.1,Normal,118.78,112.0,106.0,119.0,0,0,0,4
C9-R9_jpg.rf.cec848c0d68d31dd076c297222c38b57.png,45,406.5,518.9,Normal,143.23,139.0,134.0,148.0,0,1,0,3
C9-R9_jpg.rf.cec848c0d68d31dd076c297222c38b57.png,46,436.3,455.7,Normal,98.95,96.0,86.0,103.0,0,4,0,5
C9-R9_jpg.rf.cec848c0d68d31dd076c297222c38b57.png,47,500.9,514.4,Normal,108.97,102.0,96.0,109.0,0,3,1,5
C9-R9_jpg.rf.cec848c0d68d31dd076c297222c38b57.png,48,575.9,452.5,Normal,132.3,118.0,110.0,126.0,0,3,0,2
C9-R9_jpg.rf.cec848c0d68d31dd076c297222c38b57.png,49,152.8,530.7,Normal,82.69,80.0,74.0,92.0,2,4,0,4
C9-R9_jpg.rf.cec848c0d68d31dd076c297222c38b57.png,50,275.5,540.8,Normal,111.75,105.0,96.0,109.0,0,0,0,1
C9-R9_jpg.rf.cec848c0d68d31dd076c297222c38b57.png,51,321.7,530.8,Normal,69.1,64.0,57.0,67.0,1,4,0,4
C9-R9_jpg.rf.cec848c0d68d31dd076c297222c38b57.png,52,364.6,534.7,Sem Hipocótilo,55.73,54.0,51.0,54.0,0,0,0,0
C9-R9_jpg.rf.cec848c0d68d31dd076c297222c38b57.png,53,449.4,530.2,Normal,118.91,119.0,115.0,121.0,0,1,0,2
C9-R9_jpg.rf.cec848c0d68d31dd076c297222c38b57.png,54,534.9,529.5,Normal,119.39,114.0,112.0,119.0,0,0,0,0
